id,question,category,answer,recommended_products,seo_title
Q001,猫咪不吃猫粮怎么办（新手养猫）,新手养猫,常见与换粮太快有关，建议先观察精神与食欲，调整喂养节奏并做好环境管理，若持续48小时无改善建议就医。,益生菌|慢食碗,猫咪不吃猫粮怎么办 新手养猫
Q002,猫咪软便拉稀怎么办（新手养猫）,新手养猫,常见与搬家应激有关，建议先观察精神与食欲，调整喂养节奏并做好环境管理，若持续48小时无改善建议就医。,慢食碗|自动饮水机,猫咪软便拉稀怎么办 新手养猫
Q003,猫咪频繁呕吐怎么办（新手养猫）,新手养猫,常见与清洁不到位有关，建议先观察精神与食欲，调整喂养节奏并做好环境管理，若持续48小时无改善建议就医。,自动饮水机|豆腐猫砂,猫咪频繁呕吐怎么办 新手养猫
Q004,猫咪掉毛严重怎么办（新手养猫）,新手养猫,常见与运动不足有关，建议先观察精神与食欲，调整喂养节奏并做好环境管理，若持续48小时无改善建议就医。,豆腐猫砂|矿砂,猫咪掉毛严重怎么办 新手养猫
Q005,猫咪黑下巴反复怎么办（新手养猫）,新手养猫,常见与饮水不足有关，建议先观察精神与食欲，调整喂养节奏并做好环境管理，若持续48小时无改善建议就医。,矿砂|猫抓板,猫咪黑下巴反复怎么办 新手养猫
Q006,猫咪泪痕明显怎么办（新手养猫）,新手养猫,常见与作息打乱有关，建议先观察精神与食欲，调整喂养节奏并做好环境管理，若持续48小时无改善建议就医。,猫抓板|逗猫棒,猫咪泪痕明显怎么办 新手养猫
Q007,猫咪半夜跑酷怎么办（新手养猫）,新手养猫,常见与猫砂不适应有关，建议先观察精神与食欲，调整喂养节奏并做好环境管理，若持续48小时无改善建议就医。,逗猫棒|费洛蒙喷雾,猫咪半夜跑酷怎么办 新手养猫
Q008,猫咪抓沙发怎么办（新手养猫）,新手养猫,常见与新猫加入有关，建议先观察精神与食欲，调整喂养节奏并做好环境管理，若持续48小时无改善建议就医。,费洛蒙喷雾|化毛膏,猫咪抓沙发怎么办 新手养猫
Q009,猫咪乱尿怎么办（新手养猫）,新手养猫,常见与季节变化有关，建议先观察精神与食欲，调整喂养节奏并做好环境管理，若持续48小时无改善建议就医。,化毛膏|鱼油,猫咪乱尿怎么办 新手养猫
Q010,猫咪应激躲藏怎么办（新手养猫）,新手养猫,常见与零食过量有关，建议先观察精神与食欲，调整喂养节奏并做好环境管理，若持续48小时无改善建议就医。,鱼油|益生菌,猫咪应激躲藏怎么办 新手养猫
Q011,猫咪口臭怎么办（新手养猫）,新手养猫,常见与换粮太快有关，建议先观察精神与食欲，调整喂养节奏并做好环境管理，若持续48小时无改善建议就医。,益生菌|慢食碗,猫咪口臭怎么办 新手养猫
Q012,猫咪体重下降怎么办（新手养猫）,新手养猫,常见与搬家应激有关，建议先观察精神与食欲，调整喂养节奏并做好环境管理，若持续48小时无改善建议就医。,慢食碗|自动饮水机,猫咪体重下降怎么办 新手养猫
Q013,猫咪喝水太少怎么办（新手养猫）,新手养猫,常见与清洁不到位有关，建议先观察精神与食欲，调整喂养节奏并做好环境管理，若持续48小时无改善建议就医。,自动饮水机|豆腐猫砂,猫咪喝水太少怎么办 新手养猫
Q014,猫咪便秘怎么办（新手养猫）,新手养猫,常见与运动不足有关，建议先观察精神与食欲，调整喂养节奏并做好环境管理，若持续48小时无改善建议就医。,豆腐猫砂|矿砂,猫咪便秘怎么办 新手养猫
Q015,猫咪舔毛过度怎么办（新手养猫）,新手养猫,常见与饮水不足有关，建议先观察精神与食欲，调整喂养节奏并做好环境管理，若持续48小时无改善建议就医。,矿砂|猫抓板,猫咪舔毛过度怎么办 新手养猫
Q016,猫咪不吃猫粮怎么办（饮食喂养）,饮食喂养,常见与作息打乱有关，建议先观察精神与食欲，调整喂养节奏并做好环境管理，若持续48小时无改善建议就医。,猫抓板|逗猫棒,猫咪不吃猫粮怎么办 饮食喂养
Q017,猫咪软便拉稀怎么办（饮食喂养）,饮食喂养,常见与猫砂不适应有关，建议先观察精神与食欲，调整喂养节奏并做好环境管理，若持续48小时无改善建议就医。,逗猫棒|费洛蒙喷雾,猫咪软便拉稀怎么办 饮食喂养
Q018,猫咪频繁呕吐怎么办（饮食喂养）,饮食喂养,常见与新猫加入有关，建议先观察精神与食欲，调整喂养节奏并做好环境管理，若持续48小时无改善建议就医。,费洛蒙喷雾|化毛膏,猫咪频繁呕吐怎么办 饮食喂养
Q019,猫咪掉毛严重怎么办（饮食喂养）,饮食喂养,常见与季节变化有关，建议先观察精神与食欲，调整喂养节奏并做好环境管理，若持续48小时无改善建议就医。,化毛膏|鱼油,猫咪掉毛严重怎么办 饮食喂养
Q020,猫咪黑下巴反复怎么办（饮食喂养）,饮食喂养,常见与零食过量有关，建议先观察精神与食欲，调整喂养节奏并做好环境管理，若持续48小时无改善建议就医。,鱼油|益生菌,猫咪黑下巴反复怎么办 饮食喂养
Q021,猫咪泪痕明显怎么办（饮食喂养）,饮食喂养,常见与换粮太快有关，建议先观察精神与食欲，调整喂养节奏并做好环境管理，若持续48小时无改善建议就医。,益生菌|慢食碗,猫咪泪痕明显怎么办 饮食喂养
Q022,猫咪半夜跑酷怎么办（饮食喂养）,饮食喂养,常见与搬家应激有关，建议先观察精神与食欲，调整喂养节奏并做好环境管理，若持续48小时无改善建议就医。,慢食碗|自动饮水机,猫咪半夜跑酷怎么办 饮食喂养
Q023,猫咪抓沙发怎么办（饮食喂养）,饮食喂养,常见与清洁不到位有关，建议先观察精神与食欲，调整喂养节奏并做好环境管理，若持续48小时无改善建议就医。,自动饮水机|豆腐猫砂,猫咪抓沙发怎么办 饮食喂养
Q024,猫咪乱尿怎么办（饮食喂养）,饮食喂养,常见与运动不足有关，建议先观察精神与食欲，调整喂养节奏并做好环境管理，若持续48小时无改善建议就医。,豆腐猫砂|矿砂,猫咪乱尿怎么办 饮食喂养
Q025,猫咪应激躲藏怎么办（饮食喂养）,饮食喂养,常见与饮水不足有关，建议先观察精神与食欲，调整喂养节奏并做好环境管理，若持续48小时无改善建议就医。,矿砂|猫抓板,猫咪应激躲藏怎么办 饮食喂养
Q026,猫咪口臭怎么办（饮食喂养）,饮食喂养,常见与作息打乱有关，建议先观察精神与食欲，调整喂养节奏并做好环境管理，若持续48小时无改善建议就医。,猫抓板|逗猫棒,猫咪口臭怎么办 饮食喂养
Q027,猫咪体重下降怎么办（饮食喂养）,饮食喂养,常见与猫砂不适应有关，建议先观察精神与食欲，调整喂养节奏并做好环境管理，若持续48小时无改善建议就医。,逗猫棒|费洛蒙喷雾,猫咪体重下降怎么办 饮食喂养
Q028,猫咪喝水太少怎么办（饮食喂养）,饮食喂养,常见与新猫加入有关，建议先观察精神与食欲，调整喂养节奏并做好环境管理，若持续48小时无改善建议就医。,费洛蒙喷雾|化毛膏,猫咪喝水太少怎么办 饮食喂养
Q029,猫咪便秘怎么办（饮食喂养）,饮食喂养,常见与季节变化有关，建议先观察精神与食欲，调整喂养节奏并做好环境管理，若持续48小时无改善建议就医。,化毛膏|鱼油,猫咪便秘怎么办 饮食喂养
Q030,猫咪舔毛过度怎么办（饮食喂养）,饮食喂养,常见与零食过量有关，建议先观察精神与食欲，调整喂养节奏并做好环境管理，若持续48小时无改善建议就医。,鱼油|益生菌,猫咪舔毛过度怎么办 饮食喂养
Q031,猫咪不吃猫粮怎么办（肠胃问题）,肠胃问题,常见与换粮太快有关，建议先观察精神与食欲，调整喂养节奏并做好环境管理，若持续48小时无改善建议就医。,益生菌|慢食碗,猫咪不吃猫粮怎么办 肠胃问题
Q032,猫咪软便拉稀怎么办（肠胃问题）,肠胃问题,常见与搬家应激有关，建议先观察精神与食欲，调整喂养节奏并做好环境管理，若持续48小时无改善建议就医。,慢食碗|自动饮水机,猫咪软便拉稀怎么办 肠胃问题
Q033,猫咪频繁呕吐怎么办（肠胃问题）,肠胃问题,常见与清洁不到位有关，建议先观察精神与食欲，调整喂养节奏并做好环境管理，若持续48小时无改善建议就医。,自动饮水机|豆腐猫砂,猫咪频繁呕吐怎么办 肠胃问题
Q034,猫咪掉毛严重怎么办（肠胃问题）,肠胃问题,常见与运动不足有关，建议先观察精神与食欲，调整喂养节奏并做好环境管理，若持续48小时无改善建议就医。,豆腐猫砂|矿砂,猫咪掉毛严重怎么办 肠胃问题
Q035,猫咪黑下巴反复怎么办（肠胃问题）,肠胃问题,常见与饮水不足有关，建议先观察精神与食欲，调整喂养节奏并做好环境管理，若持续48小时无改善建议就医。,矿砂|猫抓板,猫咪黑下巴反复怎么办 肠胃问题
Q036,猫咪泪痕明显怎么办（肠胃问题）,肠胃问题,常见与作息打乱有关，建议先观察精神与食欲，调整喂养节奏并做好环境管理，若持续48小时无改善建议就医。,猫抓板|逗猫棒,猫咪泪痕明显怎么办 肠胃问题
Q037,猫咪半夜跑酷怎么办（肠胃问题）,肠胃问题,常见与猫砂不适应有关，建议先观察精神与食欲，调整喂养节奏并做好环境管理，若持续48小时无改善建议就医。,逗猫棒|费洛蒙喷雾,猫咪半夜跑酷怎么办 肠胃问题
Q038,猫咪抓沙发怎么办（肠胃问题）,肠胃问题,常见与新猫加入有关，建议先观察精神与食欲，调整喂养节奏并做好环境管理，若持续48小时无改善建议就医。,费洛蒙喷雾|化毛膏,猫咪抓沙发怎么办 肠胃问题
Q039,猫咪乱尿怎么办（肠胃问题）,肠胃问题,常见与季节变化有关，建议先观察精神与食欲，调整喂养节奏并做好环境管理，若持续48小时无改善建议就医。,化毛膏|鱼油,猫咪乱尿怎么办 肠胃问题
Q040,猫咪应激躲藏怎么办（肠胃问题）,肠胃问题,常见与零食过量有关，建议先观察精神与食欲，调整喂养节奏并做好环境管理，若持续48小时无改善建议就医。,鱼油|益生菌,猫咪应激躲藏怎么办 肠胃问题
Q041,猫咪口臭怎么办（肠胃问题）,肠胃问题,常见与换粮太快有关，建议先观察精神与食欲，调整喂养节奏并做好环境管理，若持续48小时无改善建议就医。,益生菌|慢食碗,猫咪口臭怎么办 肠胃问题
Q042,猫咪体重下降怎么办（肠胃问题）,肠胃问题,常见与搬家应激有关，建议先观察精神与食欲，调整喂养节奏并做好环境管理，若持续48小时无改善建议就医。,慢食碗|自动饮水机,猫咪体重下降怎么办 肠胃问题
Q043,猫咪喝水太少怎么办（肠胃问题）,肠胃问题,常见与清洁不到位有关，建议先观察精神与食欲，调整喂养节奏并做好环境管理，若持续48小时无改善建议就医。,自动饮水机|豆腐猫砂,猫咪喝水太少怎么办 肠胃问题
Q044,猫咪便秘怎么办（肠胃问题）,肠胃问题,常见与运动不足有关，建议先观察精神与食欲，调整喂养节奏并做好环境管理，若持续48小时无改善建议就医。,豆腐猫砂|矿砂,猫咪便秘怎么办 肠胃问题
Q045,猫咪舔毛过度怎么办（肠胃问题）,肠胃问题,常见与饮水不足有关，建议先观察精神与食欲，调整喂养节奏并做好环境管理，若持续48小时无改善建议就医。,矿砂|猫抓板,猫咪舔毛过度怎么办 肠胃问题
Q046,猫咪不吃猫粮怎么办（日常护理）,日常护理,常见与作息打乱有关，建议先观察精神与食欲，调整喂养节奏并做好环境管理，若持续48小时无改善建议就医。,猫抓板|逗猫棒,猫咪不吃猫粮怎么办 日常护理
Q047,猫咪软便拉稀怎么办（日常护理）,日常护理,常见与猫砂不适应有关，建议先观察精神与食欲，调整喂养节奏并做好环境管理，若持续48小时无改善建议就医。,逗猫棒|费洛蒙喷雾,猫咪软便拉稀怎么办 日常护理
Q048,猫咪频繁呕吐怎么办（日常护理）,日常护理,常见与新猫加入有关，建议先观察精神与食欲，调整喂养节奏并做好环境管理，若持续48小时无改善建议就医。,费洛蒙喷雾|化毛膏,猫咪频繁呕吐怎么办 日常护理
Q049,猫咪掉毛严重怎么办（日常护理）,日常护理,常见与季节变化有关，建议先观察精神与食欲，调整喂养节奏并做好环境管理，若持续48小时无改善建议就医。,化毛膏|鱼油,猫咪掉毛严重怎么办 日常护理
Q050,猫咪黑下巴反复怎么办（日常护理）,日常护理,常见与零食过量有关，建议先观察精神与食欲，调整喂养节奏并做好环境管理，若持续48小时无改善建议就医。,鱼油|益生菌,猫咪黑下巴反复怎么办 日常护理
Q051,猫咪泪痕明显怎么办（日常护理）,日常护理,常见与换粮太快有关，建议先观察精神与食欲，调整喂养节奏并做好环境管理，若持续48小时无改善建议就医。,益生菌|慢食碗,猫咪泪痕明显怎么办 日常护理
Q052,猫咪半夜跑酷怎么办（日常护理）,日常护理,常见与搬家应激有关，建议先观察精神与食欲，调整喂养节奏并做好环境管理，若持续48小时无改善建议就医。,慢食碗|自动饮水机,猫咪半夜跑酷怎么办 日常护理
Q053,猫咪抓沙发怎么办（日常护理）,日常护理,常见与清洁不到位有关，建议先观察精神与食欲，调整喂养节奏并做好环境管理，若持续48小时无改善建议就医。,自动饮水机|豆腐猫砂,猫咪抓沙发怎么办 日常护理
Q054,猫咪乱尿怎么办（日常护理）,日常护理,常见与运动不足有关，建议先观察精神与食欲，调整喂养节奏并做好环境管理，若持续48小时无改善建议就医。,豆腐猫砂|矿砂,猫咪乱尿怎么办 日常护理
Q055,猫咪应激躲藏怎么办（日常护理）,日常护理,常见与饮水不足有关，建议先观察精神与食欲，调整喂养节奏并做好环境管理，若持续48小时无改善建议就医。,矿砂|猫抓板,猫咪应激躲藏怎么办 日常护理
Q056,猫咪口臭怎么办（日常护理）,日常护理,常见与作息打乱有关，建议先观察精神与食欲，调整喂养节奏并做好环境管理，若持续48小时无改善建议就医。,猫抓板|逗猫棒,猫咪口臭怎么办 日常护理
Q057,猫咪体重下降怎么办（日常护理）,日常护理,常见与猫砂不适应有关，建议先观察精神与食欲，调整喂养节奏并做好环境管理，若持续48小时无改善建议就医。,逗猫棒|费洛蒙喷雾,猫咪体重下降怎么办 日常护理
Q058,猫咪喝水太少怎么办（日常护理）,日常护理,常见与新猫加入有关，建议先观察精神与食欲，调整喂养节奏并做好环境管理，若持续48小时无改善建议就医。,费洛蒙喷雾|化毛膏,猫咪喝水太少怎么办 日常护理
Q059,猫咪便秘怎么办（日常护理）,日常护理,常见与季节变化有关，建议先观察精神与食欲，调整喂养节奏并做好环境管理，若持续48小时无改善建议就医。,化毛膏|鱼油,猫咪便秘怎么办 日常护理
Q060,猫咪舔毛过度怎么办（日常护理）,日常护理,常见与零食过量有关，建议先观察精神与食欲，调整喂养节奏并做好环境管理，若持续48小时无改善建议就医。,鱼油|益生菌,猫咪舔毛过度怎么办 日常护理
Q061,猫咪不吃猫粮怎么办（行为问题）,行为问题,常见与换粮太快有关，建议先观察精神与食欲，调整喂养节奏并做好环境管理，若持续48小时无改善建议就医。,益生菌|慢食碗,猫咪不吃猫粮怎么办 行为问题
Q062,猫咪软便拉稀怎么办（行为问题）,行为问题,常见与搬家应激有关，建议先观察精神与食欲，调整喂养节奏并做好环境管理，若持续48小时无改善建议就医。,慢食碗|自动饮水机,猫咪软便拉稀怎么办 行为问题
Q063,猫咪频繁呕吐怎么办（行为问题）,行为问题,常见与清洁不到位有关，建议先观察精神与食欲，调整喂养节奏并做好环境管理，若持续48小时无改善建议就医。,自动饮水机|豆腐猫砂,猫咪频繁呕吐怎么办 行为问题
Q064,猫咪掉毛严重怎么办（行为问题）,行为问题,常见与运动不足有关，建议先观察精神与食欲，调整喂养节奏并做好环境管理，若持续48小时无改善建议就医。,豆腐猫砂|矿砂,猫咪掉毛严重怎么办 行为问题
Q065,猫咪黑下巴反复怎么办（行为问题）,行为问题,常见与饮水不足有关，建议先观察精神与食欲，调整喂养节奏并做好环境管理，若持续48小时无改善建议就医。,矿砂|猫抓板,猫咪黑下巴反复怎么办 行为问题
Q066,猫咪泪痕明显怎么办（行为问题）,行为问题,常见与作息打乱有关，建议先观察精神与食欲，调整喂养节奏并做好环境管理，若持续48小时无改善建议就医。,猫抓板|逗猫棒,猫咪泪痕明显怎么办 行为问题
Q067,猫咪半夜跑酷怎么办（行为问题）,行为问题,常见与猫砂不适应有关，建议先观察精神与食欲，调整喂养节奏并做好环境管理，若持续48小时无改善建议就医。,逗猫棒|费洛蒙喷雾,猫咪半夜跑酷怎么办 行为问题
Q068,猫咪抓沙发怎么办（行为问题）,行为问题,常见与新猫加入有关，建议先观察精神与食欲，调整喂养节奏并做好环境管理，若持续48小时无改善建议就医。,费洛蒙喷雾|化毛膏,猫咪抓沙发怎么办 行为问题
Q069,猫咪乱尿怎么办（行为问题）,行为问题,常见与季节变化有关，建议先观察精神与食欲，调整喂养节奏并做好环境管理，若持续48小时无改善建议就医。,化毛膏|鱼油,猫咪乱尿怎么办 行为问题
Q070,猫咪应激躲藏怎么办（行为问题）,行为问题,常见与零食过量有关，建议先观察精神与食欲，调整喂养节奏并做好环境管理，若持续48小时无改善建议就医。,鱼油|益生菌,猫咪应激躲藏怎么办 行为问题
Q071,猫咪口臭怎么办（行为问题）,行为问题,常见与换粮太快有关，建议先观察精神与食欲，调整喂养节奏并做好环境管理，若持续48小时无改善建议就医。,益生菌|慢食碗,猫咪口臭怎么办 行为问题
Q072,猫咪体重下降怎么办（行为问题）,行为问题,常见与搬家应激有关，建议先观察精神与食欲，调整喂养节奏并做好环境管理，若持续48小时无改善建议就医。,慢食碗|自动饮水机,猫咪体重下降怎么办 行为问题
Q073,猫咪喝水太少怎么办（行为问题）,行为问题,常见与清洁不到位有关，建议先观察精神与食欲，调整喂养节奏并做好环境管理，若持续48小时无改善建议就医。,自动饮水机|豆腐猫砂,猫咪喝水太少怎么办 行为问题
Q074,猫咪便秘怎么办（行为问题）,行为问题,常见与运动不足有关，建议先观察精神与食欲，调整喂养节奏并做好环境管理，若持续48小时无改善建议就医。,豆腐猫砂|矿砂,猫咪便秘怎么办 行为问题
Q075,猫咪舔毛过度怎么办（行为问题）,行为问题,常见与饮水不足有关，建议先观察精神与食欲，调整喂养节奏并做好环境管理，若持续48小时无改善建议就医。,矿砂|猫抓板,猫咪舔毛过度怎么办 行为问题
Q076,猫咪不吃猫粮怎么办（健康就医）,健康就医,常见与作息打乱有关，建议先观察精神与食欲，调整喂养节奏并做好环境管理，若持续48小时无改善建议就医。,猫抓板|逗猫棒,猫咪不吃猫粮怎么办 健康就医
Q077,猫咪软便拉稀怎么办（健康就医）,健康就医,常见与猫砂不适应有关，建议先观察精神与食欲，调整喂养节奏并做好环境管理，若持续48小时无改善建议就医。,逗猫棒|费洛蒙喷雾,猫咪软便拉稀怎么办 健康就医
Q078,猫咪频繁呕吐怎么办（健康就医）,健康就医,常见与新猫加入有关，建议先观察精神与食欲，调整喂养节奏并做好环境管理，若持续48小时无改善建议就医。,费洛蒙喷雾|化毛膏,猫咪频繁呕吐怎么办 健康就医
Q079,猫咪掉毛严重怎么办（健康就医）,健康就医,常见与季节变化有关，建议先观察精神与食欲，调整喂养节奏并做好环境管理，若持续48小时无改善建议就医。,化毛膏|鱼油,猫咪掉毛严重怎么办 健康就医
Q080,猫咪黑下巴反复怎么办（健康就医）,健康就医,常见与零食过量有关，建议先观察精神与食欲，调整喂养节奏并做好环境管理，若持续48小时无改善建议就医。,鱼油|益生菌,猫咪黑下巴反复怎么办 健康就医
Q081,猫咪泪痕明显怎么办（健康就医）,健康就医,常见与换粮太快有关，建议先观察精神与食欲，调整喂养节奏并做好环境管理，若持续48小时无改善建议就医。,益生菌|慢食碗,猫咪泪痕明显怎么办 健康就医
Q082,猫咪半夜跑酷怎么办（健康就医）,健康就医,常见与搬家应激有关，建议先观察精神与食欲，调整喂养节奏并做好环境管理，若持续48小时无改善建议就医。,慢食碗|自动饮水机,猫咪半夜跑酷怎么办 健康就医
Q083,猫咪抓沙发怎么办（健康就医）,健康就医,常见与清洁不到位有关，建议先观察精神与食欲，调整喂养节奏并做好环境管理，若持续48小时无改善建议就医。,自动饮水机|豆腐猫砂,猫咪抓沙发怎么办 健康就医
Q084,猫咪乱尿怎么办（健康就医）,健康就医,常见与运动不足有关，建议先观察精神与食欲，调整喂养节奏并做好环境管理，若持续48小时无改善建议就医。,豆腐猫砂|矿砂,猫咪乱尿怎么办 健康就医
Q085,猫咪应激躲藏怎么办（健康就医）,健康就医,常见与饮水不足有关，建议先观察精神与食欲，调整喂养节奏并做好环境管理，若持续48小时无改善建议就医。,矿砂|猫抓板,猫咪应激躲藏怎么办 健康就医
Q086,猫咪口臭怎么办（健康就医）,健康就医,常见与作息打乱有关，建议先观察精神与食欲，调整喂养节奏并做好环境管理，若持续48小时无改善建议就医。,猫抓板|逗猫棒,猫咪口臭怎么办 健康就医
Q087,猫咪体重下降怎么办（健康就医）,健康就医,常见与猫砂不适应有关，建议先观察精神与食欲，调整喂养节奏并做好环境管理，若持续48小时无改善建议就医。,逗猫棒|费洛蒙喷雾,猫咪体重下降怎么办 健康就医
Q088,猫咪喝水太少怎么办（健康就医）,健康就医,常见与新猫加入有关，建议先观察精神与食欲，调整喂养节奏并做好环境管理，若持续48小时无改善建议就医。,费洛蒙喷雾|化毛膏,猫咪喝水太少怎么办 健康就医
Q089,猫咪便秘怎么办（健康就医）,健康就医,常见与季节变化有关，建议先观察精神与食欲，调整喂养节奏并做好环境管理，若持续48小时无改善建议就医。,化毛膏|鱼油,猫咪便秘怎么办 健康就医
Q090,猫咪舔毛过度怎么办（健康就医）,健康就医,常见与零食过量有关，建议先观察精神与食欲，调整喂养节奏并做好环境管理，若持续48小时无改善建议就医。,鱼油|益生菌,猫咪舔毛过度怎么办 健康就医
Q091,猫咪不吃猫粮怎么办（环境布置）,环境布置,常见与换粮太快有关，建议先观察精神与食欲，调整喂养节奏并做好环境管理，若持续48小时无改善建议就医。,益生菌|慢食碗,猫咪不吃猫粮怎么办 环境布置
Q092,猫咪软便拉稀怎么办（环境布置）,环境布置,常见与搬家应激有关，建议先观察精神与食欲，调整喂养节奏并做好环境管理，若持续48小时无改善建议就医。,慢食碗|自动饮水机,猫咪软便拉稀怎么办 环境布置
Q093,猫咪频繁呕吐怎么办（环境布置）,环境布置,常见与清洁不到位有关，建议先观察精神与食欲，调整喂养节奏并做好环境管理，若持续48小时无改善建议就医。,自动饮水机|豆腐猫砂,猫咪频繁呕吐怎么办 环境布置
Q094,猫咪掉毛严重怎么办（环境布置）,环境布置,常见与运动不足有关，建议先观察精神与食欲，调整喂养节奏并做好环境管理，若持续48小时无改善建议就医。,豆腐猫砂|矿砂,猫咪掉毛严重怎么办 环境布置
Q095,猫咪黑下巴反复怎么办（环境布置）,环境布置,常见与饮水不足有关，建议先观察精神与食欲，调整喂养节奏并做好环境管理，若持续48小时无改善建议就医。,矿砂|猫抓板,猫咪黑下巴反复怎么办 环境布置
Q096,猫咪泪痕明显怎么办（环境布置）,环境布置,常见与作息打乱有关，建议先观察精神与食欲，调整喂养节奏并做好环境管理，若持续48小时无改善建议就医。,猫抓板|逗猫棒,猫咪泪痕明显怎么办 环境布置
Q097,猫咪半夜跑酷怎么办（环境布置）,环境布置,常见与猫砂不适应有关，建议先观察精神与食欲，调整喂养节奏并做好环境管理，若持续48小时无改善建议就医。,逗猫棒|费洛蒙喷雾,猫咪半夜跑酷怎么办 环境布置
Q098,猫咪抓沙发怎么办（环境布置）,环境布置,常见与新猫加入有关，建议先观察精神与食欲，调整喂养节奏并做好环境管理，若持续48小时无改善建议就医。,费洛蒙喷雾|化毛膏,猫咪抓沙发怎么办 环境布置
Q099,猫咪乱尿怎么办（环境布置）,环境布置,常见与季节变化有关，建议先观察精神与食欲，调整喂养节奏并做好环境管理，若持续48小时无改善建议就医。,化毛膏|鱼油,猫咪乱尿怎么办 环境布置
Q100,猫咪应激躲藏怎么办（环境布置）,环境布置,常见与零食过量有关，建议先观察精神与食欲，调整喂养节奏并做好环境管理，若持续48小时无改善建议就医。,鱼油|益生菌,猫咪应激躲藏怎么办 环境布置
Q101,猫咪口臭怎么办（环境布置）,环境布置,常见与换粮太快有关，建议先观察精神与食欲，调整喂养节奏并做好环境管理，若持续48小时无改善建议就医。,益生菌|慢食碗,猫咪口臭怎么办 环境布置
Q102,猫咪体重下降怎么办（环境布置）,环境布置,常见与搬家应激有关，建议先观察精神与食欲，调整喂养节奏并做好环境管理，若持续48小时无改善建议就医。,慢食碗|自动饮水机,猫咪体重下降怎么办 环境布置
Q103,猫咪喝水太少怎么办（环境布置）,环境布置,常见与清洁不到位有关，建议先观察精神与食欲，调整喂养节奏并做好环境管理，若持续48小时无改善建议就医。,自动饮水机|豆腐猫砂,猫咪喝水太少怎么办 环境布置
Q104,猫咪便秘怎么办（环境布置）,环境布置,常见与运动不足有关，建议先观察精神与食欲，调整喂养节奏并做好环境管理，若持续48小时无改善建议就医。,豆腐猫砂|矿砂,猫咪便秘怎么办 环境布置
Q105,猫咪舔毛过度怎么办（环境布置）,环境布置,常见与饮水不足有关，建议先观察精神与食欲，调整喂养节奏并做好环境管理，若持续48小时无改善建议就医。,矿砂|猫抓板,猫咪舔毛过度怎么办 环境布置
Q106,猫咪不吃猫粮怎么办（多猫家庭）,多猫家庭,常见与作息打乱有关，建议先观察精神与食欲，调整喂养节奏并做好环境管理，若持续48小时无改善建议就医。,猫抓板|逗猫棒,猫咪不吃猫粮怎么办 多猫家庭
Q107,猫咪软便拉稀怎么办（多猫家庭）,多猫家庭,常见与猫砂不适应有关，建议先观察精神与食欲，调整喂养节奏并做好环境管理，若持续48小时无改善建议就医。,逗猫棒|费洛蒙喷雾,猫咪软便拉稀怎么办 多猫家庭
Q108,猫咪频繁呕吐怎么办（多猫家庭）,多猫家庭,常见与新猫加入有关，建议先观察精神与食欲，调整喂养节奏并做好环境管理，若持续48小时无改善建议就医。,费洛蒙喷雾|化毛膏,猫咪频繁呕吐怎么办 多猫家庭
Q109,猫咪掉毛严重怎么办（多猫家庭）,多猫家庭,常见与季节变化有关，建议先观察精神与食欲，调整喂养节奏并做好环境管理，若持续48小时无改善建议就医。,化毛膏|鱼油,猫咪掉毛严重怎么办 多猫家庭
Q110,猫咪黑下巴反复怎么办（多猫家庭）,多猫家庭,常见与零食过量有关，建议先观察精神与食欲，调整喂养节奏并做好环境管理，若持续48小时无改善建议就医。,鱼油|益生菌,猫咪黑下巴反复怎么办 多猫家庭
Q111,猫咪泪痕明显怎么办（多猫家庭）,多猫家庭,常见与换粮太快有关，建议先观察精神与食欲，调整喂养节奏并做好环境管理，若持续48小时无改善建议就医。,益生菌|慢食碗,猫咪泪痕明显怎么办 多猫家庭
Q112,猫咪半夜跑酷怎么办（多猫家庭）,多猫家庭,常见与搬家应激有关，建议先观察精神与食欲，调整喂养节奏并做好环境管理，若持续48小时无改善建议就医。,慢食碗|自动饮水机,猫咪半夜跑酷怎么办 多猫家庭
Q113,猫咪抓沙发怎么办（多猫家庭）,多猫家庭,常见与清洁不到位有关，建议先观察精神与食欲，调整喂养节奏并做好环境管理，若持续48小时无改善建议就医。,自动饮水机|豆腐猫砂,猫咪抓沙发怎么办 多猫家庭
Q114,猫咪乱尿怎么办（多猫家庭）,多猫家庭,常见与运动不足有关，建议先观察精神与食欲，调整喂养节奏并做好环境管理，若持续48小时无改善建议就医。,豆腐猫砂|矿砂,猫咪乱尿怎么办 多猫家庭
Q115,猫咪应激躲藏怎么办（多猫家庭）,多猫家庭,常见与饮水不足有关，建议先观察精神与食欲，调整喂养节奏并做好环境管理，若持续48小时无改善建议就医。,矿砂|猫抓板,猫咪应激躲藏怎么办 多猫家庭
Q116,猫咪口臭怎么办（多猫家庭）,多猫家庭,常见与作息打乱有关，建议先观察精神与食欲，调整喂养节奏并做好环境管理，若持续48小时无改善建议就医。,猫抓板|逗猫棒,猫咪口臭怎么办 多猫家庭
Q117,猫咪体重下降怎么办（多猫家庭）,多猫家庭,常见与猫砂不适应有关，建议先观察精神与食欲，调整喂养节奏并做好环境管理，若持续48小时无改善建议就医。,逗猫棒|费洛蒙喷雾,猫咪体重下降怎么办 多猫家庭
Q118,猫咪喝水太少怎么办（多猫家庭）,多猫家庭,常见与新猫加入有关，建议先观察精神与食欲，调整喂养节奏并做好环境管理，若持续48小时无改善建议就医。,费洛蒙喷雾|化毛膏,猫咪喝水太少怎么办 多猫家庭
Q119,猫咪便秘怎么办（多猫家庭）,多猫家庭,常见与季节变化有关，建议先观察精神与食欲，调整喂养节奏并做好环境管理，若持续48小时无改善建议就医。,化毛膏|鱼油,猫咪便秘怎么办 多猫家庭
Q120,猫咪舔毛过度怎么办（多猫家庭）,多猫家庭,常见与零食过量有关，建议先观察精神与食欲，调整喂养节奏并做好环境管理，若持续48小时无改善建议就医。,鱼油|益生菌,猫咪舔毛过度怎么办 多猫家庭
Q121,猫咪不吃猫粮怎么办（幼猫照护）,幼猫照护,常见与换粮太快有关，建议先观察精神与食欲，调整喂养节奏并做好环境管理，若持续48小时无改善建议就医。,益生菌|慢食碗,猫咪不吃猫粮怎么办 幼猫照护
Q122,猫咪软便拉稀怎么办（幼猫照护）,幼猫照护,常见与搬家应激有关，建议先观察精神与食欲，调整喂养节奏并做好环境管理，若持续48小时无改善建议就医。,慢食碗|自动饮水机,猫咪软便拉稀怎么办 幼猫照护
Q123,猫咪频繁呕吐怎么办（幼猫照护）,幼猫照护,常见与清洁不到位有关，建议先观察精神与食欲，调整喂养节奏并做好环境管理，若持续48小时无改善建议就医。,自动饮水机|豆腐猫砂,猫咪频繁呕吐怎么办 幼猫照护
Q124,猫咪掉毛严重怎么办（幼猫照护）,幼猫照护,常见与运动不足有关，建议先观察精神与食欲，调整喂养节奏并做好环境管理，若持续48小时无改善建议就医。,豆腐猫砂|矿砂,猫咪掉毛严重怎么办 幼猫照护
Q125,猫咪黑下巴反复怎么办（幼猫照护）,幼猫照护,常见与饮水不足有关，建议先观察精神与食欲，调整喂养节奏并做好环境管理，若持续48小时无改善建议就医。,矿砂|猫抓板,猫咪黑下巴反复怎么办 幼猫照护
Q126,猫咪泪痕明显怎么办（幼猫照护）,幼猫照护,常见与作息打乱有关，建议先观察精神与食欲，调整喂养节奏并做好环境管理，若持续48小时无改善建议就医。,猫抓板|逗猫棒,猫咪泪痕明显怎么办 幼猫照护
Q127,猫咪半夜跑酷怎么办（幼猫照护）,幼猫照护,常见与猫砂不适应有关，建议先观察精神与食欲，调整喂养节奏并做好环境管理，若持续48小时无改善建议就医。,逗猫棒|费洛蒙喷雾,猫咪半夜跑酷怎么办 幼猫照护
Q128,猫咪抓沙发怎么办（幼猫照护）,幼猫照护,常见与新猫加入有关，建议先观察精神与食欲，调整喂养节奏并做好环境管理，若持续48小时无改善建议就医。,费洛蒙喷雾|化毛膏,猫咪抓沙发怎么办 幼猫照护
Q129,猫咪乱尿怎么办（幼猫照护）,幼猫照护,常见与季节变化有关，建议先观察精神与食欲，调整喂养节奏并做好环境管理，若持续48小时无改善建议就医。,化毛膏|鱼油,猫咪乱尿怎么办 幼猫照护
Q130,猫咪应激躲藏怎么办（幼猫照护）,幼猫照护,常见与零食过量有关，建议先观察精神与食欲，调整喂养节奏并做好环境管理，若持续48小时无改善建议就医。,鱼油|益生菌,猫咪应激躲藏怎么办 幼猫照护
Q131,猫咪口臭怎么办（幼猫照护）,幼猫照护,常见与换粮太快有关，建议先观察精神与食欲，调整喂养节奏并做好环境管理，若持续48小时无改善建议就医。,益生菌|慢食碗,猫咪口臭怎么办 幼猫照护
Q132,猫咪体重下降怎么办（幼猫照护）,幼猫照护,常见与搬家应激有关，建议先观察精神与食欲，调整喂养节奏并做好环境管理，若持续48小时无改善建议就医。,慢食碗|自动饮水机,猫咪体重下降怎么办 幼猫照护
Q133,猫咪喝水太少怎么办（幼猫照护）,幼猫照护,常见与清洁不到位有关，建议先观察精神与食欲，调整喂养节奏并做好环境管理，若持续48小时无改善建议就医。,自动饮水机|豆腐猫砂,猫咪喝水太少怎么办 幼猫照护
Q134,猫咪便秘怎么办（幼猫照护）,幼猫照护,常见与运动不足有关，建议先观察精神与食欲，调整喂养节奏并做好环境管理，若持续48小时无改善建议就医。,豆腐猫砂|矿砂,猫咪便秘怎么办 幼猫照护
Q135,猫咪舔毛过度怎么办（幼猫照护）,幼猫照护,常见与饮水不足有关，建议先观察精神与食欲，调整喂养节奏并做好环境管理，若持续48小时无改善建议就医。,矿砂|猫抓板,猫咪舔毛过度怎么办 幼猫照护
Q136,猫咪不吃猫粮怎么办（老年猫照护）,老年猫照护,常见与作息打乱有关，建议先观察精神与食欲，调整喂养节奏并做好环境管理，若持续48小时无改善建议就医。,猫抓板|逗猫棒,猫咪不吃猫粮怎么办 老年猫照护
Q137,猫咪软便拉稀怎么办（老年猫照护）,老年猫照护,常见与猫砂不适应有关，建议先观察精神与食欲，调整喂养节奏并做好环境管理，若持续48小时无改善建议就医。,逗猫棒|费洛蒙喷雾,猫咪软便拉稀怎么办 老年猫照护
Q138,猫咪频繁呕吐怎么办（老年猫照护）,老年猫照护,常见与新猫加入有关，建议先观察精神与食欲，调整喂养节奏并做好环境管理，若持续48小时无改善建议就医。,费洛蒙喷雾|化毛膏,猫咪频繁呕吐怎么办 老年猫照护
Q139,猫咪掉毛严重怎么办（老年猫照护）,老年猫照护,常见与季节变化有关，建议先观察精神与食欲，调整喂养节奏并做好环境管理，若持续48小时无改善建议就医。,化毛膏|鱼油,猫咪掉毛严重怎么办 老年猫照护
Q140,猫咪黑下巴反复怎么办（老年猫照护）,老年猫照护,常见与零食过量有关，建议先观察精神与食欲，调整喂养节奏并做好环境管理，若持续48小时无改善建议就医。,鱼油|益生菌,猫咪黑下巴反复怎么办 老年猫照护
Q141,猫咪泪痕明显怎么办（老年猫照护）,老年猫照护,常见与换粮太快有关，建议先观察精神与食欲，调整喂养节奏并做好环境管理，若持续48小时无改善建议就医。,益生菌|慢食碗,猫咪泪痕明显怎么办 老年猫照护
Q142,猫咪半夜跑酷怎么办（老年猫照护）,老年猫照护,常见与搬家应激有关，建议先观察精神与食欲，调整喂养节奏并做好环境管理，若持续48小时无改善建议就医。,慢食碗|自动饮水机,猫咪半夜跑酷怎么办 老年猫照护
Q143,猫咪抓沙发怎么办（老年猫照护）,老年猫照护,常见与清洁不到位有关，建议先观察精神与食欲，调整喂养节奏并做好环境管理，若持续48小时无改善建议就医。,自动饮水机|豆腐猫砂,猫咪抓沙发怎么办 老年猫照护
Q144,猫咪乱尿怎么办（老年猫照护）,老年猫照护,常见与运动不足有关，建议先观察精神与食欲，调整喂养节奏并做好环境管理，若持续48小时无改善建议就医。,豆腐猫砂|矿砂,猫咪乱尿怎么办 老年猫照护
Q145,猫咪应激躲藏怎么办（老年猫照护）,老年猫照护,常见与饮水不足有关，建议先观察精神与食欲，调整喂养节奏并做好环境管理，若持续48小时无改善建议就医。,矿砂|猫抓板,猫咪应激躲藏怎么办 老年猫照护
Q146,猫咪口臭怎么办（老年猫照护）,老年猫照护,常见与作息打乱有关，建议先观察精神与食欲，调整喂养节奏并做好环境管理，若持续48小时无改善建议就医。,猫抓板|逗猫棒,猫咪口臭怎么办 老年猫照护
Q147,猫咪体重下降怎么办（老年猫照护）,老年猫照护,常见与猫砂不适应有关，建议先观察精神与食欲，调整喂养节奏并做好环境管理，若持续48小时无改善建议就医。,逗猫棒|费洛蒙喷雾,猫咪体重下降怎么办 老年猫照护
Q148,猫咪喝水太少怎么办（老年猫照护）,老年猫照护,常见与新猫加入有关，建议先观察精神与食欲，调整喂养节奏并做好环境管理，若持续48小时无改善建议就医。,费洛蒙喷雾|化毛膏,猫咪喝水太少怎么办 老年猫照护
Q149,猫咪便秘怎么办（老年猫照护）,老年猫照护,常见与季节变化有关，建议先观察精神与食欲，调整喂养节奏并做好环境管理，若持续48小时无改善建议就医。,化毛膏|鱼油,猫咪便秘怎么办 老年猫照护
Q150,猫咪舔毛过度怎么办（老年猫照护）,老年猫照护,常见与零食过量有关，建议先观察精神与食欲，调整喂养节奏并做好环境管理，若持续48小时无改善建议就医。,鱼油|益生菌,猫咪舔毛过度怎么办 老年猫照护
Q151,为什么猫咪会不吃猫粮（新手养猫）,新手养猫,常见与换粮太快有关，建议先观察精神与食欲，调整喂养节奏并做好环境管理，若持续48小时无改善建议就医。,益生菌|慢食碗,为什么猫咪会不吃猫粮 新手养猫
Q152,为什么猫咪会软便拉稀（新手养猫）,新手养猫,常见与搬家应激有关，建议先观察精神与食欲，调整喂养节奏并做好环境管理，若持续48小时无改善建议就医。,慢食碗|自动饮水机,为什么猫咪会软便拉稀 新手养猫
Q153,为什么猫咪会频繁呕吐（新手养猫）,新手养猫,常见与清洁不到位有关，建议先观察精神与食欲，调整喂养节奏并做好环境管理，若持续48小时无改善建议就医。,自动饮水机|豆腐猫砂,为什么猫咪会频繁呕吐 新手养猫
Q154,为什么猫咪会掉毛严重（新手养猫）,新手养猫,常见与运动不足有关，建议先观察精神与食欲，调整喂养节奏并做好环境管理，若持续48小时无改善建议就医。,豆腐猫砂|矿砂,为什么猫咪会掉毛严重 新手养猫
Q155,为什么猫咪会黑下巴反复（新手养猫）,新手养猫,常见与饮水不足有关，建议先观察精神与食欲，调整喂养节奏并做好环境管理，若持续48小时无改善建议就医。,矿砂|猫抓板,为什么猫咪会黑下巴反复 新手养猫
Q156,为什么猫咪会泪痕明显（新手养猫）,新手养猫,常见与作息打乱有关，建议先观察精神与食欲，调整喂养节奏并做好环境管理，若持续48小时无改善建议就医。,猫抓板|逗猫棒,为什么猫咪会泪痕明显 新手养猫
Q157,为什么猫咪会半夜跑酷（新手养猫）,新手养猫,常见与猫砂不适应有关，建议先观察精神与食欲，调整喂养节奏并做好环境管理，若持续48小时无改善建议就医。,逗猫棒|费洛蒙喷雾,为什么猫咪会半夜跑酷 新手养猫
Q158,为什么猫咪会抓沙发（新手养猫）,新手养猫,常见与新猫加入有关，建议先观察精神与食欲，调整喂养节奏并做好环境管理，若持续48小时无改善建议就医。,费洛蒙喷雾|化毛膏,为什么猫咪会抓沙发 新手养猫
Q159,为什么猫咪会乱尿（新手养猫）,新手养猫,常见与季节变化有关，建议先观察精神与食欲，调整喂养节奏并做好环境管理，若持续48小时无改善建议就医。,化毛膏|鱼油,为什么猫咪会乱尿 新手养猫
Q160,为什么猫咪会应激躲藏（新手养猫）,新手养猫,常见与零食过量有关，建议先观察精神与食欲，调整喂养节奏并做好环境管理，若持续48小时无改善建议就医。,鱼油|益生菌,为什么猫咪会应激躲藏 新手养猫
Q161,为什么猫咪会口臭（新手养猫）,新手养猫,常见与换粮太快有关，建议先观察精神与食欲，调整喂养节奏并做好环境管理，若持续48小时无改善建议就医。,益生菌|慢食碗,为什么猫咪会口臭 新手养猫
Q162,为什么猫咪会体重下降（新手养猫）,新手养猫,常见与搬家应激有关，建议先观察精神与食欲，调整喂养节奏并做好环境管理，若持续48小时无改善建议就医。,慢食碗|自动饮水机,为什么猫咪会体重下降 新手养猫
Q163,为什么猫咪会喝水太少（新手养猫）,新手养猫,常见与清洁不到位有关，建议先观察精神与食欲，调整喂养节奏并做好环境管理，若持续48小时无改善建议就医。,自动饮水机|豆腐猫砂,为什么猫咪会喝水太少 新手养猫
Q164,为什么猫咪会便秘（新手养猫）,新手养猫,常见与运动不足有关，建议先观察精神与食欲，调整喂养节奏并做好环境管理，若持续48小时无改善建议就医。,豆腐猫砂|矿砂,为什么猫咪会便秘 新手养猫
Q165,为什么猫咪会舔毛过度（新手养猫）,新手养猫,常见与饮水不足有关，建议先观察精神与食欲，调整喂养节奏并做好环境管理，若持续48小时无改善建议就医。,矿砂|猫抓板,为什么猫咪会舔毛过度 新手养猫
Q166,为什么猫咪会不吃猫粮（饮食喂养）,饮食喂养,常见与作息打乱有关，建议先观察精神与食欲，调整喂养节奏并做好环境管理，若持续48小时无改善建议就医。,猫抓板|逗猫棒,为什么猫咪会不吃猫粮 饮食喂养
Q167,为什么猫咪会软便拉稀（饮食喂养）,饮食喂养,常见与猫砂不适应有关，建议先观察精神与食欲，调整喂养节奏并做好环境管理，若持续48小时无改善建议就医。,逗猫棒|费洛蒙喷雾,为什么猫咪会软便拉稀 饮食喂养
Q168,为什么猫咪会频繁呕吐（饮食喂养）,饮食喂养,常见与新猫加入有关，建议先观察精神与食欲，调整喂养节奏并做好环境管理，若持续48小时无改善建议就医。,费洛蒙喷雾|化毛膏,为什么猫咪会频繁呕吐 饮食喂养
Q169,为什么猫咪会掉毛严重（饮食喂养）,饮食喂养,常见与季节变化有关，建议先观察精神与食欲，调整喂养节奏并做好环境管理，若持续48小时无改善建议就医。,化毛膏|鱼油,为什么猫咪会掉毛严重 饮食喂养
Q170,为什么猫咪会黑下巴反复（饮食喂养）,饮食喂养,常见与零食过量有关，建议先观察精神与食欲，调整喂养节奏并做好环境管理，若持续48小时无改善建议就医。,鱼油|益生菌,为什么猫咪会黑下巴反复 饮食喂养
Q171,为什么猫咪会泪痕明显（饮食喂养）,饮食喂养,常见与换粮太快有关，建议先观察精神与食欲，调整喂养节奏并做好环境管理，若持续48小时无改善建议就医。,益生菌|慢食碗,为什么猫咪会泪痕明显 饮食喂养
Q172,为什么猫咪会半夜跑酷（饮食喂养）,饮食喂养,常见与搬家应激有关，建议先观察精神与食欲，调整喂养节奏并做好环境管理，若持续48小时无改善建议就医。,慢食碗|自动饮水机,为什么猫咪会半夜跑酷 饮食喂养
Q173,为什么猫咪会抓沙发（饮食喂养）,饮食喂养,常见与清洁不到位有关，建议先观察精神与食欲，调整喂养节奏并做好环境管理，若持续48小时无改善建议就医。,自动饮水机|豆腐猫砂,为什么猫咪会抓沙发 饮食喂养
Q174,为什么猫咪会乱尿（饮食喂养）,饮食喂养,常见与运动不足有关，建议先观察精神与食欲，调整喂养节奏并做好环境管理，若持续48小时无改善建议就医。,豆腐猫砂|矿砂,为什么猫咪会乱尿 饮食喂养
Q175,为什么猫咪会应激躲藏（饮食喂养）,饮食喂养,常见与饮水不足有关，建议先观察精神与食欲，调整喂养节奏并做好环境管理，若持续48小时无改善建议就医。,矿砂|猫抓板,为什么猫咪会应激躲藏 饮食喂养
Q176,为什么猫咪会口臭（饮食喂养）,饮食喂养,常见与作息打乱有关，建议先观察精神与食欲，调整喂养节奏并做好环境管理，若持续48小时无改善建议就医。,猫抓板|逗猫棒,为什么猫咪会口臭 饮食喂养
Q177,为什么猫咪会体重下降（饮食喂养）,饮食喂养,常见与猫砂不适应有关，建议先观察精神与食欲，调整喂养节奏并做好环境管理，若持续48小时无改善建议就医。,逗猫棒|费洛蒙喷雾,为什么猫咪会体重下降 饮食喂养
Q178,为什么猫咪会喝水太少（饮食喂养）,饮食喂养,常见与新猫加入有关，建议先观察精神与食欲，调整喂养节奏并做好环境管理，若持续48小时无改善建议就医。,费洛蒙喷雾|化毛膏,为什么猫咪会喝水太少 饮食喂养
Q179,为什么猫咪会便秘（饮食喂养）,饮食喂养,常见与季节变化有关，建议先观察精神与食欲，调整喂养节奏并做好环境管理，若持续48小时无改善建议就医。,化毛膏|鱼油,为什么猫咪会便秘 饮食喂养
Q180,为什么猫咪会舔毛过度（饮食喂养）,饮食喂养,常见与零食过量有关，建议先观察精神与食欲，调整喂养节奏并做好环境管理，若持续48小时无改善建议就医。,鱼油|益生菌,为什么猫咪会舔毛过度 饮食喂养
Q181,为什么猫咪会不吃猫粮（肠胃问题）,肠胃问题,常见与换粮太快有关，建议先观察精神与食欲，调整喂养节奏并做好环境管理，若持续48小时无改善建议就医。,益生菌|慢食碗,为什么猫咪会不吃猫粮 肠胃问题
Q182,为什么猫咪会软便拉稀（肠胃问题）,肠胃问题,常见与搬家应激有关，建议先观察精神与食欲，调整喂养节奏并做好环境管理，若持续48小时无改善建议就医。,慢食碗|自动饮水机,为什么猫咪会软便拉稀 肠胃问题
Q183,为什么猫咪会频繁呕吐（肠胃问题）,肠胃问题,常见与清洁不到位有关，建议先观察精神与食欲，调整喂养节奏并做好环境管理，若持续48小时无改善建议就医。,自动饮水机|豆腐猫砂,为什么猫咪会频繁呕吐 肠胃问题
Q184,为什么猫咪会掉毛严重（肠胃问题）,肠胃问题,常见与运动不足有关，建议先观察精神与食欲，调整喂养节奏并做好环境管理，若持续48小时无改善建议就医。,豆腐猫砂|矿砂,为什么猫咪会掉毛严重 肠胃问题
Q185,为什么猫咪会黑下巴反复（肠胃问题）,肠胃问题,常见与饮水不足有关，建议先观察精神与食欲，调整喂养节奏并做好环境管理，若持续48小时无改善建议就医。,矿砂|猫抓板,为什么猫咪会黑下巴反复 肠胃问题
Q186,为什么猫咪会泪痕明显（肠胃问题）,肠胃问题,常见与作息打乱有关，建议先观察精神与食欲，调整喂养节奏并做好环境管理，若持续48小时无改善建议就医。,猫抓板|逗猫棒,为什么猫咪会泪痕明显 肠胃问题
Q187,为什么猫咪会半夜跑酷（肠胃问题）,肠胃问题,常见与猫砂不适应有关，建议先观察精神与食欲，调整喂养节奏并做好环境管理，若持续48小时无改善建议就医。,逗猫棒|费洛蒙喷雾,为什么猫咪会半夜跑酷 肠胃问题
Q188,为什么猫咪会抓沙发（肠胃问题）,肠胃问题,常见与新猫加入有关，建议先观察精神与食欲，调整喂养节奏并做好环境管理，若持续48小时无改善建议就医。,费洛蒙喷雾|化毛膏,为什么猫咪会抓沙发 肠胃问题
Q189,为什么猫咪会乱尿（肠胃问题）,肠胃问题,常见与季节变化有关，建议先观察精神与食欲，调整喂养节奏并做好环境管理，若持续48小时无改善建议就医。,化毛膏|鱼油,为什么猫咪会乱尿 肠胃问题
Q190,为什么猫咪会应激躲藏（肠胃问题）,肠胃问题,常见与零食过量有关，建议先观察精神与食欲，调整喂养节奏并做好环境管理，若持续48小时无改善建议就医。,鱼油|益生菌,为什么猫咪会应激躲藏 肠胃问题
Q191,为什么猫咪会口臭（肠胃问题）,肠胃问题,常见与换粮太快有关，建议先观察精神与食欲，调整喂养节奏并做好环境管理，若持续48小时无改善建议就医。,益生菌|慢食碗,为什么猫咪会口臭 肠胃问题
Q192,为什么猫咪会体重下降（肠胃问题）,肠胃问题,常见与搬家应激有关，建议先观察精神与食欲，调整喂养节奏并做好环境管理，若持续48小时无改善建议就医。,慢食碗|自动饮水机,为什么猫咪会体重下降 肠胃问题
Q193,为什么猫咪会喝水太少（肠胃问题）,肠胃问题,常见与清洁不到位有关，建议先观察精神与食欲，调整喂养节奏并做好环境管理，若持续48小时无改善建议就医。,自动饮水机|豆腐猫砂,为什么猫咪会喝水太少 肠胃问题
Q194,为什么猫咪会便秘（肠胃问题）,肠胃问题,常见与运动不足有关，建议先观察精神与食欲，调整喂养节奏并做好环境管理，若持续48小时无改善建议就医。,豆腐猫砂|矿砂,为什么猫咪会便秘 肠胃问题
Q195,为什么猫咪会舔毛过度（肠胃问题）,肠胃问题,常见与饮水不足有关，建议先观察精神与食欲，调整喂养节奏并做好环境管理，若持续48小时无改善建议就医。,矿砂|猫抓板,为什么猫咪会舔毛过度 肠胃问题
Q196,为什么猫咪会不吃猫粮（日常护理）,日常护理,常见与作息打乱有关，建议先观察精神与食欲，调整喂养节奏并做好环境管理，若持续48小时无改善建议就医。,猫抓板|逗猫棒,为什么猫咪会不吃猫粮 日常护理
Q197,为什么猫咪会软便拉稀（日常护理）,日常护理,常见与猫砂不适应有关，建议先观察精神与食欲，调整喂养节奏并做好环境管理，若持续48小时无改善建议就医。,逗猫棒|费洛蒙喷雾,为什么猫咪会软便拉稀 日常护理
Q198,为什么猫咪会频繁呕吐（日常护理）,日常护理,常见与新猫加入有关，建议先观察精神与食欲，调整喂养节奏并做好环境管理，若持续48小时无改善建议就医。,费洛蒙喷雾|化毛膏,为什么猫咪会频繁呕吐 日常护理
Q199,为什么猫咪会掉毛严重（日常护理）,日常护理,常见与季节变化有关，建议先观察精神与食欲，调整喂养节奏并做好环境管理，若持续48小时无改善建议就医。,化毛膏|鱼油,为什么猫咪会掉毛严重 日常护理
Q200,为什么猫咪会黑下巴反复（日常护理）,日常护理,常见与零食过量有关，建议先观察精神与食欲，调整喂养节奏并做好环境管理，若持续48小时无改善建议就医。,鱼油|益生菌,为什么猫咪会黑下巴反复 日常护理
Q201,为什么猫咪会泪痕明显（日常护理）,日常护理,常见与换粮太快有关，建议先观察精神与食欲，调整喂养节奏并做好环境管理，若持续48小时无改善建议就医。,益生菌|慢食碗,为什么猫咪会泪痕明显 日常护理
Q202,为什么猫咪会半夜跑酷（日常护理）,日常护理,常见与搬家应激有关，建议先观察精神与食欲，调整喂养节奏并做好环境管理，若持续48小时无改善建议就医。,慢食碗|自动饮水机,为什么猫咪会半夜跑酷 日常护理
Q203,为什么猫咪会抓沙发（日常护理）,日常护理,常见与清洁不到位有关，建议先观察精神与食欲，调整喂养节奏并做好环境管理，若持续48小时无改善建议就医。,自动饮水机|豆腐猫砂,为什么猫咪会抓沙发 日常护理
Q204,为什么猫咪会乱尿（日常护理）,日常护理,常见与运动不足有关，建议先观察精神与食欲，调整喂养节奏并做好环境管理，若持续48小时无改善建议就医。,豆腐猫砂|矿砂,为什么猫咪会乱尿 日常护理
Q205,为什么猫咪会应激躲藏（日常护理）,日常护理,常见与饮水不足有关，建议先观察精神与食欲，调整喂养节奏并做好环境管理，若持续48小时无改善建议就医。,矿砂|猫抓板,为什么猫咪会应激躲藏 日常护理
Q206,为什么猫咪会口臭（日常护理）,日常护理,常见与作息打乱有关，建议先观察精神与食欲，调整喂养节奏并做好环境管理，若持续48小时无改善建议就医。,猫抓板|逗猫棒,为什么猫咪会口臭 日常护理
Q207,为什么猫咪会体重下降（日常护理）,日常护理,常见与猫砂不适应有关，建议先观察精神与食欲，调整喂养节奏并做好环境管理，若持续48小时无改善建议就医。,逗猫棒|费洛蒙喷雾,为什么猫咪会体重下降 日常护理
Q208,为什么猫咪会喝水太少（日常护理）,日常护理,常见与新猫加入有关，建议先观察精神与食欲，调整喂养节奏并做好环境管理，若持续48小时无改善建议就医。,费洛蒙喷雾|化毛膏,为什么猫咪会喝水太少 日常护理
Q209,为什么猫咪会便秘（日常护理）,日常护理,常见与季节变化有关，建议先观察精神与食欲，调整喂养节奏并做好环境管理，若持续48小时无改善建议就医。,化毛膏|鱼油,为什么猫咪会便秘 日常护理
Q210,为什么猫咪会舔毛过度（日常护理）,日常护理,常见与零食过量有关，建议先观察精神与食欲，调整喂养节奏并做好环境管理，若持续48小时无改善建议就医。,鱼油|益生菌,为什么猫咪会舔毛过度 日常护理
Q211,为什么猫咪会不吃猫粮（行为问题）,行为问题,常见与换粮太快有关，建议先观察精神与食欲，调整喂养节奏并做好环境管理，若持续48小时无改善建议就医。,益生菌|慢食碗,为什么猫咪会不吃猫粮 行为问题
Q212,为什么猫咪会软便拉稀（行为问题）,行为问题,常见与搬家应激有关，建议先观察精神与食欲，调整喂养节奏并做好环境管理，若持续48小时无改善建议就医。,慢食碗|自动饮水机,为什么猫咪会软便拉稀 行为问题
Q213,为什么猫咪会频繁呕吐（行为问题）,行为问题,常见与清洁不到位有关，建议先观察精神与食欲，调整喂养节奏并做好环境管理，若持续48小时无改善建议就医。,自动饮水机|豆腐猫砂,为什么猫咪会频繁呕吐 行为问题
Q214,为什么猫咪会掉毛严重（行为问题）,行为问题,常见与运动不足有关，建议先观察精神与食欲，调整喂养节奏并做好环境管理，若持续48小时无改善建议就医。,豆腐猫砂|矿砂,为什么猫咪会掉毛严重 行为问题
Q215,为什么猫咪会黑下巴反复（行为问题）,行为问题,常见与饮水不足有关，建议先观察精神与食欲，调整喂养节奏并做好环境管理，若持续48小时无改善建议就医。,矿砂|猫抓板,为什么猫咪会黑下巴反复 行为问题
Q216,为什么猫咪会泪痕明显（行为问题）,行为问题,常见与作息打乱有关，建议先观察精神与食欲，调整喂养节奏并做好环境管理，若持续48小时无改善建议就医。,猫抓板|逗猫棒,为什么猫咪会泪痕明显 行为问题
Q217,为什么猫咪会半夜跑酷（行为问题）,行为问题,常见与猫砂不适应有关，建议先观察精神与食欲，调整喂养节奏并做好环境管理，若持续48小时无改善建议就医。,逗猫棒|费洛蒙喷雾,为什么猫咪会半夜跑酷 行为问题
Q218,为什么猫咪会抓沙发（行为问题）,行为问题,常见与新猫加入有关，建议先观察精神与食欲，调整喂养节奏并做好环境管理，若持续48小时无改善建议就医。,费洛蒙喷雾|化毛膏,为什么猫咪会抓沙发 行为问题
Q219,为什么猫咪会乱尿（行为问题）,行为问题,常见与季节变化有关，建议先观察精神与食欲，调整喂养节奏并做好环境管理，若持续48小时无改善建议就医。,化毛膏|鱼油,为什么猫咪会乱尿 行为问题
Q220,为什么猫咪会应激躲藏（行为问题）,行为问题,常见与零食过量有关，建议先观察精神与食欲，调整喂养节奏并做好环境管理，若持续48小时无改善建议就医。,鱼油|益生菌,为什么猫咪会应激躲藏 行为问题
Q221,为什么猫咪会口臭（行为问题）,行为问题,常见与换粮太快有关，建议先观察精神与食欲，调整喂养节奏并做好环境管理，若持续48小时无改善建议就医。,益生菌|慢食碗,为什么猫咪会口臭 行为问题
Q222,为什么猫咪会体重下降（行为问题）,行为问题,常见与搬家应激有关，建议先观察精神与食欲，调整喂养节奏并做好环境管理，若持续48小时无改善建议就医。,慢食碗|自动饮水机,为什么猫咪会体重下降 行为问题
Q223,为什么猫咪会喝水太少（行为问题）,行为问题,常见与清洁不到位有关，建议先观察精神与食欲，调整喂养节奏并做好环境管理，若持续48小时无改善建议就医。,自动饮水机|豆腐猫砂,为什么猫咪会喝水太少 行为问题
Q224,为什么猫咪会便秘（行为问题）,行为问题,常见与运动不足有关，建议先观察精神与食欲，调整喂养节奏并做好环境管理，若持续48小时无改善建议就医。,豆腐猫砂|矿砂,为什么猫咪会便秘 行为问题
Q225,为什么猫咪会舔毛过度（行为问题）,行为问题,常见与饮水不足有关，建议先观察精神与食欲，调整喂养节奏并做好环境管理，若持续48小时无改善建议就医。,矿砂|猫抓板,为什么猫咪会舔毛过度 行为问题
Q226,为什么猫咪会不吃猫粮（健康就医）,健康就医,常见与作息打乱有关，建议先观察精神与食欲，调整喂养节奏并做好环境管理，若持续48小时无改善建议就医。,猫抓板|逗猫棒,为什么猫咪会不吃猫粮 健康就医
Q227,为什么猫咪会软便拉稀（健康就医）,健康就医,常见与猫砂不适应有关，建议先观察精神与食欲，调整喂养节奏并做好环境管理，若持续48小时无改善建议就医。,逗猫棒|费洛蒙喷雾,为什么猫咪会软便拉稀 健康就医
Q228,为什么猫咪会频繁呕吐（健康就医）,健康就医,常见与新猫加入有关，建议先观察精神与食欲，调整喂养节奏并做好环境管理，若持续48小时无改善建议就医。,费洛蒙喷雾|化毛膏,为什么猫咪会频繁呕吐 健康就医
Q229,为什么猫咪会掉毛严重（健康就医）,健康就医,常见与季节变化有关，建议先观察精神与食欲，调整喂养节奏并做好环境管理，若持续48小时无改善建议就医。,化毛膏|鱼油,为什么猫咪会掉毛严重 健康就医
Q230,为什么猫咪会黑下巴反复（健康就医）,健康就医,常见与零食过量有关，建议先观察精神与食欲，调整喂养节奏并做好环境管理，若持续48小时无改善建议就医。,鱼油|益生菌,为什么猫咪会黑下巴反复 健康就医
Q231,为什么猫咪会泪痕明显（健康就医）,健康就医,常见与换粮太快有关，建议先观察精神与食欲，调整喂养节奏并做好环境管理，若持续48小时无改善建议就医。,益生菌|慢食碗,为什么猫咪会泪痕明显 健康就医
Q232,为什么猫咪会半夜跑酷（健康就医）,健康就医,常见与搬家应激有关，建议先观察精神与食欲，调整喂养节奏并做好环境管理，若持续48小时无改善建议就医。,慢食碗|自动饮水机,为什么猫咪会半夜跑酷 健康就医
Q233,为什么猫咪会抓沙发（健康就医）,健康就医,常见与清洁不到位有关，建议先观察精神与食欲，调整喂养节奏并做好环境管理，若持续48小时无改善建议就医。,自动饮水机|豆腐猫砂,为什么猫咪会抓沙发 健康就医
Q234,为什么猫咪会乱尿（健康就医）,健康就医,常见与运动不足有关，建议先观察精神与食欲，调整喂养节奏并做好环境管理，若持续48小时无改善建议就医。,豆腐猫砂|矿砂,为什么猫咪会乱尿 健康就医
Q235,为什么猫咪会应激躲藏（健康就医）,健康就医,常见与饮水不足有关，建议先观察精神与食欲，调整喂养节奏并做好环境管理，若持续48小时无改善建议就医。,矿砂|猫抓板,为什么猫咪会应激躲藏 健康就医
Q236,为什么猫咪会口臭（健康就医）,健康就医,常见与作息打乱有关，建议先观察精神与食欲，调整喂养节奏并做好环境管理，若持续48小时无改善建议就医。,猫抓板|逗猫棒,为什么猫咪会口臭 健康就医
Q237,为什么猫咪会体重下降（健康就医）,健康就医,常见与猫砂不适应有关，建议先观察精神与食欲，调整喂养节奏并做好环境管理，若持续48小时无改善建议就医。,逗猫棒|费洛蒙喷雾,为什么猫咪会体重下降 健康就医
Q238,为什么猫咪会喝水太少（健康就医）,健康就医,常见与新猫加入有关，建议先观察精神与食欲，调整喂养节奏并做好环境管理，若持续48小时无改善建议就医。,费洛蒙喷雾|化毛膏,为什么猫咪会喝水太少 健康就医
Q239,为什么猫咪会便秘（健康就医）,健康就医,常见与季节变化有关，建议先观察精神与食欲，调整喂养节奏并做好环境管理，若持续48小时无改善建议就医。,化毛膏|鱼油,为什么猫咪会便秘 健康就医
Q240,为什么猫咪会舔毛过度（健康就医）,健康就医,常见与零食过量有关，建议先观察精神与食欲，调整喂养节奏并做好环境管理，若持续48小时无改善建议就医。,鱼油|益生菌,为什么猫咪会舔毛过度 健康就医
Q241,为什么猫咪会不吃猫粮（环境布置）,环境布置,常见与换粮太快有关，建议先观察精神与食欲，调整喂养节奏并做好环境管理，若持续48小时无改善建议就医。,益生菌|慢食碗,为什么猫咪会不吃猫粮 环境布置
Q242,为什么猫咪会软便拉稀（环境布置）,环境布置,常见与搬家应激有关，建议先观察精神与食欲，调整喂养节奏并做好环境管理，若持续48小时无改善建议就医。,慢食碗|自动饮水机,为什么猫咪会软便拉稀 环境布置
Q243,为什么猫咪会频繁呕吐（环境布置）,环境布置,常见与清洁不到位有关，建议先观察精神与食欲，调整喂养节奏并做好环境管理，若持续48小时无改善建议就医。,自动饮水机|豆腐猫砂,为什么猫咪会频繁呕吐 环境布置
Q244,为什么猫咪会掉毛严重（环境布置）,环境布置,常见与运动不足有关，建议先观察精神与食欲，调整喂养节奏并做好环境管理，若持续48小时无改善建议就医。,豆腐猫砂|矿砂,为什么猫咪会掉毛严重 环境布置
Q245,为什么猫咪会黑下巴反复（环境布置）,环境布置,常见与饮水不足有关，建议先观察精神与食欲，调整喂养节奏并做好环境管理，若持续48小时无改善建议就医。,矿砂|猫抓板,为什么猫咪会黑下巴反复 环境布置
Q246,为什么猫咪会泪痕明显（环境布置）,环境布置,常见与作息打乱有关，建议先观察精神与食欲，调整喂养节奏并做好环境管理，若持续48小时无改善建议就医。,猫抓板|逗猫棒,为什么猫咪会泪痕明显 环境布置
Q247,为什么猫咪会半夜跑酷（环境布置）,环境布置,常见与猫砂不适应有关，建议先观察精神与食欲，调整喂养节奏并做好环境管理，若持续48小时无改善建议就医。,逗猫棒|费洛蒙喷雾,为什么猫咪会半夜跑酷 环境布置
Q248,为什么猫咪会抓沙发（环境布置）,环境布置,常见与新猫加入有关，建议先观察精神与食欲，调整喂养节奏并做好环境管理，若持续48小时无改善建议就医。,费洛蒙喷雾|化毛膏,为什么猫咪会抓沙发 环境布置
Q249,为什么猫咪会乱尿（环境布置）,环境布置,常见与季节变化有关，建议先观察精神与食欲，调整喂养节奏并做好环境管理，若持续48小时无改善建议就医。,化毛膏|鱼油,为什么猫咪会乱尿 环境布置
Q250,为什么猫咪会应激躲藏（环境布置）,环境布置,常见与零食过量有关，建议先观察精神与食欲，调整喂养节奏并做好环境管理，若持续48小时无改善建议就医。,鱼油|益生菌,为什么猫咪会应激躲藏 环境布置
Q251,为什么猫咪会口臭（环境布置）,环境布置,常见与换粮太快有关，建议先观察精神与食欲，调整喂养节奏并做好环境管理，若持续48小时无改善建议就医。,益生菌|慢食碗,为什么猫咪会口臭 环境布置
Q252,为什么猫咪会体重下降（环境布置）,环境布置,常见与搬家应激有关，建议先观察精神与食欲，调整喂养节奏并做好环境管理，若持续48小时无改善建议就医。,慢食碗|自动饮水机,为什么猫咪会体重下降 环境布置
Q253,为什么猫咪会喝水太少（环境布置）,环境布置,常见与清洁不到位有关，建议先观察精神与食欲，调整喂养节奏并做好环境管理，若持续48小时无改善建议就医。,自动饮水机|豆腐猫砂,为什么猫咪会喝水太少 环境布置
Q254,为什么猫咪会便秘（环境布置）,环境布置,常见与运动不足有关，建议先观察精神与食欲，调整喂养节奏并做好环境管理，若持续48小时无改善建议就医。,豆腐猫砂|矿砂,为什么猫咪会便秘 环境布置
Q255,为什么猫咪会舔毛过度（环境布置）,环境布置,常见与饮水不足有关，建议先观察精神与食欲，调整喂养节奏并做好环境管理，若持续48小时无改善建议就医。,矿砂|猫抓板,为什么猫咪会舔毛过度 环境布置
Q256,为什么猫咪会不吃猫粮（多猫家庭）,多猫家庭,常见与作息打乱有关，建议先观察精神与食欲，调整喂养节奏并做好环境管理，若持续48小时无改善建议就医。,猫抓板|逗猫棒,为什么猫咪会不吃猫粮 多猫家庭
Q257,为什么猫咪会软便拉稀（多猫家庭）,多猫家庭,常见与猫砂不适应有关，建议先观察精神与食欲，调整喂养节奏并做好环境管理，若持续48小时无改善建议就医。,逗猫棒|费洛蒙喷雾,为什么猫咪会软便拉稀 多猫家庭
Q258,为什么猫咪会频繁呕吐（多猫家庭）,多猫家庭,常见与新猫加入有关，建议先观察精神与食欲，调整喂养节奏并做好环境管理，若持续48小时无改善建议就医。,费洛蒙喷雾|化毛膏,为什么猫咪会频繁呕吐 多猫家庭
Q259,为什么猫咪会掉毛严重（多猫家庭）,多猫家庭,常见与季节变化有关，建议先观察精神与食欲，调整喂养节奏并做好环境管理，若持续48小时无改善建议就医。,化毛膏|鱼油,为什么猫咪会掉毛严重 多猫家庭
Q260,为什么猫咪会黑下巴反复（多猫家庭）,多猫家庭,常见与零食过量有关，建议先观察精神与食欲，调整喂养节奏并做好环境管理，若持续48小时无改善建议就医。,鱼油|益生菌,为什么猫咪会黑下巴反复 多猫家庭
Q261,为什么猫咪会泪痕明显（多猫家庭）,多猫家庭,常见与换粮太快有关，建议先观察精神与食欲，调整喂养节奏并做好环境管理，若持续48小时无改善建议就医。,益生菌|慢食碗,为什么猫咪会泪痕明显 多猫家庭
Q262,为什么猫咪会半夜跑酷（多猫家庭）,多猫家庭,常见与搬家应激有关，建议先观察精神与食欲，调整喂养节奏并做好环境管理，若持续48小时无改善建议就医。,慢食碗|自动饮水机,为什么猫咪会半夜跑酷 多猫家庭
Q263,为什么猫咪会抓沙发（多猫家庭）,多猫家庭,常见与清洁不到位有关，建议先观察精神与食欲，调整喂养节奏并做好环境管理，若持续48小时无改善建议就医。,自动饮水机|豆腐猫砂,为什么猫咪会抓沙发 多猫家庭
Q264,为什么猫咪会乱尿（多猫家庭）,多猫家庭,常见与运动不足有关，建议先观察精神与食欲，调整喂养节奏并做好环境管理，若持续48小时无改善建议就医。,豆腐猫砂|矿砂,为什么猫咪会乱尿 多猫家庭
Q265,为什么猫咪会应激躲藏（多猫家庭）,多猫家庭,常见与饮水不足有关，建议先观察精神与食欲，调整喂养节奏并做好环境管理，若持续48小时无改善建议就医。,矿砂|猫抓板,为什么猫咪会应激躲藏 多猫家庭
Q266,为什么猫咪会口臭（多猫家庭）,多猫家庭,常见与作息打乱有关，建议先观察精神与食欲，调整喂养节奏并做好环境管理，若持续48小时无改善建议就医。,猫抓板|逗猫棒,为什么猫咪会口臭 多猫家庭
Q267,为什么猫咪会体重下降（多猫家庭）,多猫家庭,常见与猫砂不适应有关，建议先观察精神与食欲，调整喂养节奏并做好环境管理，若持续48小时无改善建议就医。,逗猫棒|费洛蒙喷雾,为什么猫咪会体重下降 多猫家庭
Q268,为什么猫咪会喝水太少（多猫家庭）,多猫家庭,常见与新猫加入有关，建议先观察精神与食欲，调整喂养节奏并做好环境管理，若持续48小时无改善建议就医。,费洛蒙喷雾|化毛膏,为什么猫咪会喝水太少 多猫家庭
Q269,为什么猫咪会便秘（多猫家庭）,多猫家庭,常见与季节变化有关，建议先观察精神与食欲，调整喂养节奏并做好环境管理，若持续48小时无改善建议就医。,化毛膏|鱼油,为什么猫咪会便秘 多猫家庭
Q270,为什么猫咪会舔毛过度（多猫家庭）,多猫家庭,常见与零食过量有关，建议先观察精神与食欲，调整喂养节奏并做好环境管理，若持续48小时无改善建议就医。,鱼油|益生菌,为什么猫咪会舔毛过度 多猫家庭
Q271,为什么猫咪会不吃猫粮（幼猫照护）,幼猫照护,常见与换粮太快有关，建议先观察精神与食欲，调整喂养节奏并做好环境管理，若持续48小时无改善建议就医。,益生菌|慢食碗,为什么猫咪会不吃猫粮 幼猫照护
Q272,为什么猫咪会软便拉稀（幼猫照护）,幼猫照护,常见与搬家应激有关，建议先观察精神与食欲，调整喂养节奏并做好环境管理，若持续48小时无改善建议就医。,慢食碗|自动饮水机,为什么猫咪会软便拉稀 幼猫照护
Q273,为什么猫咪会频繁呕吐（幼猫照护）,幼猫照护,常见与清洁不到位有关，建议先观察精神与食欲，调整喂养节奏并做好环境管理，若持续48小时无改善建议就医。,自动饮水机|豆腐猫砂,为什么猫咪会频繁呕吐 幼猫照护
Q274,为什么猫咪会掉毛严重（幼猫照护）,幼猫照护,常见与运动不足有关，建议先观察精神与食欲，调整喂养节奏并做好环境管理，若持续48小时无改善建议就医。,豆腐猫砂|矿砂,为什么猫咪会掉毛严重 幼猫照护
Q275,为什么猫咪会黑下巴反复（幼猫照护）,幼猫照护,常见与饮水不足有关，建议先观察精神与食欲，调整喂养节奏并做好环境管理，若持续48小时无改善建议就医。,矿砂|猫抓板,为什么猫咪会黑下巴反复 幼猫照护
Q276,为什么猫咪会泪痕明显（幼猫照护）,幼猫照护,常见与作息打乱有关，建议先观察精神与食欲，调整喂养节奏并做好环境管理，若持续48小时无改善建议就医。,猫抓板|逗猫棒,为什么猫咪会泪痕明显 幼猫照护
Q277,为什么猫咪会半夜跑酷（幼猫照护）,幼猫照护,常见与猫砂不适应有关，建议先观察精神与食欲，调整喂养节奏并做好环境管理，若持续48小时无改善建议就医。,逗猫棒|费洛蒙喷雾,为什么猫咪会半夜跑酷 幼猫照护
Q278,为什么猫咪会抓沙发（幼猫照护）,幼猫照护,常见与新猫加入有关，建议先观察精神与食欲，调整喂养节奏并做好环境管理，若持续48小时无改善建议就医。,费洛蒙喷雾|化毛膏,为什么猫咪会抓沙发 幼猫照护
Q279,为什么猫咪会乱尿（幼猫照护）,幼猫照护,常见与季节变化有关，建议先观察精神与食欲，调整喂养节奏并做好环境管理，若持续48小时无改善建议就医。,化毛膏|鱼油,为什么猫咪会乱尿 幼猫照护
Q280,为什么猫咪会应激躲藏（幼猫照护）,幼猫照护,常见与零食过量有关，建议先观察精神与食欲，调整喂养节奏并做好环境管理，若持续48小时无改善建议就医。,鱼油|益生菌,为什么猫咪会应激躲藏 幼猫照护
Q281,为什么猫咪会口臭（幼猫照护）,幼猫照护,常见与换粮太快有关，建议先观察精神与食欲，调整喂养节奏并做好环境管理，若持续48小时无改善建议就医。,益生菌|慢食碗,为什么猫咪会口臭 幼猫照护
Q282,为什么猫咪会体重下降（幼猫照护）,幼猫照护,常见与搬家应激有关，建议先观察精神与食欲，调整喂养节奏并做好环境管理，若持续48小时无改善建议就医。,慢食碗|自动饮水机,为什么猫咪会体重下降 幼猫照护
Q283,为什么猫咪会喝水太少（幼猫照护）,幼猫照护,常见与清洁不到位有关，建议先观察精神与食欲，调整喂养节奏并做好环境管理，若持续48小时无改善建议就医。,自动饮水机|豆腐猫砂,为什么猫咪会喝水太少 幼猫照护
Q284,为什么猫咪会便秘（幼猫照护）,幼猫照护,常见与运动不足有关，建议先观察精神与食欲，调整喂养节奏并做好环境管理，若持续48小时无改善建议就医。,豆腐猫砂|矿砂,为什么猫咪会便秘 幼猫照护
Q285,为什么猫咪会舔毛过度（幼猫照护）,幼猫照护,常见与饮水不足有关，建议先观察精神与食欲，调整喂养节奏并做好环境管理，若持续48小时无改善建议就医。,矿砂|猫抓板,为什么猫咪会舔毛过度 幼猫照护
Q286,为什么猫咪会不吃猫粮（老年猫照护）,老年猫照护,常见与作息打乱有关，建议先观察精神与食欲，调整喂养节奏并做好环境管理，若持续48小时无改善建议就医。,猫抓板|逗猫棒,为什么猫咪会不吃猫粮 老年猫照护
Q287,为什么猫咪会软便拉稀（老年猫照护）,老年猫照护,常见与猫砂不适应有关，建议先观察精神与食欲，调整喂养节奏并做好环境管理，若持续48小时无改善建议就医。,逗猫棒|费洛蒙喷雾,为什么猫咪会软便拉稀 老年猫照护
Q288,为什么猫咪会频繁呕吐（老年猫照护）,老年猫照护,常见与新猫加入有关，建议先观察精神与食欲，调整喂养节奏并做好环境管理，若持续48小时无改善建议就医。,费洛蒙喷雾|化毛膏,为什么猫咪会频繁呕吐 老年猫照护
Q289,为什么猫咪会掉毛严重（老年猫照护）,老年猫照护,常见与季节变化有关，建议先观察精神与食欲，调整喂养节奏并做好环境管理，若持续48小时无改善建议就医。,化毛膏|鱼油,为什么猫咪会掉毛严重 老年猫照护
Q290,为什么猫咪会黑下巴反复（老年猫照护）,老年猫照护,常见与零食过量有关，建议先观察精神与食欲，调整喂养节奏并做好环境管理，若持续48小时无改善建议就医。,鱼油|益生菌,为什么猫咪会黑下巴反复 老年猫照护
Q291,为什么猫咪会泪痕明显（老年猫照护）,老年猫照护,常见与换粮太快有关，建议先观察精神与食欲，调整喂养节奏并做好环境管理，若持续48小时无改善建议就医。,益生菌|慢食碗,为什么猫咪会泪痕明显 老年猫照护
Q292,为什么猫咪会半夜跑酷（老年猫照护）,老年猫照护,常见与搬家应激有关，建议先观察精神与食欲，调整喂养节奏并做好环境管理，若持续48小时无改善建议就医。,慢食碗|自动饮水机,为什么猫咪会半夜跑酷 老年猫照护
Q293,为什么猫咪会抓沙发（老年猫照护）,老年猫照护,常见与清洁不到位有关，建议先观察精神与食欲，调整喂养节奏并做好环境管理，若持续48小时无改善建议就医。,自动饮水机|豆腐猫砂,为什么猫咪会抓沙发 老年猫照护
Q294,为什么猫咪会乱尿（老年猫照护）,老年猫照护,常见与运动不足有关，建议先观察精神与食欲，调整喂养节奏并做好环境管理，若持续48小时无改善建议就医。,豆腐猫砂|矿砂,为什么猫咪会乱尿 老年猫照护
Q295,为什么猫咪会应激躲藏（老年猫照护）,老年猫照护,常见与饮水不足有关，建议先观察精神与食欲，调整喂养节奏并做好环境管理，若持续48小时无改善建议就医。,矿砂|猫抓板,为什么猫咪会应激躲藏 老年猫照护
Q296,为什么猫咪会口臭（老年猫照护）,老年猫照护,常见与作息打乱有关，建议先观察精神与食欲，调整喂养节奏并做好环境管理，若持续48小时无改善建议就医。,猫抓板|逗猫棒,为什么猫咪会口臭 老年猫照护
Q297,为什么猫咪会体重下降（老年猫照护）,老年猫照护,常见与猫砂不适应有关，建议先观察精神与食欲，调整喂养节奏并做好环境管理，若持续48小时无改善建议就医。,逗猫棒|费洛蒙喷雾,为什么猫咪会体重下降 老年猫照护
Q298,为什么猫咪会喝水太少（老年猫照护）,老年猫照护,常见与新猫加入有关，建议先观察精神与食欲，调整喂养节奏并做好环境管理，若持续48小时无改善建议就医。,费洛蒙喷雾|化毛膏,为什么猫咪会喝水太少 老年猫照护
Q299,为什么猫咪会便秘（老年猫照护）,老年猫照护,常见与季节变化有关，建议先观察精神与食欲，调整喂养节奏并做好环境管理，若持续48小时无改善建议就医。,化毛膏|鱼油,为什么猫咪会便秘 老年猫照护
Q300,为什么猫咪会舔毛过度（老年猫照护）,老年猫照护,常见与零食过量有关，建议先观察精神与食欲，调整喂养节奏并做好环境管理，若持续48小时无改善建议就医。,鱼油|益生菌,为什么猫咪会舔毛过度 老年猫照护
