id,问题,分类,描述,原因,方案,推荐用品,是否通过,需修改,备注
q1,猫拉稀怎么办,肠胃问题,软便或水样便先排查饮食与应激。,突然换粮；应激；零食过多,停止零食；喂益生菌；观察24小时精神状态,宠物益生菌；低敏主粮,,,
q2,猫呕吐,肠胃问题,偶发吐粮常见，频繁呕吐需重视。,吃太快；毛球刺激；换粮过快,少量多餐；使用慢食碗；频繁呕吐及时就医,慢食碗；化毛膏,,,
q3,猫不吃猫粮,肠胃问题,拒食可能与挑食或口腔不适相关。,挑食；环境变化；口腔问题,定时定量；减少零食；持续拒食就医,适口性猫粮；主食罐,,,
q4,猫便秘怎么办,肠胃问题,排便间隔过长需补水与饮食调整。,饮水少；纤维不足；运动少,增加饮水；湿粮辅助；必要时就医,流动饮水机；湿粮,,,
q5,换粮后软便,肠胃问题,换粮过快容易短期软便。,过渡期太短；新粮不耐受；喂食过量,7天渐进换粮；控制喂食量；必要时回退旧粮,宠物益生菌；低敏猫粮,,,
q6,猫口臭,健康问题,持续口臭可能提示口腔或肠胃问题。,牙结石；牙龈炎；口腔清洁不足,定期刷牙；使用洁牙零食；严重时口腔检查,猫咪牙刷；洁牙凝胶,,,
q7,猫黑下巴,护理问题,下巴黑点常见于皮脂堆积。,油脂分泌；塑料碗刺激；清洁不足,更换陶瓷或玻璃等易清洁食碗；每日清洁下巴；反复发作就医,陶瓷平口猫碗；宠物湿巾,,,
q8,猫泪痕,护理问题,轻度泪痕可通过清洁与饮食改善。,眼部刺激；饮食问题；泪道堵塞,每天清洁眼周；调整饮食；持续加重就医,宠物眼部湿巾；低敏猫粮,,,
q9,猫掉毛严重,护理问题,换毛季掉毛增多，需规律护理。,季节换毛；营养不足；皮肤问题,每天梳毛；补充鱼油；皮肤异常就医,针梳；鱼油,,,
q10,猫耳朵脏,护理问题,耳道分泌物增多要排查耳螨。,耳螨；清洁不足；过敏,定期耳道清洁；观察抓耳频率；异味明显就医,洗耳液；棉片,,,
q11,猫抓沙发,行为问题,抓挠是本能行为，需要正确引导。,缺少抓板；无聊；标记行为,放置抓板；使用猫薄荷引导；增加互动,瓦楞猫抓板；逗猫棒,,,
q12,猫乱尿,健康问题,乱尿可能是行为问题也可能泌尿问题。,猫砂盆不洁；应激；泌尿不适,增加猫砂盆；保持清洁；频繁蹲盆尽快就医,豆腐猫砂；猫砂盆,,,
q13,猫咪为什么半夜跑酷,行为问题,猫是典型晨昏型动物，清晨和夜晚更活跃，半夜突然狂奔常见于精力未释放。,精力过剩；白天睡太多；捕猎本能,晚上增加互动陪玩；睡前喂食帮助稳定作息；增加猫爬架和玩具消耗精力,逗猫棒；猫爬架；益智玩具,,,
q14,猫咪刚到家一直躲怎么办,行为问题,猫咪到新环境躲藏非常常见，通常是对陌生环境敏感导致的应激反应。,环境陌生；缺乏安全感；新气味过多,准备安静独立空间；不要强行抱出；就近放置食物和水；等待猫咪自行探索,猫窝；猫抓板；费洛蒙安抚喷雾,,,
q15,猫咬人怎么办,行为问题,玩耍中咬人需要行为重定向。,玩耍过激；手逗习惯；精力过剩,停止手逗；用玩具替代；及时终止互动,逗猫棒；磨牙玩具,,,
q16,猫咪应激反应,健康问题,搬家或新成员可能引发应激。,环境变化；外出就医；陌生气味,提供安静空间；保持作息；持续不适就医,费洛蒙扩散器；舒缓零食,,,
q17,猫打喷嚏,健康问题,偶发喷嚏常见，伴随症状需关注。,灰尘刺激；温差变化；上呼吸道感染,保持通风；减少粉尘；流鼻涕发热就医,低尘猫砂；空气净化器,,,
q18,猫皮屑多,护理问题,皮屑增多与干燥和营养有关。,空气干燥；洗护不当；营养不均,适度加湿；减少洗澡频率；补充脂肪酸,鱼油；加湿器,,,
q19,猫频繁进出猫砂盆,健康问题,疑似泌尿不适要尽快处理。,泌尿刺激；饮水不足；应激,观察尿量；增加饮水点；异常立即就医,饮水机；泌尿护理粮,,,
q20,猫咪食欲下降,健康问题,短期食欲下降需排查环境和疾病。,天气变化；应激；口腔或肠胃不适,提供新鲜食物；观察精神状态；超过24小时就医,主食罐；营养膏,,,
q21,猫癣怎么护理,健康问题,猫癣常见于免疫力低或潮湿环境，需要治疗与环境管理同步。,真菌感染；免疫力下降；环境潮湿,按医嘱外用药；隔离并清洁常活动区；定期消杀并多晒太阳,抗真菌喷剂；次氯酸消毒液,,,
q22,奶猫怎么保暖,健康问题,新生奶猫保暖是首要任务，温度管理不当易失温。,环境温度过低；保暖设备使用不当；通风直吹,第1周保持30-32度；逐周下调温度；保持猫窝半暖半凉,保温垫；温度计,,,
q23,奶猫喂养频次怎么安排,肠胃问题,奶猫喂养需高频少量，避免呛奶和过量。,喂食间隔不合理；奶量控制不当；喂奶姿势错误,0-1周约每2小时喂一次；2-3周每3-4小时一次；使用专用奶瓶俯卧喂养,猫用奶瓶；猫奶粉,,,
q24,猫呛奶怎么处理,健康问题,奶猫呛奶是紧急情况，处理不当可能引发吸入性问题。,喂奶过快；姿势不正确；奶嘴孔过大,立即停止喂奶；让猫头部向下轻拍背部；清理口鼻并尽快联系兽医,小号奶嘴；吸鼻器,,,
q25,幼猫断奶怎么过渡,肠胃问题,断奶阶段需要循序渐进，避免肠胃负担过重。,直接更换固体粮；进食过快；适口性差,3-4周开始奶泡幼猫粮；逐步减少奶量；观察便便和体重变化,幼猫粮；主食罐,,,
q26,猫尿味怎么去除,护理问题,猫尿清理需同时去味与分解尿渍，避免重复标记。,清洁不彻底；未分解尿渍；残留气味刺激,及时处理尿点；使用去味分解清洁剂；重点处理猫常复尿区域,去味清洁剂；尿渍分解喷雾,,,
q27,猫咪不吃猫粮怎么办（新手养猫）,行为问题,常见与换粮太快有关，建议先观察精神与食欲，调整喂养节奏并做好环境管理，若持续48小时无改善建议就医。,,常见与换粮太快有关，建议先观察精神与食欲，调整喂养节奏并做好环境管理，若持续48小时无改善建议就医。,益生菌；慢食碗,,,
q28,猫咪软便拉稀怎么办（新手养猫）,行为问题,常见与搬家应激有关，建议先观察精神与食欲，调整喂养节奏并做好环境管理，若持续48小时无改善建议就医。,,常见与搬家应激有关，建议先观察精神与食欲，调整喂养节奏并做好环境管理，若持续48小时无改善建议就医。,慢食碗；自动饮水机,,,
q29,猫咪频繁呕吐怎么办（新手养猫）,行为问题,常见与清洁不到位有关，建议先观察精神与食欲，调整喂养节奏并做好环境管理，若持续48小时无改善建议就医。,,常见与清洁不到位有关，建议先观察精神与食欲，调整喂养节奏并做好环境管理，若持续48小时无改善建议就医。,自动饮水机；豆腐猫砂,,,
q30,猫咪掉毛严重怎么办（新手养猫）,行为问题,常见与运动不足有关，建议先观察精神与食欲，调整喂养节奏并做好环境管理，若持续48小时无改善建议就医。,,常见与运动不足有关，建议先观察精神与食欲，调整喂养节奏并做好环境管理，若持续48小时无改善建议就医。,豆腐猫砂；矿砂,,,
q31,猫咪黑下巴反复怎么办（新手养猫）,行为问题,常见与饮水不足有关，建议先观察精神与食欲，调整喂养节奏并做好环境管理，若持续48小时无改善建议就医。,,常见与饮水不足有关，建议先观察精神与食欲，调整喂养节奏并做好环境管理，若持续48小时无改善建议就医。,矿砂；猫抓板,,,
q32,猫咪泪痕明显怎么办（新手养猫）,行为问题,常见与作息打乱有关，建议先观察精神与食欲，调整喂养节奏并做好环境管理，若持续48小时无改善建议就医。,,常见与作息打乱有关，建议先观察精神与食欲，调整喂养节奏并做好环境管理，若持续48小时无改善建议就医。,猫抓板；逗猫棒,,,
q33,猫咪半夜跑酷怎么办（新手养猫）,行为问题,常见与猫砂不适应有关，建议先观察精神与食欲，调整喂养节奏并做好环境管理，若持续48小时无改善建议就医。,,常见与猫砂不适应有关，建议先观察精神与食欲，调整喂养节奏并做好环境管理，若持续48小时无改善建议就医。,逗猫棒；费洛蒙喷雾,,,
q34,猫咪抓沙发怎么办（新手养猫）,行为问题,常见与新猫加入有关，建议先观察精神与食欲，调整喂养节奏并做好环境管理，若持续48小时无改善建议就医。,,常见与新猫加入有关，建议先观察精神与食欲，调整喂养节奏并做好环境管理，若持续48小时无改善建议就医。,费洛蒙喷雾；化毛膏,,,
q35,猫咪乱尿怎么办（新手养猫）,行为问题,常见与季节变化有关，建议先观察精神与食欲，调整喂养节奏并做好环境管理，若持续48小时无改善建议就医。,,常见与季节变化有关，建议先观察精神与食欲，调整喂养节奏并做好环境管理，若持续48小时无改善建议就医。,化毛膏；鱼油,,,
q36,猫咪应激躲藏怎么办（新手养猫）,行为问题,常见与零食过量有关，建议先观察精神与食欲，调整喂养节奏并做好环境管理，若持续48小时无改善建议就医。,,常见与零食过量有关，建议先观察精神与食欲，调整喂养节奏并做好环境管理，若持续48小时无改善建议就医。,鱼油；益生菌,,,
q37,猫咪口臭怎么办（新手养猫）,行为问题,常见与换粮太快有关，建议先观察精神与食欲，调整喂养节奏并做好环境管理，若持续48小时无改善建议就医。,,常见与换粮太快有关，建议先观察精神与食欲，调整喂养节奏并做好环境管理，若持续48小时无改善建议就医。,益生菌；慢食碗,,,
q38,猫咪体重下降怎么办（新手养猫）,行为问题,常见与搬家应激有关，建议先观察精神与食欲，调整喂养节奏并做好环境管理，若持续48小时无改善建议就医。,,常见与搬家应激有关，建议先观察精神与食欲，调整喂养节奏并做好环境管理，若持续48小时无改善建议就医。,慢食碗；自动饮水机,,,
q39,猫咪喝水太少怎么办（新手养猫）,行为问题,常见与清洁不到位有关，建议先观察精神与食欲，调整喂养节奏并做好环境管理，若持续48小时无改善建议就医。,,常见与清洁不到位有关，建议先观察精神与食欲，调整喂养节奏并做好环境管理，若持续48小时无改善建议就医。,自动饮水机；豆腐猫砂,,,
q40,猫咪便秘怎么办（新手养猫）,行为问题,常见与运动不足有关，建议先观察精神与食欲，调整喂养节奏并做好环境管理，若持续48小时无改善建议就医。,,常见与运动不足有关，建议先观察精神与食欲，调整喂养节奏并做好环境管理，若持续48小时无改善建议就医。,豆腐猫砂；矿砂,,,
q41,猫咪舔毛过度怎么办（新手养猫）,行为问题,常见与饮水不足有关，建议先观察精神与食欲，调整喂养节奏并做好环境管理，若持续48小时无改善建议就医。,,常见与饮水不足有关，建议先观察精神与食欲，调整喂养节奏并做好环境管理，若持续48小时无改善建议就医。,矿砂；猫抓板,,,
q42,猫咪不吃猫粮怎么办（饮食喂养）,肠胃问题,常见与作息打乱有关，建议先观察精神与食欲，调整喂养节奏并做好环境管理，若持续48小时无改善建议就医。,,常见与作息打乱有关，建议先观察精神与食欲，调整喂养节奏并做好环境管理，若持续48小时无改善建议就医。,猫抓板；逗猫棒,,,
q43,猫咪软便拉稀怎么办（饮食喂养）,肠胃问题,常见与猫砂不适应有关，建议先观察精神与食欲，调整喂养节奏并做好环境管理，若持续48小时无改善建议就医。,,常见与猫砂不适应有关，建议先观察精神与食欲，调整喂养节奏并做好环境管理，若持续48小时无改善建议就医。,逗猫棒；费洛蒙喷雾,,,
q44,猫咪频繁呕吐怎么办（饮食喂养）,肠胃问题,常见与新猫加入有关，建议先观察精神与食欲，调整喂养节奏并做好环境管理，若持续48小时无改善建议就医。,,常见与新猫加入有关，建议先观察精神与食欲，调整喂养节奏并做好环境管理，若持续48小时无改善建议就医。,费洛蒙喷雾；化毛膏,,,
q45,猫咪掉毛严重怎么办（饮食喂养）,肠胃问题,常见与季节变化有关，建议先观察精神与食欲，调整喂养节奏并做好环境管理，若持续48小时无改善建议就医。,,常见与季节变化有关，建议先观察精神与食欲，调整喂养节奏并做好环境管理，若持续48小时无改善建议就医。,化毛膏；鱼油,,,
q46,猫咪黑下巴反复怎么办（饮食喂养）,肠胃问题,常见与零食过量有关，建议先观察精神与食欲，调整喂养节奏并做好环境管理，若持续48小时无改善建议就医。,,常见与零食过量有关，建议先观察精神与食欲，调整喂养节奏并做好环境管理，若持续48小时无改善建议就医。,鱼油；益生菌,,,
q47,猫咪泪痕明显怎么办（饮食喂养）,肠胃问题,常见与换粮太快有关，建议先观察精神与食欲，调整喂养节奏并做好环境管理，若持续48小时无改善建议就医。,,常见与换粮太快有关，建议先观察精神与食欲，调整喂养节奏并做好环境管理，若持续48小时无改善建议就医。,益生菌；慢食碗,,,
q48,猫咪半夜跑酷怎么办（饮食喂养）,肠胃问题,常见与搬家应激有关，建议先观察精神与食欲，调整喂养节奏并做好环境管理，若持续48小时无改善建议就医。,,常见与搬家应激有关，建议先观察精神与食欲，调整喂养节奏并做好环境管理，若持续48小时无改善建议就医。,慢食碗；自动饮水机,,,
q49,猫咪抓沙发怎么办（饮食喂养）,肠胃问题,常见与清洁不到位有关，建议先观察精神与食欲，调整喂养节奏并做好环境管理，若持续48小时无改善建议就医。,,常见与清洁不到位有关，建议先观察精神与食欲，调整喂养节奏并做好环境管理，若持续48小时无改善建议就医。,自动饮水机；豆腐猫砂,,,
q50,猫咪乱尿怎么办（饮食喂养）,肠胃问题,常见与运动不足有关，建议先观察精神与食欲，调整喂养节奏并做好环境管理，若持续48小时无改善建议就医。,,常见与运动不足有关，建议先观察精神与食欲，调整喂养节奏并做好环境管理，若持续48小时无改善建议就医。,豆腐猫砂；矿砂,,,
q51,猫咪应激躲藏怎么办（饮食喂养）,肠胃问题,常见与饮水不足有关，建议先观察精神与食欲，调整喂养节奏并做好环境管理，若持续48小时无改善建议就医。,,常见与饮水不足有关，建议先观察精神与食欲，调整喂养节奏并做好环境管理，若持续48小时无改善建议就医。,矿砂；猫抓板,,,
q52,猫咪口臭怎么办（饮食喂养）,肠胃问题,常见与作息打乱有关，建议先观察精神与食欲，调整喂养节奏并做好环境管理，若持续48小时无改善建议就医。,,常见与作息打乱有关，建议先观察精神与食欲，调整喂养节奏并做好环境管理，若持续48小时无改善建议就医。,猫抓板；逗猫棒,,,
q53,猫咪体重下降怎么办（饮食喂养）,肠胃问题,常见与猫砂不适应有关，建议先观察精神与食欲，调整喂养节奏并做好环境管理，若持续48小时无改善建议就医。,,常见与猫砂不适应有关，建议先观察精神与食欲，调整喂养节奏并做好环境管理，若持续48小时无改善建议就医。,逗猫棒；费洛蒙喷雾,,,
q54,猫咪喝水太少怎么办（饮食喂养）,肠胃问题,常见与新猫加入有关，建议先观察精神与食欲，调整喂养节奏并做好环境管理，若持续48小时无改善建议就医。,,常见与新猫加入有关，建议先观察精神与食欲，调整喂养节奏并做好环境管理，若持续48小时无改善建议就医。,费洛蒙喷雾；化毛膏,,,
q55,猫咪便秘怎么办（饮食喂养）,肠胃问题,常见与季节变化有关，建议先观察精神与食欲，调整喂养节奏并做好环境管理，若持续48小时无改善建议就医。,,常见与季节变化有关，建议先观察精神与食欲，调整喂养节奏并做好环境管理，若持续48小时无改善建议就医。,化毛膏；鱼油,,,
q56,猫咪舔毛过度怎么办（饮食喂养）,肠胃问题,常见与零食过量有关，建议先观察精神与食欲，调整喂养节奏并做好环境管理，若持续48小时无改善建议就医。,,常见与零食过量有关，建议先观察精神与食欲，调整喂养节奏并做好环境管理，若持续48小时无改善建议就医。,鱼油；益生菌,,,
q57,猫咪不吃猫粮怎么办（肠胃问题）,肠胃问题,常见与换粮太快有关，建议先观察精神与食欲，调整喂养节奏并做好环境管理，若持续48小时无改善建议就医。,,常见与换粮太快有关，建议先观察精神与食欲，调整喂养节奏并做好环境管理，若持续48小时无改善建议就医。,益生菌；慢食碗,,,
q58,猫咪软便拉稀怎么办（肠胃问题）,肠胃问题,常见与搬家应激有关，建议先观察精神与食欲，调整喂养节奏并做好环境管理，若持续48小时无改善建议就医。,,常见与搬家应激有关，建议先观察精神与食欲，调整喂养节奏并做好环境管理，若持续48小时无改善建议就医。,慢食碗；自动饮水机,,,
q59,猫咪频繁呕吐怎么办（肠胃问题）,肠胃问题,常见与清洁不到位有关，建议先观察精神与食欲，调整喂养节奏并做好环境管理，若持续48小时无改善建议就医。,,常见与清洁不到位有关，建议先观察精神与食欲，调整喂养节奏并做好环境管理，若持续48小时无改善建议就医。,自动饮水机；豆腐猫砂,,,
q60,猫咪掉毛严重怎么办（肠胃问题）,肠胃问题,常见与运动不足有关，建议先观察精神与食欲，调整喂养节奏并做好环境管理，若持续48小时无改善建议就医。,,常见与运动不足有关，建议先观察精神与食欲，调整喂养节奏并做好环境管理，若持续48小时无改善建议就医。,豆腐猫砂；矿砂,,,
q61,猫咪黑下巴反复怎么办（肠胃问题）,肠胃问题,常见与饮水不足有关，建议先观察精神与食欲，调整喂养节奏并做好环境管理，若持续48小时无改善建议就医。,,常见与饮水不足有关，建议先观察精神与食欲，调整喂养节奏并做好环境管理，若持续48小时无改善建议就医。,矿砂；猫抓板,,,
q62,猫咪泪痕明显怎么办（肠胃问题）,肠胃问题,常见与作息打乱有关，建议先观察精神与食欲，调整喂养节奏并做好环境管理，若持续48小时无改善建议就医。,,常见与作息打乱有关，建议先观察精神与食欲，调整喂养节奏并做好环境管理，若持续48小时无改善建议就医。,猫抓板；逗猫棒,,,
q63,猫咪半夜跑酷怎么办（肠胃问题）,肠胃问题,常见与猫砂不适应有关，建议先观察精神与食欲，调整喂养节奏并做好环境管理，若持续48小时无改善建议就医。,,常见与猫砂不适应有关，建议先观察精神与食欲，调整喂养节奏并做好环境管理，若持续48小时无改善建议就医。,逗猫棒；费洛蒙喷雾,,,
q64,猫咪抓沙发怎么办（肠胃问题）,肠胃问题,常见与新猫加入有关，建议先观察精神与食欲，调整喂养节奏并做好环境管理，若持续48小时无改善建议就医。,,常见与新猫加入有关，建议先观察精神与食欲，调整喂养节奏并做好环境管理，若持续48小时无改善建议就医。,费洛蒙喷雾；化毛膏,,,
q65,猫咪乱尿怎么办（肠胃问题）,肠胃问题,常见与季节变化有关，建议先观察精神与食欲，调整喂养节奏并做好环境管理，若持续48小时无改善建议就医。,,常见与季节变化有关，建议先观察精神与食欲，调整喂养节奏并做好环境管理，若持续48小时无改善建议就医。,化毛膏；鱼油,,,
q66,猫咪应激躲藏怎么办（肠胃问题）,肠胃问题,常见与零食过量有关，建议先观察精神与食欲，调整喂养节奏并做好环境管理，若持续48小时无改善建议就医。,,常见与零食过量有关，建议先观察精神与食欲，调整喂养节奏并做好环境管理，若持续48小时无改善建议就医。,鱼油；益生菌,,,
q67,猫咪口臭怎么办（肠胃问题）,肠胃问题,常见与换粮太快有关，建议先观察精神与食欲，调整喂养节奏并做好环境管理，若持续48小时无改善建议就医。,,常见与换粮太快有关，建议先观察精神与食欲，调整喂养节奏并做好环境管理，若持续48小时无改善建议就医。,益生菌；慢食碗,,,
q68,猫咪体重下降怎么办（肠胃问题）,肠胃问题,常见与搬家应激有关，建议先观察精神与食欲，调整喂养节奏并做好环境管理，若持续48小时无改善建议就医。,,常见与搬家应激有关，建议先观察精神与食欲，调整喂养节奏并做好环境管理，若持续48小时无改善建议就医。,慢食碗；自动饮水机,,,
q69,猫咪喝水太少怎么办（肠胃问题）,肠胃问题,常见与清洁不到位有关，建议先观察精神与食欲，调整喂养节奏并做好环境管理，若持续48小时无改善建议就医。,,常见与清洁不到位有关，建议先观察精神与食欲，调整喂养节奏并做好环境管理，若持续48小时无改善建议就医。,自动饮水机；豆腐猫砂,,,
q70,猫咪便秘怎么办（肠胃问题）,肠胃问题,常见与运动不足有关，建议先观察精神与食欲，调整喂养节奏并做好环境管理，若持续48小时无改善建议就医。,,常见与运动不足有关，建议先观察精神与食欲，调整喂养节奏并做好环境管理，若持续48小时无改善建议就医。,豆腐猫砂；矿砂,,,
q71,猫咪舔毛过度怎么办（肠胃问题）,肠胃问题,常见与饮水不足有关，建议先观察精神与食欲，调整喂养节奏并做好环境管理，若持续48小时无改善建议就医。,,常见与饮水不足有关，建议先观察精神与食欲，调整喂养节奏并做好环境管理，若持续48小时无改善建议就医。,矿砂；猫抓板,,,
q72,猫咪不吃猫粮怎么办（日常护理）,护理问题,常见与作息打乱有关，建议先观察精神与食欲，调整喂养节奏并做好环境管理，若持续48小时无改善建议就医。,,常见与作息打乱有关，建议先观察精神与食欲，调整喂养节奏并做好环境管理，若持续48小时无改善建议就医。,猫抓板；逗猫棒,,,
q73,猫咪软便拉稀怎么办（日常护理）,护理问题,常见与猫砂不适应有关，建议先观察精神与食欲，调整喂养节奏并做好环境管理，若持续48小时无改善建议就医。,,常见与猫砂不适应有关，建议先观察精神与食欲，调整喂养节奏并做好环境管理，若持续48小时无改善建议就医。,逗猫棒；费洛蒙喷雾,,,
q74,猫咪频繁呕吐怎么办（日常护理）,护理问题,常见与新猫加入有关，建议先观察精神与食欲，调整喂养节奏并做好环境管理，若持续48小时无改善建议就医。,,常见与新猫加入有关，建议先观察精神与食欲，调整喂养节奏并做好环境管理，若持续48小时无改善建议就医。,费洛蒙喷雾；化毛膏,,,
q75,猫咪掉毛严重怎么办（日常护理）,护理问题,常见与季节变化有关，建议先观察精神与食欲，调整喂养节奏并做好环境管理，若持续48小时无改善建议就医。,,常见与季节变化有关，建议先观察精神与食欲，调整喂养节奏并做好环境管理，若持续48小时无改善建议就医。,化毛膏；鱼油,,,
q76,猫咪黑下巴反复怎么办（日常护理）,护理问题,常见与零食过量有关，建议先观察精神与食欲，调整喂养节奏并做好环境管理，若持续48小时无改善建议就医。,,常见与零食过量有关，建议先观察精神与食欲，调整喂养节奏并做好环境管理，若持续48小时无改善建议就医。,鱼油；益生菌,,,
q77,猫咪泪痕明显怎么办（日常护理）,护理问题,常见与换粮太快有关，建议先观察精神与食欲，调整喂养节奏并做好环境管理，若持续48小时无改善建议就医。,,常见与换粮太快有关，建议先观察精神与食欲，调整喂养节奏并做好环境管理，若持续48小时无改善建议就医。,益生菌；慢食碗,,,
q78,猫咪半夜跑酷怎么办（日常护理）,护理问题,常见与搬家应激有关，建议先观察精神与食欲，调整喂养节奏并做好环境管理，若持续48小时无改善建议就医。,,常见与搬家应激有关，建议先观察精神与食欲，调整喂养节奏并做好环境管理，若持续48小时无改善建议就医。,慢食碗；自动饮水机,,,
q79,猫咪抓沙发怎么办（日常护理）,护理问题,常见与清洁不到位有关，建议先观察精神与食欲，调整喂养节奏并做好环境管理，若持续48小时无改善建议就医。,,常见与清洁不到位有关，建议先观察精神与食欲，调整喂养节奏并做好环境管理，若持续48小时无改善建议就医。,自动饮水机；豆腐猫砂,,,
q80,猫咪乱尿怎么办（日常护理）,护理问题,常见与运动不足有关，建议先观察精神与食欲，调整喂养节奏并做好环境管理，若持续48小时无改善建议就医。,,常见与运动不足有关，建议先观察精神与食欲，调整喂养节奏并做好环境管理，若持续48小时无改善建议就医。,豆腐猫砂；矿砂,,,
q81,猫咪应激躲藏怎么办（日常护理）,护理问题,常见与饮水不足有关，建议先观察精神与食欲，调整喂养节奏并做好环境管理，若持续48小时无改善建议就医。,,常见与饮水不足有关，建议先观察精神与食欲，调整喂养节奏并做好环境管理，若持续48小时无改善建议就医。,矿砂；猫抓板,,,
q82,猫咪口臭怎么办（日常护理）,护理问题,常见与作息打乱有关，建议先观察精神与食欲，调整喂养节奏并做好环境管理，若持续48小时无改善建议就医。,,常见与作息打乱有关，建议先观察精神与食欲，调整喂养节奏并做好环境管理，若持续48小时无改善建议就医。,猫抓板；逗猫棒,,,
q83,猫咪体重下降怎么办（日常护理）,护理问题,常见与猫砂不适应有关，建议先观察精神与食欲，调整喂养节奏并做好环境管理，若持续48小时无改善建议就医。,,常见与猫砂不适应有关，建议先观察精神与食欲，调整喂养节奏并做好环境管理，若持续48小时无改善建议就医。,逗猫棒；费洛蒙喷雾,,,
q84,猫咪喝水太少怎么办（日常护理）,护理问题,常见与新猫加入有关，建议先观察精神与食欲，调整喂养节奏并做好环境管理，若持续48小时无改善建议就医。,,常见与新猫加入有关，建议先观察精神与食欲，调整喂养节奏并做好环境管理，若持续48小时无改善建议就医。,费洛蒙喷雾；化毛膏,,,
q85,猫咪便秘怎么办（日常护理）,护理问题,常见与季节变化有关，建议先观察精神与食欲，调整喂养节奏并做好环境管理，若持续48小时无改善建议就医。,,常见与季节变化有关，建议先观察精神与食欲，调整喂养节奏并做好环境管理，若持续48小时无改善建议就医。,化毛膏；鱼油,,,
q86,猫咪舔毛过度怎么办（日常护理）,护理问题,常见与零食过量有关，建议先观察精神与食欲，调整喂养节奏并做好环境管理，若持续48小时无改善建议就医。,,常见与零食过量有关，建议先观察精神与食欲，调整喂养节奏并做好环境管理，若持续48小时无改善建议就医。,鱼油；益生菌,,,
q87,猫咪不吃猫粮怎么办（行为问题）,行为问题,常见与换粮太快有关，建议先观察精神与食欲，调整喂养节奏并做好环境管理，若持续48小时无改善建议就医。,,常见与换粮太快有关，建议先观察精神与食欲，调整喂养节奏并做好环境管理，若持续48小时无改善建议就医。,益生菌；慢食碗,,,
q88,猫咪软便拉稀怎么办（行为问题）,行为问题,常见与搬家应激有关，建议先观察精神与食欲，调整喂养节奏并做好环境管理，若持续48小时无改善建议就医。,,常见与搬家应激有关，建议先观察精神与食欲，调整喂养节奏并做好环境管理，若持续48小时无改善建议就医。,慢食碗；自动饮水机,,,
q89,猫咪频繁呕吐怎么办（行为问题）,行为问题,常见与清洁不到位有关，建议先观察精神与食欲，调整喂养节奏并做好环境管理，若持续48小时无改善建议就医。,,常见与清洁不到位有关，建议先观察精神与食欲，调整喂养节奏并做好环境管理，若持续48小时无改善建议就医。,自动饮水机；豆腐猫砂,,,
q90,猫咪掉毛严重怎么办（行为问题）,行为问题,常见与运动不足有关，建议先观察精神与食欲，调整喂养节奏并做好环境管理，若持续48小时无改善建议就医。,,常见与运动不足有关，建议先观察精神与食欲，调整喂养节奏并做好环境管理，若持续48小时无改善建议就医。,豆腐猫砂；矿砂,,,
q91,猫咪黑下巴反复怎么办（行为问题）,行为问题,常见与饮水不足有关，建议先观察精神与食欲，调整喂养节奏并做好环境管理，若持续48小时无改善建议就医。,,常见与饮水不足有关，建议先观察精神与食欲，调整喂养节奏并做好环境管理，若持续48小时无改善建议就医。,矿砂；猫抓板,,,
q92,猫咪泪痕明显怎么办（行为问题）,行为问题,常见与作息打乱有关，建议先观察精神与食欲，调整喂养节奏并做好环境管理，若持续48小时无改善建议就医。,,常见与作息打乱有关，建议先观察精神与食欲，调整喂养节奏并做好环境管理，若持续48小时无改善建议就医。,猫抓板；逗猫棒,,,
q93,猫咪半夜跑酷怎么办（行为问题）,行为问题,常见与猫砂不适应有关，建议先观察精神与食欲，调整喂养节奏并做好环境管理，若持续48小时无改善建议就医。,,常见与猫砂不适应有关，建议先观察精神与食欲，调整喂养节奏并做好环境管理，若持续48小时无改善建议就医。,逗猫棒；费洛蒙喷雾,,,
q94,猫咪抓沙发怎么办（行为问题）,行为问题,常见与新猫加入有关，建议先观察精神与食欲，调整喂养节奏并做好环境管理，若持续48小时无改善建议就医。,,常见与新猫加入有关，建议先观察精神与食欲，调整喂养节奏并做好环境管理，若持续48小时无改善建议就医。,费洛蒙喷雾；化毛膏,,,
q95,猫咪乱尿怎么办（行为问题）,行为问题,常见与季节变化有关，建议先观察精神与食欲，调整喂养节奏并做好环境管理，若持续48小时无改善建议就医。,,常见与季节变化有关，建议先观察精神与食欲，调整喂养节奏并做好环境管理，若持续48小时无改善建议就医。,化毛膏；鱼油,,,
q96,猫咪应激躲藏怎么办（行为问题）,行为问题,常见与零食过量有关，建议先观察精神与食欲，调整喂养节奏并做好环境管理，若持续48小时无改善建议就医。,,常见与零食过量有关，建议先观察精神与食欲，调整喂养节奏并做好环境管理，若持续48小时无改善建议就医。,鱼油；益生菌,,,
q97,猫咪口臭怎么办（行为问题）,行为问题,常见与换粮太快有关，建议先观察精神与食欲，调整喂养节奏并做好环境管理，若持续48小时无改善建议就医。,,常见与换粮太快有关，建议先观察精神与食欲，调整喂养节奏并做好环境管理，若持续48小时无改善建议就医。,益生菌；慢食碗,,,
q98,猫咪体重下降怎么办（行为问题）,行为问题,常见与搬家应激有关，建议先观察精神与食欲，调整喂养节奏并做好环境管理，若持续48小时无改善建议就医。,,常见与搬家应激有关，建议先观察精神与食欲，调整喂养节奏并做好环境管理，若持续48小时无改善建议就医。,慢食碗；自动饮水机,,,
q99,猫咪喝水太少怎么办（行为问题）,行为问题,常见与清洁不到位有关，建议先观察精神与食欲，调整喂养节奏并做好环境管理，若持续48小时无改善建议就医。,,常见与清洁不到位有关，建议先观察精神与食欲，调整喂养节奏并做好环境管理，若持续48小时无改善建议就医。,自动饮水机；豆腐猫砂,,,
q100,猫咪便秘怎么办（行为问题）,行为问题,常见与运动不足有关，建议先观察精神与食欲，调整喂养节奏并做好环境管理，若持续48小时无改善建议就医。,,常见与运动不足有关，建议先观察精神与食欲，调整喂养节奏并做好环境管理，若持续48小时无改善建议就医。,豆腐猫砂；矿砂,,,
q101,猫咪舔毛过度怎么办（行为问题）,行为问题,常见与饮水不足有关，建议先观察精神与食欲，调整喂养节奏并做好环境管理，若持续48小时无改善建议就医。,,常见与饮水不足有关，建议先观察精神与食欲，调整喂养节奏并做好环境管理，若持续48小时无改善建议就医。,矿砂；猫抓板,,,
q102,猫咪不吃猫粮怎么办（健康就医）,健康问题,常见与作息打乱有关，建议先观察精神与食欲，调整喂养节奏并做好环境管理，若持续48小时无改善建议就医。,,常见与作息打乱有关，建议先观察精神与食欲，调整喂养节奏并做好环境管理，若持续48小时无改善建议就医。,猫抓板；逗猫棒,,,
q103,猫咪软便拉稀怎么办（健康就医）,健康问题,常见与猫砂不适应有关，建议先观察精神与食欲，调整喂养节奏并做好环境管理，若持续48小时无改善建议就医。,,常见与猫砂不适应有关，建议先观察精神与食欲，调整喂养节奏并做好环境管理，若持续48小时无改善建议就医。,逗猫棒；费洛蒙喷雾,,,
q104,猫咪频繁呕吐怎么办（健康就医）,健康问题,常见与新猫加入有关，建议先观察精神与食欲，调整喂养节奏并做好环境管理，若持续48小时无改善建议就医。,,常见与新猫加入有关，建议先观察精神与食欲，调整喂养节奏并做好环境管理，若持续48小时无改善建议就医。,费洛蒙喷雾；化毛膏,,,
q105,猫咪掉毛严重怎么办（健康就医）,健康问题,常见与季节变化有关，建议先观察精神与食欲，调整喂养节奏并做好环境管理，若持续48小时无改善建议就医。,,常见与季节变化有关，建议先观察精神与食欲，调整喂养节奏并做好环境管理，若持续48小时无改善建议就医。,化毛膏；鱼油,,,
q106,猫咪黑下巴反复怎么办（健康就医）,健康问题,常见与零食过量有关，建议先观察精神与食欲，调整喂养节奏并做好环境管理，若持续48小时无改善建议就医。,,常见与零食过量有关，建议先观察精神与食欲，调整喂养节奏并做好环境管理，若持续48小时无改善建议就医。,鱼油；益生菌,,,
q107,猫咪泪痕明显怎么办（健康就医）,健康问题,常见与换粮太快有关，建议先观察精神与食欲，调整喂养节奏并做好环境管理，若持续48小时无改善建议就医。,,常见与换粮太快有关，建议先观察精神与食欲，调整喂养节奏并做好环境管理，若持续48小时无改善建议就医。,益生菌；慢食碗,,,
q108,猫咪半夜跑酷怎么办（健康就医）,健康问题,常见与搬家应激有关，建议先观察精神与食欲，调整喂养节奏并做好环境管理，若持续48小时无改善建议就医。,,常见与搬家应激有关，建议先观察精神与食欲，调整喂养节奏并做好环境管理，若持续48小时无改善建议就医。,慢食碗；自动饮水机,,,
q109,猫咪抓沙发怎么办（健康就医）,健康问题,常见与清洁不到位有关，建议先观察精神与食欲，调整喂养节奏并做好环境管理，若持续48小时无改善建议就医。,,常见与清洁不到位有关，建议先观察精神与食欲，调整喂养节奏并做好环境管理，若持续48小时无改善建议就医。,自动饮水机；豆腐猫砂,,,
q110,猫咪乱尿怎么办（健康就医）,健康问题,常见与运动不足有关，建议先观察精神与食欲，调整喂养节奏并做好环境管理，若持续48小时无改善建议就医。,,常见与运动不足有关，建议先观察精神与食欲，调整喂养节奏并做好环境管理，若持续48小时无改善建议就医。,豆腐猫砂；矿砂,,,
q111,猫咪应激躲藏怎么办（健康就医）,健康问题,常见与饮水不足有关，建议先观察精神与食欲，调整喂养节奏并做好环境管理，若持续48小时无改善建议就医。,,常见与饮水不足有关，建议先观察精神与食欲，调整喂养节奏并做好环境管理，若持续48小时无改善建议就医。,矿砂；猫抓板,,,
q112,猫咪口臭怎么办（健康就医）,健康问题,常见与作息打乱有关，建议先观察精神与食欲，调整喂养节奏并做好环境管理，若持续48小时无改善建议就医。,,常见与作息打乱有关，建议先观察精神与食欲，调整喂养节奏并做好环境管理，若持续48小时无改善建议就医。,猫抓板；逗猫棒,,,
q113,猫咪体重下降怎么办（健康就医）,健康问题,常见与猫砂不适应有关，建议先观察精神与食欲，调整喂养节奏并做好环境管理，若持续48小时无改善建议就医。,,常见与猫砂不适应有关，建议先观察精神与食欲，调整喂养节奏并做好环境管理，若持续48小时无改善建议就医。,逗猫棒；费洛蒙喷雾,,,
q114,猫咪喝水太少怎么办（健康就医）,健康问题,常见与新猫加入有关，建议先观察精神与食欲，调整喂养节奏并做好环境管理，若持续48小时无改善建议就医。,,常见与新猫加入有关，建议先观察精神与食欲，调整喂养节奏并做好环境管理，若持续48小时无改善建议就医。,费洛蒙喷雾；化毛膏,,,
q115,猫咪便秘怎么办（健康就医）,健康问题,常见与季节变化有关，建议先观察精神与食欲，调整喂养节奏并做好环境管理，若持续48小时无改善建议就医。,,常见与季节变化有关，建议先观察精神与食欲，调整喂养节奏并做好环境管理，若持续48小时无改善建议就医。,化毛膏；鱼油,,,
q116,猫咪舔毛过度怎么办（健康就医）,健康问题,常见与零食过量有关，建议先观察精神与食欲，调整喂养节奏并做好环境管理，若持续48小时无改善建议就医。,,常见与零食过量有关，建议先观察精神与食欲，调整喂养节奏并做好环境管理，若持续48小时无改善建议就医。,鱼油；益生菌,,,
q117,猫咪不吃猫粮怎么办（环境布置）,行为问题,常见与换粮太快有关，建议先观察精神与食欲，调整喂养节奏并做好环境管理，若持续48小时无改善建议就医。,,常见与换粮太快有关，建议先观察精神与食欲，调整喂养节奏并做好环境管理，若持续48小时无改善建议就医。,益生菌；慢食碗,,,
q118,猫咪软便拉稀怎么办（环境布置）,行为问题,常见与搬家应激有关，建议先观察精神与食欲，调整喂养节奏并做好环境管理，若持续48小时无改善建议就医。,,常见与搬家应激有关，建议先观察精神与食欲，调整喂养节奏并做好环境管理，若持续48小时无改善建议就医。,慢食碗；自动饮水机,,,
q119,猫咪频繁呕吐怎么办（环境布置）,行为问题,常见与清洁不到位有关，建议先观察精神与食欲，调整喂养节奏并做好环境管理，若持续48小时无改善建议就医。,,常见与清洁不到位有关，建议先观察精神与食欲，调整喂养节奏并做好环境管理，若持续48小时无改善建议就医。,自动饮水机；豆腐猫砂,,,
q120,猫咪掉毛严重怎么办（环境布置）,行为问题,常见与运动不足有关，建议先观察精神与食欲，调整喂养节奏并做好环境管理，若持续48小时无改善建议就医。,,常见与运动不足有关，建议先观察精神与食欲，调整喂养节奏并做好环境管理，若持续48小时无改善建议就医。,豆腐猫砂；矿砂,,,
q121,猫咪黑下巴反复怎么办（环境布置）,行为问题,常见与饮水不足有关，建议先观察精神与食欲，调整喂养节奏并做好环境管理，若持续48小时无改善建议就医。,,常见与饮水不足有关，建议先观察精神与食欲，调整喂养节奏并做好环境管理，若持续48小时无改善建议就医。,矿砂；猫抓板,,,
q122,猫咪泪痕明显怎么办（环境布置）,行为问题,常见与作息打乱有关，建议先观察精神与食欲，调整喂养节奏并做好环境管理，若持续48小时无改善建议就医。,,常见与作息打乱有关，建议先观察精神与食欲，调整喂养节奏并做好环境管理，若持续48小时无改善建议就医。,猫抓板；逗猫棒,,,
q123,猫咪半夜跑酷怎么办（环境布置）,行为问题,常见与猫砂不适应有关，建议先观察精神与食欲，调整喂养节奏并做好环境管理，若持续48小时无改善建议就医。,,常见与猫砂不适应有关，建议先观察精神与食欲，调整喂养节奏并做好环境管理，若持续48小时无改善建议就医。,逗猫棒；费洛蒙喷雾,,,
q124,猫咪抓沙发怎么办（环境布置）,行为问题,常见与新猫加入有关，建议先观察精神与食欲，调整喂养节奏并做好环境管理，若持续48小时无改善建议就医。,,常见与新猫加入有关，建议先观察精神与食欲，调整喂养节奏并做好环境管理，若持续48小时无改善建议就医。,费洛蒙喷雾；化毛膏,,,
q125,猫咪乱尿怎么办（环境布置）,行为问题,常见与季节变化有关，建议先观察精神与食欲，调整喂养节奏并做好环境管理，若持续48小时无改善建议就医。,,常见与季节变化有关，建议先观察精神与食欲，调整喂养节奏并做好环境管理，若持续48小时无改善建议就医。,化毛膏；鱼油,,,
q126,猫咪应激躲藏怎么办（环境布置）,行为问题,常见与零食过量有关，建议先观察精神与食欲，调整喂养节奏并做好环境管理，若持续48小时无改善建议就医。,,常见与零食过量有关，建议先观察精神与食欲，调整喂养节奏并做好环境管理，若持续48小时无改善建议就医。,鱼油；益生菌,,,
q127,猫咪口臭怎么办（环境布置）,行为问题,常见与换粮太快有关，建议先观察精神与食欲，调整喂养节奏并做好环境管理，若持续48小时无改善建议就医。,,常见与换粮太快有关，建议先观察精神与食欲，调整喂养节奏并做好环境管理，若持续48小时无改善建议就医。,益生菌；慢食碗,,,
q128,猫咪体重下降怎么办（环境布置）,行为问题,常见与搬家应激有关，建议先观察精神与食欲，调整喂养节奏并做好环境管理，若持续48小时无改善建议就医。,,常见与搬家应激有关，建议先观察精神与食欲，调整喂养节奏并做好环境管理，若持续48小时无改善建议就医。,慢食碗；自动饮水机,,,
q129,猫咪喝水太少怎么办（环境布置）,行为问题,常见与清洁不到位有关，建议先观察精神与食欲，调整喂养节奏并做好环境管理，若持续48小时无改善建议就医。,,常见与清洁不到位有关，建议先观察精神与食欲，调整喂养节奏并做好环境管理，若持续48小时无改善建议就医。,自动饮水机；豆腐猫砂,,,
q130,猫咪便秘怎么办（环境布置）,行为问题,常见与运动不足有关，建议先观察精神与食欲，调整喂养节奏并做好环境管理，若持续48小时无改善建议就医。,,常见与运动不足有关，建议先观察精神与食欲，调整喂养节奏并做好环境管理，若持续48小时无改善建议就医。,豆腐猫砂；矿砂,,,
q131,猫咪舔毛过度怎么办（环境布置）,行为问题,常见与饮水不足有关，建议先观察精神与食欲，调整喂养节奏并做好环境管理，若持续48小时无改善建议就医。,,常见与饮水不足有关，建议先观察精神与食欲，调整喂养节奏并做好环境管理，若持续48小时无改善建议就医。,矿砂；猫抓板,,,
q132,猫咪不吃猫粮怎么办（多猫家庭）,行为问题,常见与作息打乱有关，建议先观察精神与食欲，调整喂养节奏并做好环境管理，若持续48小时无改善建议就医。,,常见与作息打乱有关，建议先观察精神与食欲，调整喂养节奏并做好环境管理，若持续48小时无改善建议就医。,猫抓板；逗猫棒,,,
q133,猫咪软便拉稀怎么办（多猫家庭）,行为问题,常见与猫砂不适应有关，建议先观察精神与食欲，调整喂养节奏并做好环境管理，若持续48小时无改善建议就医。,,常见与猫砂不适应有关，建议先观察精神与食欲，调整喂养节奏并做好环境管理，若持续48小时无改善建议就医。,逗猫棒；费洛蒙喷雾,,,
q134,猫咪频繁呕吐怎么办（多猫家庭）,行为问题,常见与新猫加入有关，建议先观察精神与食欲，调整喂养节奏并做好环境管理，若持续48小时无改善建议就医。,,常见与新猫加入有关，建议先观察精神与食欲，调整喂养节奏并做好环境管理，若持续48小时无改善建议就医。,费洛蒙喷雾；化毛膏,,,
q135,猫咪掉毛严重怎么办（多猫家庭）,行为问题,常见与季节变化有关，建议先观察精神与食欲，调整喂养节奏并做好环境管理，若持续48小时无改善建议就医。,,常见与季节变化有关，建议先观察精神与食欲，调整喂养节奏并做好环境管理，若持续48小时无改善建议就医。,化毛膏；鱼油,,,
q136,猫咪黑下巴反复怎么办（多猫家庭）,行为问题,常见与零食过量有关，建议先观察精神与食欲，调整喂养节奏并做好环境管理，若持续48小时无改善建议就医。,,常见与零食过量有关，建议先观察精神与食欲，调整喂养节奏并做好环境管理，若持续48小时无改善建议就医。,鱼油；益生菌,,,
q137,猫咪泪痕明显怎么办（多猫家庭）,行为问题,常见与换粮太快有关，建议先观察精神与食欲，调整喂养节奏并做好环境管理，若持续48小时无改善建议就医。,,常见与换粮太快有关，建议先观察精神与食欲，调整喂养节奏并做好环境管理，若持续48小时无改善建议就医。,益生菌；慢食碗,,,
q138,猫咪半夜跑酷怎么办（多猫家庭）,行为问题,常见与搬家应激有关，建议先观察精神与食欲，调整喂养节奏并做好环境管理，若持续48小时无改善建议就医。,,常见与搬家应激有关，建议先观察精神与食欲，调整喂养节奏并做好环境管理，若持续48小时无改善建议就医。,慢食碗；自动饮水机,,,
q139,猫咪抓沙发怎么办（多猫家庭）,行为问题,常见与清洁不到位有关，建议先观察精神与食欲，调整喂养节奏并做好环境管理，若持续48小时无改善建议就医。,,常见与清洁不到位有关，建议先观察精神与食欲，调整喂养节奏并做好环境管理，若持续48小时无改善建议就医。,自动饮水机；豆腐猫砂,,,
q140,猫咪乱尿怎么办（多猫家庭）,行为问题,常见与运动不足有关，建议先观察精神与食欲，调整喂养节奏并做好环境管理，若持续48小时无改善建议就医。,,常见与运动不足有关，建议先观察精神与食欲，调整喂养节奏并做好环境管理，若持续48小时无改善建议就医。,豆腐猫砂；矿砂,,,
q141,猫咪应激躲藏怎么办（多猫家庭）,行为问题,常见与饮水不足有关，建议先观察精神与食欲，调整喂养节奏并做好环境管理，若持续48小时无改善建议就医。,,常见与饮水不足有关，建议先观察精神与食欲，调整喂养节奏并做好环境管理，若持续48小时无改善建议就医。,矿砂；猫抓板,,,
q142,猫咪口臭怎么办（多猫家庭）,行为问题,常见与作息打乱有关，建议先观察精神与食欲，调整喂养节奏并做好环境管理，若持续48小时无改善建议就医。,,常见与作息打乱有关，建议先观察精神与食欲，调整喂养节奏并做好环境管理，若持续48小时无改善建议就医。,猫抓板；逗猫棒,,,
q143,猫咪体重下降怎么办（多猫家庭）,行为问题,常见与猫砂不适应有关，建议先观察精神与食欲，调整喂养节奏并做好环境管理，若持续48小时无改善建议就医。,,常见与猫砂不适应有关，建议先观察精神与食欲，调整喂养节奏并做好环境管理，若持续48小时无改善建议就医。,逗猫棒；费洛蒙喷雾,,,
q144,猫咪喝水太少怎么办（多猫家庭）,行为问题,常见与新猫加入有关，建议先观察精神与食欲，调整喂养节奏并做好环境管理，若持续48小时无改善建议就医。,,常见与新猫加入有关，建议先观察精神与食欲，调整喂养节奏并做好环境管理，若持续48小时无改善建议就医。,费洛蒙喷雾；化毛膏,,,
q145,猫咪便秘怎么办（多猫家庭）,行为问题,常见与季节变化有关，建议先观察精神与食欲，调整喂养节奏并做好环境管理，若持续48小时无改善建议就医。,,常见与季节变化有关，建议先观察精神与食欲，调整喂养节奏并做好环境管理，若持续48小时无改善建议就医。,化毛膏；鱼油,,,
q146,猫咪舔毛过度怎么办（多猫家庭）,行为问题,常见与零食过量有关，建议先观察精神与食欲，调整喂养节奏并做好环境管理，若持续48小时无改善建议就医。,,常见与零食过量有关，建议先观察精神与食欲，调整喂养节奏并做好环境管理，若持续48小时无改善建议就医。,鱼油；益生菌,,,
q147,猫咪不吃猫粮怎么办（幼猫照护）,健康问题,常见与换粮太快有关，建议先观察精神与食欲，调整喂养节奏并做好环境管理，若持续48小时无改善建议就医。,,常见与换粮太快有关，建议先观察精神与食欲，调整喂养节奏并做好环境管理，若持续48小时无改善建议就医。,益生菌；慢食碗,,,
q148,猫咪软便拉稀怎么办（幼猫照护）,健康问题,常见与搬家应激有关，建议先观察精神与食欲，调整喂养节奏并做好环境管理，若持续48小时无改善建议就医。,,常见与搬家应激有关，建议先观察精神与食欲，调整喂养节奏并做好环境管理，若持续48小时无改善建议就医。,慢食碗；自动饮水机,,,
q149,猫咪频繁呕吐怎么办（幼猫照护）,健康问题,常见与清洁不到位有关，建议先观察精神与食欲，调整喂养节奏并做好环境管理，若持续48小时无改善建议就医。,,常见与清洁不到位有关，建议先观察精神与食欲，调整喂养节奏并做好环境管理，若持续48小时无改善建议就医。,自动饮水机；豆腐猫砂,,,
q150,猫咪掉毛严重怎么办（幼猫照护）,健康问题,常见与运动不足有关，建议先观察精神与食欲，调整喂养节奏并做好环境管理，若持续48小时无改善建议就医。,,常见与运动不足有关，建议先观察精神与食欲，调整喂养节奏并做好环境管理，若持续48小时无改善建议就医。,豆腐猫砂；矿砂,,,
q151,猫咪黑下巴反复怎么办（幼猫照护）,健康问题,常见与饮水不足有关，建议先观察精神与食欲，调整喂养节奏并做好环境管理，若持续48小时无改善建议就医。,,常见与饮水不足有关，建议先观察精神与食欲，调整喂养节奏并做好环境管理，若持续48小时无改善建议就医。,矿砂；猫抓板,,,
q152,猫咪泪痕明显怎么办（幼猫照护）,健康问题,常见与作息打乱有关，建议先观察精神与食欲，调整喂养节奏并做好环境管理，若持续48小时无改善建议就医。,,常见与作息打乱有关，建议先观察精神与食欲，调整喂养节奏并做好环境管理，若持续48小时无改善建议就医。,猫抓板；逗猫棒,,,
q153,猫咪半夜跑酷怎么办（幼猫照护）,健康问题,常见与猫砂不适应有关，建议先观察精神与食欲，调整喂养节奏并做好环境管理，若持续48小时无改善建议就医。,,常见与猫砂不适应有关，建议先观察精神与食欲，调整喂养节奏并做好环境管理，若持续48小时无改善建议就医。,逗猫棒；费洛蒙喷雾,,,
q154,猫咪抓沙发怎么办（幼猫照护）,健康问题,常见与新猫加入有关，建议先观察精神与食欲，调整喂养节奏并做好环境管理，若持续48小时无改善建议就医。,,常见与新猫加入有关，建议先观察精神与食欲，调整喂养节奏并做好环境管理，若持续48小时无改善建议就医。,费洛蒙喷雾；化毛膏,,,
q155,猫咪乱尿怎么办（幼猫照护）,健康问题,常见与季节变化有关，建议先观察精神与食欲，调整喂养节奏并做好环境管理，若持续48小时无改善建议就医。,,常见与季节变化有关，建议先观察精神与食欲，调整喂养节奏并做好环境管理，若持续48小时无改善建议就医。,化毛膏；鱼油,,,
q156,猫咪应激躲藏怎么办（幼猫照护）,健康问题,常见与零食过量有关，建议先观察精神与食欲，调整喂养节奏并做好环境管理，若持续48小时无改善建议就医。,,常见与零食过量有关，建议先观察精神与食欲，调整喂养节奏并做好环境管理，若持续48小时无改善建议就医。,鱼油；益生菌,,,
q157,猫咪口臭怎么办（幼猫照护）,健康问题,常见与换粮太快有关，建议先观察精神与食欲，调整喂养节奏并做好环境管理，若持续48小时无改善建议就医。,,常见与换粮太快有关，建议先观察精神与食欲，调整喂养节奏并做好环境管理，若持续48小时无改善建议就医。,益生菌；慢食碗,,,
q158,猫咪体重下降怎么办（幼猫照护）,健康问题,常见与搬家应激有关，建议先观察精神与食欲，调整喂养节奏并做好环境管理，若持续48小时无改善建议就医。,,常见与搬家应激有关，建议先观察精神与食欲，调整喂养节奏并做好环境管理，若持续48小时无改善建议就医。,慢食碗；自动饮水机,,,
q159,猫咪喝水太少怎么办（幼猫照护）,健康问题,常见与清洁不到位有关，建议先观察精神与食欲，调整喂养节奏并做好环境管理，若持续48小时无改善建议就医。,,常见与清洁不到位有关，建议先观察精神与食欲，调整喂养节奏并做好环境管理，若持续48小时无改善建议就医。,自动饮水机；豆腐猫砂,,,
q160,猫咪便秘怎么办（幼猫照护）,健康问题,常见与运动不足有关，建议先观察精神与食欲，调整喂养节奏并做好环境管理，若持续48小时无改善建议就医。,,常见与运动不足有关，建议先观察精神与食欲，调整喂养节奏并做好环境管理，若持续48小时无改善建议就医。,豆腐猫砂；矿砂,,,
q161,猫咪舔毛过度怎么办（幼猫照护）,健康问题,常见与饮水不足有关，建议先观察精神与食欲，调整喂养节奏并做好环境管理，若持续48小时无改善建议就医。,,常见与饮水不足有关，建议先观察精神与食欲，调整喂养节奏并做好环境管理，若持续48小时无改善建议就医。,矿砂；猫抓板,,,
q162,猫咪不吃猫粮怎么办（老年猫照护）,健康问题,常见与作息打乱有关，建议先观察精神与食欲，调整喂养节奏并做好环境管理，若持续48小时无改善建议就医。,,常见与作息打乱有关，建议先观察精神与食欲，调整喂养节奏并做好环境管理，若持续48小时无改善建议就医。,猫抓板；逗猫棒,,,
q163,猫咪软便拉稀怎么办（老年猫照护）,健康问题,常见与猫砂不适应有关，建议先观察精神与食欲，调整喂养节奏并做好环境管理，若持续48小时无改善建议就医。,,常见与猫砂不适应有关，建议先观察精神与食欲，调整喂养节奏并做好环境管理，若持续48小时无改善建议就医。,逗猫棒；费洛蒙喷雾,,,
q164,猫咪频繁呕吐怎么办（老年猫照护）,健康问题,常见与新猫加入有关，建议先观察精神与食欲，调整喂养节奏并做好环境管理，若持续48小时无改善建议就医。,,常见与新猫加入有关，建议先观察精神与食欲，调整喂养节奏并做好环境管理，若持续48小时无改善建议就医。,费洛蒙喷雾；化毛膏,,,
q165,猫咪掉毛严重怎么办（老年猫照护）,健康问题,常见与季节变化有关，建议先观察精神与食欲，调整喂养节奏并做好环境管理，若持续48小时无改善建议就医。,,常见与季节变化有关，建议先观察精神与食欲，调整喂养节奏并做好环境管理，若持续48小时无改善建议就医。,化毛膏；鱼油,,,
q166,猫咪黑下巴反复怎么办（老年猫照护）,健康问题,常见与零食过量有关，建议先观察精神与食欲，调整喂养节奏并做好环境管理，若持续48小时无改善建议就医。,,常见与零食过量有关，建议先观察精神与食欲，调整喂养节奏并做好环境管理，若持续48小时无改善建议就医。,鱼油；益生菌,,,
q167,猫咪泪痕明显怎么办（老年猫照护）,健康问题,常见与换粮太快有关，建议先观察精神与食欲，调整喂养节奏并做好环境管理，若持续48小时无改善建议就医。,,常见与换粮太快有关，建议先观察精神与食欲，调整喂养节奏并做好环境管理，若持续48小时无改善建议就医。,益生菌；慢食碗,,,
q168,猫咪半夜跑酷怎么办（老年猫照护）,健康问题,常见与搬家应激有关，建议先观察精神与食欲，调整喂养节奏并做好环境管理，若持续48小时无改善建议就医。,,常见与搬家应激有关，建议先观察精神与食欲，调整喂养节奏并做好环境管理，若持续48小时无改善建议就医。,慢食碗；自动饮水机,,,
q169,猫咪抓沙发怎么办（老年猫照护）,健康问题,常见与清洁不到位有关，建议先观察精神与食欲，调整喂养节奏并做好环境管理，若持续48小时无改善建议就医。,,常见与清洁不到位有关，建议先观察精神与食欲，调整喂养节奏并做好环境管理，若持续48小时无改善建议就医。,自动饮水机；豆腐猫砂,,,
q170,猫咪乱尿怎么办（老年猫照护）,健康问题,常见与运动不足有关，建议先观察精神与食欲，调整喂养节奏并做好环境管理，若持续48小时无改善建议就医。,,常见与运动不足有关，建议先观察精神与食欲，调整喂养节奏并做好环境管理，若持续48小时无改善建议就医。,豆腐猫砂；矿砂,,,
q171,猫咪应激躲藏怎么办（老年猫照护）,健康问题,常见与饮水不足有关，建议先观察精神与食欲，调整喂养节奏并做好环境管理，若持续48小时无改善建议就医。,,常见与饮水不足有关，建议先观察精神与食欲，调整喂养节奏并做好环境管理，若持续48小时无改善建议就医。,矿砂；猫抓板,,,
q172,猫咪口臭怎么办（老年猫照护）,健康问题,常见与作息打乱有关，建议先观察精神与食欲，调整喂养节奏并做好环境管理，若持续48小时无改善建议就医。,,常见与作息打乱有关，建议先观察精神与食欲，调整喂养节奏并做好环境管理，若持续48小时无改善建议就医。,猫抓板；逗猫棒,,,
q173,猫咪体重下降怎么办（老年猫照护）,健康问题,常见与猫砂不适应有关，建议先观察精神与食欲，调整喂养节奏并做好环境管理，若持续48小时无改善建议就医。,,常见与猫砂不适应有关，建议先观察精神与食欲，调整喂养节奏并做好环境管理，若持续48小时无改善建议就医。,逗猫棒；费洛蒙喷雾,,,
q174,猫咪喝水太少怎么办（老年猫照护）,健康问题,常见与新猫加入有关，建议先观察精神与食欲，调整喂养节奏并做好环境管理，若持续48小时无改善建议就医。,,常见与新猫加入有关，建议先观察精神与食欲，调整喂养节奏并做好环境管理，若持续48小时无改善建议就医。,费洛蒙喷雾；化毛膏,,,
q175,猫咪便秘怎么办（老年猫照护）,健康问题,常见与季节变化有关，建议先观察精神与食欲，调整喂养节奏并做好环境管理，若持续48小时无改善建议就医。,,常见与季节变化有关，建议先观察精神与食欲，调整喂养节奏并做好环境管理，若持续48小时无改善建议就医。,化毛膏；鱼油,,,
q176,猫咪舔毛过度怎么办（老年猫照护）,健康问题,常见与零食过量有关，建议先观察精神与食欲，调整喂养节奏并做好环境管理，若持续48小时无改善建议就医。,,常见与零食过量有关，建议先观察精神与食欲，调整喂养节奏并做好环境管理，若持续48小时无改善建议就医。,鱼油；益生菌,,,
q177,为什么猫咪会不吃猫粮（新手养猫）,行为问题,常见与换粮太快有关，建议先观察精神与食欲，调整喂养节奏并做好环境管理，若持续48小时无改善建议就医。,,常见与换粮太快有关，建议先观察精神与食欲，调整喂养节奏并做好环境管理，若持续48小时无改善建议就医。,益生菌；慢食碗,,,
q178,为什么猫咪会软便拉稀（新手养猫）,行为问题,常见与搬家应激有关，建议先观察精神与食欲，调整喂养节奏并做好环境管理，若持续48小时无改善建议就医。,,常见与搬家应激有关，建议先观察精神与食欲，调整喂养节奏并做好环境管理，若持续48小时无改善建议就医。,慢食碗；自动饮水机,,,
q179,为什么猫咪会频繁呕吐（新手养猫）,行为问题,常见与清洁不到位有关，建议先观察精神与食欲，调整喂养节奏并做好环境管理，若持续48小时无改善建议就医。,,常见与清洁不到位有关，建议先观察精神与食欲，调整喂养节奏并做好环境管理，若持续48小时无改善建议就医。,自动饮水机；豆腐猫砂,,,
q180,为什么猫咪会掉毛严重（新手养猫）,行为问题,常见与运动不足有关，建议先观察精神与食欲，调整喂养节奏并做好环境管理，若持续48小时无改善建议就医。,,常见与运动不足有关，建议先观察精神与食欲，调整喂养节奏并做好环境管理，若持续48小时无改善建议就医。,豆腐猫砂；矿砂,,,
q181,为什么猫咪会黑下巴反复（新手养猫）,行为问题,常见与饮水不足有关，建议先观察精神与食欲，调整喂养节奏并做好环境管理，若持续48小时无改善建议就医。,,常见与饮水不足有关，建议先观察精神与食欲，调整喂养节奏并做好环境管理，若持续48小时无改善建议就医。,矿砂；猫抓板,,,
q182,为什么猫咪会泪痕明显（新手养猫）,行为问题,常见与作息打乱有关，建议先观察精神与食欲，调整喂养节奏并做好环境管理，若持续48小时无改善建议就医。,,常见与作息打乱有关，建议先观察精神与食欲，调整喂养节奏并做好环境管理，若持续48小时无改善建议就医。,猫抓板；逗猫棒,,,
q183,为什么猫咪会半夜跑酷（新手养猫）,行为问题,常见与猫砂不适应有关，建议先观察精神与食欲，调整喂养节奏并做好环境管理，若持续48小时无改善建议就医。,,常见与猫砂不适应有关，建议先观察精神与食欲，调整喂养节奏并做好环境管理，若持续48小时无改善建议就医。,逗猫棒；费洛蒙喷雾,,,
q184,为什么猫咪会抓沙发（新手养猫）,行为问题,常见与新猫加入有关，建议先观察精神与食欲，调整喂养节奏并做好环境管理，若持续48小时无改善建议就医。,,常见与新猫加入有关，建议先观察精神与食欲，调整喂养节奏并做好环境管理，若持续48小时无改善建议就医。,费洛蒙喷雾；化毛膏,,,
q185,为什么猫咪会乱尿（新手养猫）,行为问题,常见与季节变化有关，建议先观察精神与食欲，调整喂养节奏并做好环境管理，若持续48小时无改善建议就医。,,常见与季节变化有关，建议先观察精神与食欲，调整喂养节奏并做好环境管理，若持续48小时无改善建议就医。,化毛膏；鱼油,,,
q186,为什么猫咪会应激躲藏（新手养猫）,行为问题,常见与零食过量有关，建议先观察精神与食欲，调整喂养节奏并做好环境管理，若持续48小时无改善建议就医。,,常见与零食过量有关，建议先观察精神与食欲，调整喂养节奏并做好环境管理，若持续48小时无改善建议就医。,鱼油；益生菌,,,
q187,为什么猫咪会口臭（新手养猫）,行为问题,常见与换粮太快有关，建议先观察精神与食欲，调整喂养节奏并做好环境管理，若持续48小时无改善建议就医。,,常见与换粮太快有关，建议先观察精神与食欲，调整喂养节奏并做好环境管理，若持续48小时无改善建议就医。,益生菌；慢食碗,,,
q188,为什么猫咪会体重下降（新手养猫）,行为问题,常见与搬家应激有关，建议先观察精神与食欲，调整喂养节奏并做好环境管理，若持续48小时无改善建议就医。,,常见与搬家应激有关，建议先观察精神与食欲，调整喂养节奏并做好环境管理，若持续48小时无改善建议就医。,慢食碗；自动饮水机,,,
q189,为什么猫咪会喝水太少（新手养猫）,行为问题,常见与清洁不到位有关，建议先观察精神与食欲，调整喂养节奏并做好环境管理，若持续48小时无改善建议就医。,,常见与清洁不到位有关，建议先观察精神与食欲，调整喂养节奏并做好环境管理，若持续48小时无改善建议就医。,自动饮水机；豆腐猫砂,,,
q190,为什么猫咪会便秘（新手养猫）,行为问题,常见与运动不足有关，建议先观察精神与食欲，调整喂养节奏并做好环境管理，若持续48小时无改善建议就医。,,常见与运动不足有关，建议先观察精神与食欲，调整喂养节奏并做好环境管理，若持续48小时无改善建议就医。,豆腐猫砂；矿砂,,,
q191,为什么猫咪会舔毛过度（新手养猫）,行为问题,常见与饮水不足有关，建议先观察精神与食欲，调整喂养节奏并做好环境管理，若持续48小时无改善建议就医。,,常见与饮水不足有关，建议先观察精神与食欲，调整喂养节奏并做好环境管理，若持续48小时无改善建议就医。,矿砂；猫抓板,,,
q192,为什么猫咪会不吃猫粮（饮食喂养）,肠胃问题,常见与作息打乱有关，建议先观察精神与食欲，调整喂养节奏并做好环境管理，若持续48小时无改善建议就医。,,常见与作息打乱有关，建议先观察精神与食欲，调整喂养节奏并做好环境管理，若持续48小时无改善建议就医。,猫抓板；逗猫棒,,,
q193,为什么猫咪会软便拉稀（饮食喂养）,肠胃问题,常见与猫砂不适应有关，建议先观察精神与食欲，调整喂养节奏并做好环境管理，若持续48小时无改善建议就医。,,常见与猫砂不适应有关，建议先观察精神与食欲，调整喂养节奏并做好环境管理，若持续48小时无改善建议就医。,逗猫棒；费洛蒙喷雾,,,
q194,为什么猫咪会频繁呕吐（饮食喂养）,肠胃问题,常见与新猫加入有关，建议先观察精神与食欲，调整喂养节奏并做好环境管理，若持续48小时无改善建议就医。,,常见与新猫加入有关，建议先观察精神与食欲，调整喂养节奏并做好环境管理，若持续48小时无改善建议就医。,费洛蒙喷雾；化毛膏,,,
q195,为什么猫咪会掉毛严重（饮食喂养）,肠胃问题,常见与季节变化有关，建议先观察精神与食欲，调整喂养节奏并做好环境管理，若持续48小时无改善建议就医。,,常见与季节变化有关，建议先观察精神与食欲，调整喂养节奏并做好环境管理，若持续48小时无改善建议就医。,化毛膏；鱼油,,,
q196,为什么猫咪会黑下巴反复（饮食喂养）,肠胃问题,常见与零食过量有关，建议先观察精神与食欲，调整喂养节奏并做好环境管理，若持续48小时无改善建议就医。,,常见与零食过量有关，建议先观察精神与食欲，调整喂养节奏并做好环境管理，若持续48小时无改善建议就医。,鱼油；益生菌,,,
q197,为什么猫咪会泪痕明显（饮食喂养）,肠胃问题,常见与换粮太快有关，建议先观察精神与食欲，调整喂养节奏并做好环境管理，若持续48小时无改善建议就医。,,常见与换粮太快有关，建议先观察精神与食欲，调整喂养节奏并做好环境管理，若持续48小时无改善建议就医。,益生菌；慢食碗,,,
q198,为什么猫咪会半夜跑酷（饮食喂养）,肠胃问题,常见与搬家应激有关，建议先观察精神与食欲，调整喂养节奏并做好环境管理，若持续48小时无改善建议就医。,,常见与搬家应激有关，建议先观察精神与食欲，调整喂养节奏并做好环境管理，若持续48小时无改善建议就医。,慢食碗；自动饮水机,,,
q199,为什么猫咪会抓沙发（饮食喂养）,肠胃问题,常见与清洁不到位有关，建议先观察精神与食欲，调整喂养节奏并做好环境管理，若持续48小时无改善建议就医。,,常见与清洁不到位有关，建议先观察精神与食欲，调整喂养节奏并做好环境管理，若持续48小时无改善建议就医。,自动饮水机；豆腐猫砂,,,
q200,为什么猫咪会乱尿（饮食喂养）,肠胃问题,常见与运动不足有关，建议先观察精神与食欲，调整喂养节奏并做好环境管理，若持续48小时无改善建议就医。,,常见与运动不足有关，建议先观察精神与食欲，调整喂养节奏并做好环境管理，若持续48小时无改善建议就医。,豆腐猫砂；矿砂,,,
q201,为什么猫咪会应激躲藏（饮食喂养）,肠胃问题,常见与饮水不足有关，建议先观察精神与食欲，调整喂养节奏并做好环境管理，若持续48小时无改善建议就医。,,常见与饮水不足有关，建议先观察精神与食欲，调整喂养节奏并做好环境管理，若持续48小时无改善建议就医。,矿砂；猫抓板,,,
q202,为什么猫咪会口臭（饮食喂养）,肠胃问题,常见与作息打乱有关，建议先观察精神与食欲，调整喂养节奏并做好环境管理，若持续48小时无改善建议就医。,,常见与作息打乱有关，建议先观察精神与食欲，调整喂养节奏并做好环境管理，若持续48小时无改善建议就医。,猫抓板；逗猫棒,,,
q203,为什么猫咪会体重下降（饮食喂养）,肠胃问题,常见与猫砂不适应有关，建议先观察精神与食欲，调整喂养节奏并做好环境管理，若持续48小时无改善建议就医。,,常见与猫砂不适应有关，建议先观察精神与食欲，调整喂养节奏并做好环境管理，若持续48小时无改善建议就医。,逗猫棒；费洛蒙喷雾,,,
q204,为什么猫咪会喝水太少（饮食喂养）,肠胃问题,常见与新猫加入有关，建议先观察精神与食欲，调整喂养节奏并做好环境管理，若持续48小时无改善建议就医。,,常见与新猫加入有关，建议先观察精神与食欲，调整喂养节奏并做好环境管理，若持续48小时无改善建议就医。,费洛蒙喷雾；化毛膏,,,
q205,为什么猫咪会便秘（饮食喂养）,肠胃问题,常见与季节变化有关，建议先观察精神与食欲，调整喂养节奏并做好环境管理，若持续48小时无改善建议就医。,,常见与季节变化有关，建议先观察精神与食欲，调整喂养节奏并做好环境管理，若持续48小时无改善建议就医。,化毛膏；鱼油,,,
q206,为什么猫咪会舔毛过度（饮食喂养）,肠胃问题,常见与零食过量有关，建议先观察精神与食欲，调整喂养节奏并做好环境管理，若持续48小时无改善建议就医。,,常见与零食过量有关，建议先观察精神与食欲，调整喂养节奏并做好环境管理，若持续48小时无改善建议就医。,鱼油；益生菌,,,
q207,为什么猫咪会不吃猫粮（肠胃问题）,肠胃问题,常见与换粮太快有关，建议先观察精神与食欲，调整喂养节奏并做好环境管理，若持续48小时无改善建议就医。,,常见与换粮太快有关，建议先观察精神与食欲，调整喂养节奏并做好环境管理，若持续48小时无改善建议就医。,益生菌；慢食碗,,,
q208,为什么猫咪会软便拉稀（肠胃问题）,肠胃问题,常见与搬家应激有关，建议先观察精神与食欲，调整喂养节奏并做好环境管理，若持续48小时无改善建议就医。,,常见与搬家应激有关，建议先观察精神与食欲，调整喂养节奏并做好环境管理，若持续48小时无改善建议就医。,慢食碗；自动饮水机,,,
q209,为什么猫咪会频繁呕吐（肠胃问题）,肠胃问题,常见与清洁不到位有关，建议先观察精神与食欲，调整喂养节奏并做好环境管理，若持续48小时无改善建议就医。,,常见与清洁不到位有关，建议先观察精神与食欲，调整喂养节奏并做好环境管理，若持续48小时无改善建议就医。,自动饮水机；豆腐猫砂,,,
q210,为什么猫咪会掉毛严重（肠胃问题）,肠胃问题,常见与运动不足有关，建议先观察精神与食欲，调整喂养节奏并做好环境管理，若持续48小时无改善建议就医。,,常见与运动不足有关，建议先观察精神与食欲，调整喂养节奏并做好环境管理，若持续48小时无改善建议就医。,豆腐猫砂；矿砂,,,
q211,为什么猫咪会黑下巴反复（肠胃问题）,肠胃问题,常见与饮水不足有关，建议先观察精神与食欲，调整喂养节奏并做好环境管理，若持续48小时无改善建议就医。,,常见与饮水不足有关，建议先观察精神与食欲，调整喂养节奏并做好环境管理，若持续48小时无改善建议就医。,矿砂；猫抓板,,,
q212,为什么猫咪会泪痕明显（肠胃问题）,肠胃问题,常见与作息打乱有关，建议先观察精神与食欲，调整喂养节奏并做好环境管理，若持续48小时无改善建议就医。,,常见与作息打乱有关，建议先观察精神与食欲，调整喂养节奏并做好环境管理，若持续48小时无改善建议就医。,猫抓板；逗猫棒,,,
q213,为什么猫咪会半夜跑酷（肠胃问题）,肠胃问题,常见与猫砂不适应有关，建议先观察精神与食欲，调整喂养节奏并做好环境管理，若持续48小时无改善建议就医。,,常见与猫砂不适应有关，建议先观察精神与食欲，调整喂养节奏并做好环境管理，若持续48小时无改善建议就医。,逗猫棒；费洛蒙喷雾,,,
q214,为什么猫咪会抓沙发（肠胃问题）,肠胃问题,常见与新猫加入有关，建议先观察精神与食欲，调整喂养节奏并做好环境管理，若持续48小时无改善建议就医。,,常见与新猫加入有关，建议先观察精神与食欲，调整喂养节奏并做好环境管理，若持续48小时无改善建议就医。,费洛蒙喷雾；化毛膏,,,
q215,为什么猫咪会乱尿（肠胃问题）,肠胃问题,常见与季节变化有关，建议先观察精神与食欲，调整喂养节奏并做好环境管理，若持续48小时无改善建议就医。,,常见与季节变化有关，建议先观察精神与食欲，调整喂养节奏并做好环境管理，若持续48小时无改善建议就医。,化毛膏；鱼油,,,
q216,为什么猫咪会应激躲藏（肠胃问题）,肠胃问题,常见与零食过量有关，建议先观察精神与食欲，调整喂养节奏并做好环境管理，若持续48小时无改善建议就医。,,常见与零食过量有关，建议先观察精神与食欲，调整喂养节奏并做好环境管理，若持续48小时无改善建议就医。,鱼油；益生菌,,,
q217,为什么猫咪会口臭（肠胃问题）,肠胃问题,常见与换粮太快有关，建议先观察精神与食欲，调整喂养节奏并做好环境管理，若持续48小时无改善建议就医。,,常见与换粮太快有关，建议先观察精神与食欲，调整喂养节奏并做好环境管理，若持续48小时无改善建议就医。,益生菌；慢食碗,,,
q218,为什么猫咪会体重下降（肠胃问题）,肠胃问题,常见与搬家应激有关，建议先观察精神与食欲，调整喂养节奏并做好环境管理，若持续48小时无改善建议就医。,,常见与搬家应激有关，建议先观察精神与食欲，调整喂养节奏并做好环境管理，若持续48小时无改善建议就医。,慢食碗；自动饮水机,,,
q219,为什么猫咪会喝水太少（肠胃问题）,肠胃问题,常见与清洁不到位有关，建议先观察精神与食欲，调整喂养节奏并做好环境管理，若持续48小时无改善建议就医。,,常见与清洁不到位有关，建议先观察精神与食欲，调整喂养节奏并做好环境管理，若持续48小时无改善建议就医。,自动饮水机；豆腐猫砂,,,
q220,为什么猫咪会便秘（肠胃问题）,肠胃问题,常见与运动不足有关，建议先观察精神与食欲，调整喂养节奏并做好环境管理，若持续48小时无改善建议就医。,,常见与运动不足有关，建议先观察精神与食欲，调整喂养节奏并做好环境管理，若持续48小时无改善建议就医。,豆腐猫砂；矿砂,,,
q221,为什么猫咪会舔毛过度（肠胃问题）,肠胃问题,常见与饮水不足有关，建议先观察精神与食欲，调整喂养节奏并做好环境管理，若持续48小时无改善建议就医。,,常见与饮水不足有关，建议先观察精神与食欲，调整喂养节奏并做好环境管理，若持续48小时无改善建议就医。,矿砂；猫抓板,,,
q222,为什么猫咪会不吃猫粮（日常护理）,护理问题,常见与作息打乱有关，建议先观察精神与食欲，调整喂养节奏并做好环境管理，若持续48小时无改善建议就医。,,常见与作息打乱有关，建议先观察精神与食欲，调整喂养节奏并做好环境管理，若持续48小时无改善建议就医。,猫抓板；逗猫棒,,,
q223,为什么猫咪会软便拉稀（日常护理）,护理问题,常见与猫砂不适应有关，建议先观察精神与食欲，调整喂养节奏并做好环境管理，若持续48小时无改善建议就医。,,常见与猫砂不适应有关，建议先观察精神与食欲，调整喂养节奏并做好环境管理，若持续48小时无改善建议就医。,逗猫棒；费洛蒙喷雾,,,
q224,为什么猫咪会频繁呕吐（日常护理）,护理问题,常见与新猫加入有关，建议先观察精神与食欲，调整喂养节奏并做好环境管理，若持续48小时无改善建议就医。,,常见与新猫加入有关，建议先观察精神与食欲，调整喂养节奏并做好环境管理，若持续48小时无改善建议就医。,费洛蒙喷雾；化毛膏,,,
q225,为什么猫咪会掉毛严重（日常护理）,护理问题,常见与季节变化有关，建议先观察精神与食欲，调整喂养节奏并做好环境管理，若持续48小时无改善建议就医。,,常见与季节变化有关，建议先观察精神与食欲，调整喂养节奏并做好环境管理，若持续48小时无改善建议就医。,化毛膏；鱼油,,,
q226,为什么猫咪会黑下巴反复（日常护理）,护理问题,常见与零食过量有关，建议先观察精神与食欲，调整喂养节奏并做好环境管理，若持续48小时无改善建议就医。,,常见与零食过量有关，建议先观察精神与食欲，调整喂养节奏并做好环境管理，若持续48小时无改善建议就医。,鱼油；益生菌,,,
q227,为什么猫咪会泪痕明显（日常护理）,护理问题,常见与换粮太快有关，建议先观察精神与食欲，调整喂养节奏并做好环境管理，若持续48小时无改善建议就医。,,常见与换粮太快有关，建议先观察精神与食欲，调整喂养节奏并做好环境管理，若持续48小时无改善建议就医。,益生菌；慢食碗,,,
q228,为什么猫咪会半夜跑酷（日常护理）,护理问题,常见与搬家应激有关，建议先观察精神与食欲，调整喂养节奏并做好环境管理，若持续48小时无改善建议就医。,,常见与搬家应激有关，建议先观察精神与食欲，调整喂养节奏并做好环境管理，若持续48小时无改善建议就医。,慢食碗；自动饮水机,,,
q229,为什么猫咪会抓沙发（日常护理）,护理问题,常见与清洁不到位有关，建议先观察精神与食欲，调整喂养节奏并做好环境管理，若持续48小时无改善建议就医。,,常见与清洁不到位有关，建议先观察精神与食欲，调整喂养节奏并做好环境管理，若持续48小时无改善建议就医。,自动饮水机；豆腐猫砂,,,
q230,为什么猫咪会乱尿（日常护理）,护理问题,常见与运动不足有关，建议先观察精神与食欲，调整喂养节奏并做好环境管理，若持续48小时无改善建议就医。,,常见与运动不足有关，建议先观察精神与食欲，调整喂养节奏并做好环境管理，若持续48小时无改善建议就医。,豆腐猫砂；矿砂,,,
q231,为什么猫咪会应激躲藏（日常护理）,护理问题,常见与饮水不足有关，建议先观察精神与食欲，调整喂养节奏并做好环境管理，若持续48小时无改善建议就医。,,常见与饮水不足有关，建议先观察精神与食欲，调整喂养节奏并做好环境管理，若持续48小时无改善建议就医。,矿砂；猫抓板,,,
q232,为什么猫咪会口臭（日常护理）,护理问题,常见与作息打乱有关，建议先观察精神与食欲，调整喂养节奏并做好环境管理，若持续48小时无改善建议就医。,,常见与作息打乱有关，建议先观察精神与食欲，调整喂养节奏并做好环境管理，若持续48小时无改善建议就医。,猫抓板；逗猫棒,,,
q233,为什么猫咪会体重下降（日常护理）,护理问题,常见与猫砂不适应有关，建议先观察精神与食欲，调整喂养节奏并做好环境管理，若持续48小时无改善建议就医。,,常见与猫砂不适应有关，建议先观察精神与食欲，调整喂养节奏并做好环境管理，若持续48小时无改善建议就医。,逗猫棒；费洛蒙喷雾,,,
q234,为什么猫咪会喝水太少（日常护理）,护理问题,常见与新猫加入有关，建议先观察精神与食欲，调整喂养节奏并做好环境管理，若持续48小时无改善建议就医。,,常见与新猫加入有关，建议先观察精神与食欲，调整喂养节奏并做好环境管理，若持续48小时无改善建议就医。,费洛蒙喷雾；化毛膏,,,
q235,为什么猫咪会便秘（日常护理）,护理问题,常见与季节变化有关，建议先观察精神与食欲，调整喂养节奏并做好环境管理，若持续48小时无改善建议就医。,,常见与季节变化有关，建议先观察精神与食欲，调整喂养节奏并做好环境管理，若持续48小时无改善建议就医。,化毛膏；鱼油,,,
q236,为什么猫咪会舔毛过度（日常护理）,护理问题,常见与零食过量有关，建议先观察精神与食欲，调整喂养节奏并做好环境管理，若持续48小时无改善建议就医。,,常见与零食过量有关，建议先观察精神与食欲，调整喂养节奏并做好环境管理，若持续48小时无改善建议就医。,鱼油；益生菌,,,
q237,为什么猫咪会不吃猫粮（行为问题）,行为问题,常见与换粮太快有关，建议先观察精神与食欲，调整喂养节奏并做好环境管理，若持续48小时无改善建议就医。,,常见与换粮太快有关，建议先观察精神与食欲，调整喂养节奏并做好环境管理，若持续48小时无改善建议就医。,益生菌；慢食碗,,,
q238,为什么猫咪会软便拉稀（行为问题）,行为问题,常见与搬家应激有关，建议先观察精神与食欲，调整喂养节奏并做好环境管理，若持续48小时无改善建议就医。,,常见与搬家应激有关，建议先观察精神与食欲，调整喂养节奏并做好环境管理，若持续48小时无改善建议就医。,慢食碗；自动饮水机,,,
q239,为什么猫咪会频繁呕吐（行为问题）,行为问题,常见与清洁不到位有关，建议先观察精神与食欲，调整喂养节奏并做好环境管理，若持续48小时无改善建议就医。,,常见与清洁不到位有关，建议先观察精神与食欲，调整喂养节奏并做好环境管理，若持续48小时无改善建议就医。,自动饮水机；豆腐猫砂,,,
q240,为什么猫咪会掉毛严重（行为问题）,行为问题,常见与运动不足有关，建议先观察精神与食欲，调整喂养节奏并做好环境管理，若持续48小时无改善建议就医。,,常见与运动不足有关，建议先观察精神与食欲，调整喂养节奏并做好环境管理，若持续48小时无改善建议就医。,豆腐猫砂；矿砂,,,
q241,为什么猫咪会黑下巴反复（行为问题）,行为问题,常见与饮水不足有关，建议先观察精神与食欲，调整喂养节奏并做好环境管理，若持续48小时无改善建议就医。,,常见与饮水不足有关，建议先观察精神与食欲，调整喂养节奏并做好环境管理，若持续48小时无改善建议就医。,矿砂；猫抓板,,,
q242,为什么猫咪会泪痕明显（行为问题）,行为问题,常见与作息打乱有关，建议先观察精神与食欲，调整喂养节奏并做好环境管理，若持续48小时无改善建议就医。,,常见与作息打乱有关，建议先观察精神与食欲，调整喂养节奏并做好环境管理，若持续48小时无改善建议就医。,猫抓板；逗猫棒,,,
q243,为什么猫咪会半夜跑酷（行为问题）,行为问题,常见与猫砂不适应有关，建议先观察精神与食欲，调整喂养节奏并做好环境管理，若持续48小时无改善建议就医。,,常见与猫砂不适应有关，建议先观察精神与食欲，调整喂养节奏并做好环境管理，若持续48小时无改善建议就医。,逗猫棒；费洛蒙喷雾,,,
q244,为什么猫咪会抓沙发（行为问题）,行为问题,常见与新猫加入有关，建议先观察精神与食欲，调整喂养节奏并做好环境管理，若持续48小时无改善建议就医。,,常见与新猫加入有关，建议先观察精神与食欲，调整喂养节奏并做好环境管理，若持续48小时无改善建议就医。,费洛蒙喷雾；化毛膏,,,
q245,为什么猫咪会乱尿（行为问题）,行为问题,常见与季节变化有关，建议先观察精神与食欲，调整喂养节奏并做好环境管理，若持续48小时无改善建议就医。,,常见与季节变化有关，建议先观察精神与食欲，调整喂养节奏并做好环境管理，若持续48小时无改善建议就医。,化毛膏；鱼油,,,
q246,为什么猫咪会应激躲藏（行为问题）,行为问题,常见与零食过量有关，建议先观察精神与食欲，调整喂养节奏并做好环境管理，若持续48小时无改善建议就医。,,常见与零食过量有关，建议先观察精神与食欲，调整喂养节奏并做好环境管理，若持续48小时无改善建议就医。,鱼油；益生菌,,,
q247,为什么猫咪会口臭（行为问题）,行为问题,常见与换粮太快有关，建议先观察精神与食欲，调整喂养节奏并做好环境管理，若持续48小时无改善建议就医。,,常见与换粮太快有关，建议先观察精神与食欲，调整喂养节奏并做好环境管理，若持续48小时无改善建议就医。,益生菌；慢食碗,,,
q248,为什么猫咪会体重下降（行为问题）,行为问题,常见与搬家应激有关，建议先观察精神与食欲，调整喂养节奏并做好环境管理，若持续48小时无改善建议就医。,,常见与搬家应激有关，建议先观察精神与食欲，调整喂养节奏并做好环境管理，若持续48小时无改善建议就医。,慢食碗；自动饮水机,,,
q249,为什么猫咪会喝水太少（行为问题）,行为问题,常见与清洁不到位有关，建议先观察精神与食欲，调整喂养节奏并做好环境管理，若持续48小时无改善建议就医。,,常见与清洁不到位有关，建议先观察精神与食欲，调整喂养节奏并做好环境管理，若持续48小时无改善建议就医。,自动饮水机；豆腐猫砂,,,
q250,为什么猫咪会便秘（行为问题）,行为问题,常见与运动不足有关，建议先观察精神与食欲，调整喂养节奏并做好环境管理，若持续48小时无改善建议就医。,,常见与运动不足有关，建议先观察精神与食欲，调整喂养节奏并做好环境管理，若持续48小时无改善建议就医。,豆腐猫砂；矿砂,,,
q251,为什么猫咪会舔毛过度（行为问题）,行为问题,常见与饮水不足有关，建议先观察精神与食欲，调整喂养节奏并做好环境管理，若持续48小时无改善建议就医。,,常见与饮水不足有关，建议先观察精神与食欲，调整喂养节奏并做好环境管理，若持续48小时无改善建议就医。,矿砂；猫抓板,,,
q252,为什么猫咪会不吃猫粮（健康就医）,健康问题,常见与作息打乱有关，建议先观察精神与食欲，调整喂养节奏并做好环境管理，若持续48小时无改善建议就医。,,常见与作息打乱有关，建议先观察精神与食欲，调整喂养节奏并做好环境管理，若持续48小时无改善建议就医。,猫抓板；逗猫棒,,,
q253,为什么猫咪会软便拉稀（健康就医）,健康问题,常见与猫砂不适应有关，建议先观察精神与食欲，调整喂养节奏并做好环境管理，若持续48小时无改善建议就医。,,常见与猫砂不适应有关，建议先观察精神与食欲，调整喂养节奏并做好环境管理，若持续48小时无改善建议就医。,逗猫棒；费洛蒙喷雾,,,
q254,为什么猫咪会频繁呕吐（健康就医）,健康问题,常见与新猫加入有关，建议先观察精神与食欲，调整喂养节奏并做好环境管理，若持续48小时无改善建议就医。,,常见与新猫加入有关，建议先观察精神与食欲，调整喂养节奏并做好环境管理，若持续48小时无改善建议就医。,费洛蒙喷雾；化毛膏,,,
q255,为什么猫咪会掉毛严重（健康就医）,健康问题,常见与季节变化有关，建议先观察精神与食欲，调整喂养节奏并做好环境管理，若持续48小时无改善建议就医。,,常见与季节变化有关，建议先观察精神与食欲，调整喂养节奏并做好环境管理，若持续48小时无改善建议就医。,化毛膏；鱼油,,,
q256,为什么猫咪会黑下巴反复（健康就医）,健康问题,常见与零食过量有关，建议先观察精神与食欲，调整喂养节奏并做好环境管理，若持续48小时无改善建议就医。,,常见与零食过量有关，建议先观察精神与食欲，调整喂养节奏并做好环境管理，若持续48小时无改善建议就医。,鱼油；益生菌,,,
q257,为什么猫咪会泪痕明显（健康就医）,健康问题,常见与换粮太快有关，建议先观察精神与食欲，调整喂养节奏并做好环境管理，若持续48小时无改善建议就医。,,常见与换粮太快有关，建议先观察精神与食欲，调整喂养节奏并做好环境管理，若持续48小时无改善建议就医。,益生菌；慢食碗,,,
q258,为什么猫咪会半夜跑酷（健康就医）,健康问题,常见与搬家应激有关，建议先观察精神与食欲，调整喂养节奏并做好环境管理，若持续48小时无改善建议就医。,,常见与搬家应激有关，建议先观察精神与食欲，调整喂养节奏并做好环境管理，若持续48小时无改善建议就医。,慢食碗；自动饮水机,,,
q259,为什么猫咪会抓沙发（健康就医）,健康问题,常见与清洁不到位有关，建议先观察精神与食欲，调整喂养节奏并做好环境管理，若持续48小时无改善建议就医。,,常见与清洁不到位有关，建议先观察精神与食欲，调整喂养节奏并做好环境管理，若持续48小时无改善建议就医。,自动饮水机；豆腐猫砂,,,
q260,为什么猫咪会乱尿（健康就医）,健康问题,常见与运动不足有关，建议先观察精神与食欲，调整喂养节奏并做好环境管理，若持续48小时无改善建议就医。,,常见与运动不足有关，建议先观察精神与食欲，调整喂养节奏并做好环境管理，若持续48小时无改善建议就医。,豆腐猫砂；矿砂,,,
q261,为什么猫咪会应激躲藏（健康就医）,健康问题,常见与饮水不足有关，建议先观察精神与食欲，调整喂养节奏并做好环境管理，若持续48小时无改善建议就医。,,常见与饮水不足有关，建议先观察精神与食欲，调整喂养节奏并做好环境管理，若持续48小时无改善建议就医。,矿砂；猫抓板,,,
q262,为什么猫咪会口臭（健康就医）,健康问题,常见与作息打乱有关，建议先观察精神与食欲，调整喂养节奏并做好环境管理，若持续48小时无改善建议就医。,,常见与作息打乱有关，建议先观察精神与食欲，调整喂养节奏并做好环境管理，若持续48小时无改善建议就医。,猫抓板；逗猫棒,,,
q263,为什么猫咪会体重下降（健康就医）,健康问题,常见与猫砂不适应有关，建议先观察精神与食欲，调整喂养节奏并做好环境管理，若持续48小时无改善建议就医。,,常见与猫砂不适应有关，建议先观察精神与食欲，调整喂养节奏并做好环境管理，若持续48小时无改善建议就医。,逗猫棒；费洛蒙喷雾,,,
q264,为什么猫咪会喝水太少（健康就医）,健康问题,常见与新猫加入有关，建议先观察精神与食欲，调整喂养节奏并做好环境管理，若持续48小时无改善建议就医。,,常见与新猫加入有关，建议先观察精神与食欲，调整喂养节奏并做好环境管理，若持续48小时无改善建议就医。,费洛蒙喷雾；化毛膏,,,
q265,为什么猫咪会便秘（健康就医）,健康问题,常见与季节变化有关，建议先观察精神与食欲，调整喂养节奏并做好环境管理，若持续48小时无改善建议就医。,,常见与季节变化有关，建议先观察精神与食欲，调整喂养节奏并做好环境管理，若持续48小时无改善建议就医。,化毛膏；鱼油,,,
q266,为什么猫咪会舔毛过度（健康就医）,健康问题,常见与零食过量有关，建议先观察精神与食欲，调整喂养节奏并做好环境管理，若持续48小时无改善建议就医。,,常见与零食过量有关，建议先观察精神与食欲，调整喂养节奏并做好环境管理，若持续48小时无改善建议就医。,鱼油；益生菌,,,
q267,为什么猫咪会不吃猫粮（环境布置）,行为问题,常见与换粮太快有关，建议先观察精神与食欲，调整喂养节奏并做好环境管理，若持续48小时无改善建议就医。,,常见与换粮太快有关，建议先观察精神与食欲，调整喂养节奏并做好环境管理，若持续48小时无改善建议就医。,益生菌；慢食碗,,,
q268,为什么猫咪会软便拉稀（环境布置）,行为问题,常见与搬家应激有关，建议先观察精神与食欲，调整喂养节奏并做好环境管理，若持续48小时无改善建议就医。,,常见与搬家应激有关，建议先观察精神与食欲，调整喂养节奏并做好环境管理，若持续48小时无改善建议就医。,慢食碗；自动饮水机,,,
q269,为什么猫咪会频繁呕吐（环境布置）,行为问题,常见与清洁不到位有关，建议先观察精神与食欲，调整喂养节奏并做好环境管理，若持续48小时无改善建议就医。,,常见与清洁不到位有关，建议先观察精神与食欲，调整喂养节奏并做好环境管理，若持续48小时无改善建议就医。,自动饮水机；豆腐猫砂,,,
q270,为什么猫咪会掉毛严重（环境布置）,行为问题,常见与运动不足有关，建议先观察精神与食欲，调整喂养节奏并做好环境管理，若持续48小时无改善建议就医。,,常见与运动不足有关，建议先观察精神与食欲，调整喂养节奏并做好环境管理，若持续48小时无改善建议就医。,豆腐猫砂；矿砂,,,
q271,为什么猫咪会黑下巴反复（环境布置）,行为问题,常见与饮水不足有关，建议先观察精神与食欲，调整喂养节奏并做好环境管理，若持续48小时无改善建议就医。,,常见与饮水不足有关，建议先观察精神与食欲，调整喂养节奏并做好环境管理，若持续48小时无改善建议就医。,矿砂；猫抓板,,,
q272,为什么猫咪会泪痕明显（环境布置）,行为问题,常见与作息打乱有关，建议先观察精神与食欲，调整喂养节奏并做好环境管理，若持续48小时无改善建议就医。,,常见与作息打乱有关，建议先观察精神与食欲，调整喂养节奏并做好环境管理，若持续48小时无改善建议就医。,猫抓板；逗猫棒,,,
q273,为什么猫咪会半夜跑酷（环境布置）,行为问题,常见与猫砂不适应有关，建议先观察精神与食欲，调整喂养节奏并做好环境管理，若持续48小时无改善建议就医。,,常见与猫砂不适应有关，建议先观察精神与食欲，调整喂养节奏并做好环境管理，若持续48小时无改善建议就医。,逗猫棒；费洛蒙喷雾,,,
q274,为什么猫咪会抓沙发（环境布置）,行为问题,常见与新猫加入有关，建议先观察精神与食欲，调整喂养节奏并做好环境管理，若持续48小时无改善建议就医。,,常见与新猫加入有关，建议先观察精神与食欲，调整喂养节奏并做好环境管理，若持续48小时无改善建议就医。,费洛蒙喷雾；化毛膏,,,
q275,为什么猫咪会乱尿（环境布置）,行为问题,常见与季节变化有关，建议先观察精神与食欲，调整喂养节奏并做好环境管理，若持续48小时无改善建议就医。,,常见与季节变化有关，建议先观察精神与食欲，调整喂养节奏并做好环境管理，若持续48小时无改善建议就医。,化毛膏；鱼油,,,
q276,为什么猫咪会应激躲藏（环境布置）,行为问题,常见与零食过量有关，建议先观察精神与食欲，调整喂养节奏并做好环境管理，若持续48小时无改善建议就医。,,常见与零食过量有关，建议先观察精神与食欲，调整喂养节奏并做好环境管理，若持续48小时无改善建议就医。,鱼油；益生菌,,,
q277,为什么猫咪会口臭（环境布置）,行为问题,常见与换粮太快有关，建议先观察精神与食欲，调整喂养节奏并做好环境管理，若持续48小时无改善建议就医。,,常见与换粮太快有关，建议先观察精神与食欲，调整喂养节奏并做好环境管理，若持续48小时无改善建议就医。,益生菌；慢食碗,,,
q278,为什么猫咪会体重下降（环境布置）,行为问题,常见与搬家应激有关，建议先观察精神与食欲，调整喂养节奏并做好环境管理，若持续48小时无改善建议就医。,,常见与搬家应激有关，建议先观察精神与食欲，调整喂养节奏并做好环境管理，若持续48小时无改善建议就医。,慢食碗；自动饮水机,,,
q279,为什么猫咪会喝水太少（环境布置）,行为问题,常见与清洁不到位有关，建议先观察精神与食欲，调整喂养节奏并做好环境管理，若持续48小时无改善建议就医。,,常见与清洁不到位有关，建议先观察精神与食欲，调整喂养节奏并做好环境管理，若持续48小时无改善建议就医。,自动饮水机；豆腐猫砂,,,
q280,为什么猫咪会便秘（环境布置）,行为问题,常见与运动不足有关，建议先观察精神与食欲，调整喂养节奏并做好环境管理，若持续48小时无改善建议就医。,,常见与运动不足有关，建议先观察精神与食欲，调整喂养节奏并做好环境管理，若持续48小时无改善建议就医。,豆腐猫砂；矿砂,,,
q281,为什么猫咪会舔毛过度（环境布置）,行为问题,常见与饮水不足有关，建议先观察精神与食欲，调整喂养节奏并做好环境管理，若持续48小时无改善建议就医。,,常见与饮水不足有关，建议先观察精神与食欲，调整喂养节奏并做好环境管理，若持续48小时无改善建议就医。,矿砂；猫抓板,,,
q282,为什么猫咪会不吃猫粮（多猫家庭）,行为问题,常见与作息打乱有关，建议先观察精神与食欲，调整喂养节奏并做好环境管理，若持续48小时无改善建议就医。,,常见与作息打乱有关，建议先观察精神与食欲，调整喂养节奏并做好环境管理，若持续48小时无改善建议就医。,猫抓板；逗猫棒,,,
q283,为什么猫咪会软便拉稀（多猫家庭）,行为问题,常见与猫砂不适应有关，建议先观察精神与食欲，调整喂养节奏并做好环境管理，若持续48小时无改善建议就医。,,常见与猫砂不适应有关，建议先观察精神与食欲，调整喂养节奏并做好环境管理，若持续48小时无改善建议就医。,逗猫棒；费洛蒙喷雾,,,
q284,为什么猫咪会频繁呕吐（多猫家庭）,行为问题,常见与新猫加入有关，建议先观察精神与食欲，调整喂养节奏并做好环境管理，若持续48小时无改善建议就医。,,常见与新猫加入有关，建议先观察精神与食欲，调整喂养节奏并做好环境管理，若持续48小时无改善建议就医。,费洛蒙喷雾；化毛膏,,,
q285,为什么猫咪会掉毛严重（多猫家庭）,行为问题,常见与季节变化有关，建议先观察精神与食欲，调整喂养节奏并做好环境管理，若持续48小时无改善建议就医。,,常见与季节变化有关，建议先观察精神与食欲，调整喂养节奏并做好环境管理，若持续48小时无改善建议就医。,化毛膏；鱼油,,,
q286,为什么猫咪会黑下巴反复（多猫家庭）,行为问题,常见与零食过量有关，建议先观察精神与食欲，调整喂养节奏并做好环境管理，若持续48小时无改善建议就医。,,常见与零食过量有关，建议先观察精神与食欲，调整喂养节奏并做好环境管理，若持续48小时无改善建议就医。,鱼油；益生菌,,,
q287,为什么猫咪会泪痕明显（多猫家庭）,行为问题,常见与换粮太快有关，建议先观察精神与食欲，调整喂养节奏并做好环境管理，若持续48小时无改善建议就医。,,常见与换粮太快有关，建议先观察精神与食欲，调整喂养节奏并做好环境管理，若持续48小时无改善建议就医。,益生菌；慢食碗,,,
q288,为什么猫咪会半夜跑酷（多猫家庭）,行为问题,常见与搬家应激有关，建议先观察精神与食欲，调整喂养节奏并做好环境管理，若持续48小时无改善建议就医。,,常见与搬家应激有关，建议先观察精神与食欲，调整喂养节奏并做好环境管理，若持续48小时无改善建议就医。,慢食碗；自动饮水机,,,
q289,为什么猫咪会抓沙发（多猫家庭）,行为问题,常见与清洁不到位有关，建议先观察精神与食欲，调整喂养节奏并做好环境管理，若持续48小时无改善建议就医。,,常见与清洁不到位有关，建议先观察精神与食欲，调整喂养节奏并做好环境管理，若持续48小时无改善建议就医。,自动饮水机；豆腐猫砂,,,
q290,为什么猫咪会乱尿（多猫家庭）,行为问题,常见与运动不足有关，建议先观察精神与食欲，调整喂养节奏并做好环境管理，若持续48小时无改善建议就医。,,常见与运动不足有关，建议先观察精神与食欲，调整喂养节奏并做好环境管理，若持续48小时无改善建议就医。,豆腐猫砂；矿砂,,,
q291,为什么猫咪会应激躲藏（多猫家庭）,行为问题,常见与饮水不足有关，建议先观察精神与食欲，调整喂养节奏并做好环境管理，若持续48小时无改善建议就医。,,常见与饮水不足有关，建议先观察精神与食欲，调整喂养节奏并做好环境管理，若持续48小时无改善建议就医。,矿砂；猫抓板,,,
q292,为什么猫咪会口臭（多猫家庭）,行为问题,常见与作息打乱有关，建议先观察精神与食欲，调整喂养节奏并做好环境管理，若持续48小时无改善建议就医。,,常见与作息打乱有关，建议先观察精神与食欲，调整喂养节奏并做好环境管理，若持续48小时无改善建议就医。,猫抓板；逗猫棒,,,
q293,为什么猫咪会体重下降（多猫家庭）,行为问题,常见与猫砂不适应有关，建议先观察精神与食欲，调整喂养节奏并做好环境管理，若持续48小时无改善建议就医。,,常见与猫砂不适应有关，建议先观察精神与食欲，调整喂养节奏并做好环境管理，若持续48小时无改善建议就医。,逗猫棒；费洛蒙喷雾,,,
q294,为什么猫咪会喝水太少（多猫家庭）,行为问题,常见与新猫加入有关，建议先观察精神与食欲，调整喂养节奏并做好环境管理，若持续48小时无改善建议就医。,,常见与新猫加入有关，建议先观察精神与食欲，调整喂养节奏并做好环境管理，若持续48小时无改善建议就医。,费洛蒙喷雾；化毛膏,,,
q295,为什么猫咪会便秘（多猫家庭）,行为问题,常见与季节变化有关，建议先观察精神与食欲，调整喂养节奏并做好环境管理，若持续48小时无改善建议就医。,,常见与季节变化有关，建议先观察精神与食欲，调整喂养节奏并做好环境管理，若持续48小时无改善建议就医。,化毛膏；鱼油,,,
q296,为什么猫咪会舔毛过度（多猫家庭）,行为问题,常见与零食过量有关，建议先观察精神与食欲，调整喂养节奏并做好环境管理，若持续48小时无改善建议就医。,,常见与零食过量有关，建议先观察精神与食欲，调整喂养节奏并做好环境管理，若持续48小时无改善建议就医。,鱼油；益生菌,,,
q297,为什么猫咪会不吃猫粮（幼猫照护）,健康问题,常见与换粮太快有关，建议先观察精神与食欲，调整喂养节奏并做好环境管理，若持续48小时无改善建议就医。,,常见与换粮太快有关，建议先观察精神与食欲，调整喂养节奏并做好环境管理，若持续48小时无改善建议就医。,益生菌；慢食碗,,,
q298,为什么猫咪会软便拉稀（幼猫照护）,健康问题,常见与搬家应激有关，建议先观察精神与食欲，调整喂养节奏并做好环境管理，若持续48小时无改善建议就医。,,常见与搬家应激有关，建议先观察精神与食欲，调整喂养节奏并做好环境管理，若持续48小时无改善建议就医。,慢食碗；自动饮水机,,,
q299,为什么猫咪会频繁呕吐（幼猫照护）,健康问题,常见与清洁不到位有关，建议先观察精神与食欲，调整喂养节奏并做好环境管理，若持续48小时无改善建议就医。,,常见与清洁不到位有关，建议先观察精神与食欲，调整喂养节奏并做好环境管理，若持续48小时无改善建议就医。,自动饮水机；豆腐猫砂,,,
q300,为什么猫咪会掉毛严重（幼猫照护）,健康问题,常见与运动不足有关，建议先观察精神与食欲，调整喂养节奏并做好环境管理，若持续48小时无改善建议就医。,,常见与运动不足有关，建议先观察精神与食欲，调整喂养节奏并做好环境管理，若持续48小时无改善建议就医。,豆腐猫砂；矿砂,,,
q301,为什么猫咪会黑下巴反复（幼猫照护）,健康问题,常见与饮水不足有关，建议先观察精神与食欲，调整喂养节奏并做好环境管理，若持续48小时无改善建议就医。,,常见与饮水不足有关，建议先观察精神与食欲，调整喂养节奏并做好环境管理，若持续48小时无改善建议就医。,矿砂；猫抓板,,,
q302,为什么猫咪会泪痕明显（幼猫照护）,健康问题,常见与作息打乱有关，建议先观察精神与食欲，调整喂养节奏并做好环境管理，若持续48小时无改善建议就医。,,常见与作息打乱有关，建议先观察精神与食欲，调整喂养节奏并做好环境管理，若持续48小时无改善建议就医。,猫抓板；逗猫棒,,,
q303,为什么猫咪会半夜跑酷（幼猫照护）,健康问题,常见与猫砂不适应有关，建议先观察精神与食欲，调整喂养节奏并做好环境管理，若持续48小时无改善建议就医。,,常见与猫砂不适应有关，建议先观察精神与食欲，调整喂养节奏并做好环境管理，若持续48小时无改善建议就医。,逗猫棒；费洛蒙喷雾,,,
q304,为什么猫咪会抓沙发（幼猫照护）,健康问题,常见与新猫加入有关，建议先观察精神与食欲，调整喂养节奏并做好环境管理，若持续48小时无改善建议就医。,,常见与新猫加入有关，建议先观察精神与食欲，调整喂养节奏并做好环境管理，若持续48小时无改善建议就医。,费洛蒙喷雾；化毛膏,,,
q305,为什么猫咪会乱尿（幼猫照护）,健康问题,常见与季节变化有关，建议先观察精神与食欲，调整喂养节奏并做好环境管理，若持续48小时无改善建议就医。,,常见与季节变化有关，建议先观察精神与食欲，调整喂养节奏并做好环境管理，若持续48小时无改善建议就医。,化毛膏；鱼油,,,
q306,为什么猫咪会应激躲藏（幼猫照护）,健康问题,常见与零食过量有关，建议先观察精神与食欲，调整喂养节奏并做好环境管理，若持续48小时无改善建议就医。,,常见与零食过量有关，建议先观察精神与食欲，调整喂养节奏并做好环境管理，若持续48小时无改善建议就医。,鱼油；益生菌,,,
q307,为什么猫咪会口臭（幼猫照护）,健康问题,常见与换粮太快有关，建议先观察精神与食欲，调整喂养节奏并做好环境管理，若持续48小时无改善建议就医。,,常见与换粮太快有关，建议先观察精神与食欲，调整喂养节奏并做好环境管理，若持续48小时无改善建议就医。,益生菌；慢食碗,,,
q308,为什么猫咪会体重下降（幼猫照护）,健康问题,常见与搬家应激有关，建议先观察精神与食欲，调整喂养节奏并做好环境管理，若持续48小时无改善建议就医。,,常见与搬家应激有关，建议先观察精神与食欲，调整喂养节奏并做好环境管理，若持续48小时无改善建议就医。,慢食碗；自动饮水机,,,
q309,为什么猫咪会喝水太少（幼猫照护）,健康问题,常见与清洁不到位有关，建议先观察精神与食欲，调整喂养节奏并做好环境管理，若持续48小时无改善建议就医。,,常见与清洁不到位有关，建议先观察精神与食欲，调整喂养节奏并做好环境管理，若持续48小时无改善建议就医。,自动饮水机；豆腐猫砂,,,
q310,为什么猫咪会便秘（幼猫照护）,健康问题,常见与运动不足有关，建议先观察精神与食欲，调整喂养节奏并做好环境管理，若持续48小时无改善建议就医。,,常见与运动不足有关，建议先观察精神与食欲，调整喂养节奏并做好环境管理，若持续48小时无改善建议就医。,豆腐猫砂；矿砂,,,
q311,为什么猫咪会舔毛过度（幼猫照护）,健康问题,常见与饮水不足有关，建议先观察精神与食欲，调整喂养节奏并做好环境管理，若持续48小时无改善建议就医。,,常见与饮水不足有关，建议先观察精神与食欲，调整喂养节奏并做好环境管理，若持续48小时无改善建议就医。,矿砂；猫抓板,,,
q312,为什么猫咪会不吃猫粮（老年猫照护）,健康问题,常见与作息打乱有关，建议先观察精神与食欲，调整喂养节奏并做好环境管理，若持续48小时无改善建议就医。,,常见与作息打乱有关，建议先观察精神与食欲，调整喂养节奏并做好环境管理，若持续48小时无改善建议就医。,猫抓板；逗猫棒,,,
q313,为什么猫咪会软便拉稀（老年猫照护）,健康问题,常见与猫砂不适应有关，建议先观察精神与食欲，调整喂养节奏并做好环境管理，若持续48小时无改善建议就医。,,常见与猫砂不适应有关，建议先观察精神与食欲，调整喂养节奏并做好环境管理，若持续48小时无改善建议就医。,逗猫棒；费洛蒙喷雾,,,
q314,为什么猫咪会频繁呕吐（老年猫照护）,健康问题,常见与新猫加入有关，建议先观察精神与食欲，调整喂养节奏并做好环境管理，若持续48小时无改善建议就医。,,常见与新猫加入有关，建议先观察精神与食欲，调整喂养节奏并做好环境管理，若持续48小时无改善建议就医。,费洛蒙喷雾；化毛膏,,,
q315,为什么猫咪会掉毛严重（老年猫照护）,健康问题,常见与季节变化有关，建议先观察精神与食欲，调整喂养节奏并做好环境管理，若持续48小时无改善建议就医。,,常见与季节变化有关，建议先观察精神与食欲，调整喂养节奏并做好环境管理，若持续48小时无改善建议就医。,化毛膏；鱼油,,,
q316,为什么猫咪会黑下巴反复（老年猫照护）,健康问题,常见与零食过量有关，建议先观察精神与食欲，调整喂养节奏并做好环境管理，若持续48小时无改善建议就医。,,常见与零食过量有关，建议先观察精神与食欲，调整喂养节奏并做好环境管理，若持续48小时无改善建议就医。,鱼油；益生菌,,,
q317,为什么猫咪会泪痕明显（老年猫照护）,健康问题,常见与换粮太快有关，建议先观察精神与食欲，调整喂养节奏并做好环境管理，若持续48小时无改善建议就医。,,常见与换粮太快有关，建议先观察精神与食欲，调整喂养节奏并做好环境管理，若持续48小时无改善建议就医。,益生菌；慢食碗,,,
q318,为什么猫咪会半夜跑酷（老年猫照护）,健康问题,常见与搬家应激有关，建议先观察精神与食欲，调整喂养节奏并做好环境管理，若持续48小时无改善建议就医。,,常见与搬家应激有关，建议先观察精神与食欲，调整喂养节奏并做好环境管理，若持续48小时无改善建议就医。,慢食碗；自动饮水机,,,
q319,为什么猫咪会抓沙发（老年猫照护）,健康问题,常见与清洁不到位有关，建议先观察精神与食欲，调整喂养节奏并做好环境管理，若持续48小时无改善建议就医。,,常见与清洁不到位有关，建议先观察精神与食欲，调整喂养节奏并做好环境管理，若持续48小时无改善建议就医。,自动饮水机；豆腐猫砂,,,
q320,为什么猫咪会乱尿（老年猫照护）,健康问题,常见与运动不足有关，建议先观察精神与食欲，调整喂养节奏并做好环境管理，若持续48小时无改善建议就医。,,常见与运动不足有关，建议先观察精神与食欲，调整喂养节奏并做好环境管理，若持续48小时无改善建议就医。,豆腐猫砂；矿砂,,,
q321,为什么猫咪会应激躲藏（老年猫照护）,健康问题,常见与饮水不足有关，建议先观察精神与食欲，调整喂养节奏并做好环境管理，若持续48小时无改善建议就医。,,常见与饮水不足有关，建议先观察精神与食欲，调整喂养节奏并做好环境管理，若持续48小时无改善建议就医。,矿砂；猫抓板,,,
q322,为什么猫咪会口臭（老年猫照护）,健康问题,常见与作息打乱有关，建议先观察精神与食欲，调整喂养节奏并做好环境管理，若持续48小时无改善建议就医。,,常见与作息打乱有关，建议先观察精神与食欲，调整喂养节奏并做好环境管理，若持续48小时无改善建议就医。,猫抓板；逗猫棒,,,
q323,为什么猫咪会体重下降（老年猫照护）,健康问题,常见与猫砂不适应有关，建议先观察精神与食欲，调整喂养节奏并做好环境管理，若持续48小时无改善建议就医。,,常见与猫砂不适应有关，建议先观察精神与食欲，调整喂养节奏并做好环境管理，若持续48小时无改善建议就医。,逗猫棒；费洛蒙喷雾,,,
q324,为什么猫咪会喝水太少（老年猫照护）,健康问题,常见与新猫加入有关，建议先观察精神与食欲，调整喂养节奏并做好环境管理，若持续48小时无改善建议就医。,,常见与新猫加入有关，建议先观察精神与食欲，调整喂养节奏并做好环境管理，若持续48小时无改善建议就医。,费洛蒙喷雾；化毛膏,,,
q325,为什么猫咪会便秘（老年猫照护）,健康问题,常见与季节变化有关，建议先观察精神与食欲，调整喂养节奏并做好环境管理，若持续48小时无改善建议就医。,,常见与季节变化有关，建议先观察精神与食欲，调整喂养节奏并做好环境管理，若持续48小时无改善建议就医。,化毛膏；鱼油,,,
q326,为什么猫咪会舔毛过度（老年猫照护）,健康问题,常见与零食过量有关，建议先观察精神与食欲，调整喂养节奏并做好环境管理，若持续48小时无改善建议就医。,,常见与零食过量有关，建议先观察精神与食欲，调整喂养节奏并做好环境管理，若持续48小时无改善建议就医。,鱼油；益生菌,,,
