title,category,description,causes,solutions,recommended_products
猫拉稀怎么办,肠胃问题,软便或水样便先排查饮食与应激。,突然换粮；应激；零食过多,停止零食；喂益生菌；观察24小时精神状态,宠物益生菌；低敏主粮
猫呕吐,肠胃问题,偶发吐粮常见，频繁呕吐需重视。,吃太快；毛球刺激；换粮过快,少量多餐；使用慢食碗；频繁呕吐及时就医,慢食碗；化毛膏
猫不吃猫粮,肠胃问题,拒食可能与挑食或口腔不适相关。,挑食；环境变化；口腔问题,定时定量；减少零食；持续拒食就医,适口性猫粮；主食罐
猫便秘怎么办,肠胃问题,排便间隔过长需补水与饮食调整。,饮水少；纤维不足；运动少,增加饮水；湿粮辅助；必要时就医,流动饮水机；湿粮
换粮后软便,肠胃问题,换粮过快容易短期软便。,过渡期太短；新粮不耐受；喂食过量,7天渐进换粮；控制喂食量；必要时回退旧粮,宠物益生菌；低敏猫粮
猫口臭,健康问题,持续口臭可能提示口腔或肠胃问题。,牙结石；牙龈炎；口腔清洁不足,定期刷牙；使用洁牙零食；严重时口腔检查,猫咪牙刷；洁牙凝胶
猫黑下巴,护理问题,下巴黑点常见于皮脂堆积。,油脂分泌；塑料碗刺激；清洁不足,更换陶瓷或玻璃等易清洁食碗；每日清洁下巴；反复发作就医,陶瓷平口猫碗；宠物湿巾
猫泪痕,护理问题,轻度泪痕可通过清洁与饮食改善。,眼部刺激；饮食问题；泪道堵塞,每天清洁眼周；调整饮食；持续加重就医,宠物眼部湿巾；低敏猫粮
猫掉毛严重,护理问题,换毛季掉毛增多，需规律护理。,季节换毛；营养不足；皮肤问题,每天梳毛；补充鱼油；皮肤异常就医,针梳；鱼油
猫耳朵脏,护理问题,耳道分泌物增多要排查耳螨。,耳螨；清洁不足；过敏,定期耳道清洁；观察抓耳频率；异味明显就医,洗耳液；棉片
猫抓沙发,行为问题,抓挠是本能行为，需要正确引导。,缺少抓板；无聊；标记行为,放置抓板；使用猫薄荷引导；增加互动,瓦楞猫抓板；逗猫棒
猫乱尿,健康问题,乱尿可能是行为问题也可能泌尿问题。,猫砂盆不洁；应激；泌尿不适,增加猫砂盆；保持清洁；频繁蹲盆尽快就医,豆腐猫砂；猫砂盆
猫咪为什么半夜跑酷,行为问题,猫是典型晨昏型动物，清晨和夜晚更活跃，半夜突然狂奔常见于精力未释放。,精力过剩；白天睡太多；捕猎本能,晚上增加互动陪玩；睡前喂食帮助稳定作息；增加猫爬架和玩具消耗精力,逗猫棒；猫爬架；益智玩具
猫咪刚到家一直躲怎么办,行为问题,猫咪到新环境躲藏非常常见，通常是对陌生环境敏感导致的应激反应。,环境陌生；缺乏安全感；新气味过多,准备安静独立空间；不要强行抱出；就近放置食物和水；等待猫咪自行探索,猫窝；猫抓板；费洛蒙安抚喷雾
猫咬人怎么办,行为问题,玩耍中咬人需要行为重定向。,玩耍过激；手逗习惯；精力过剩,停止手逗；用玩具替代；及时终止互动,逗猫棒；磨牙玩具
猫咪应激反应,健康问题,搬家或新成员可能引发应激。,环境变化；外出就医；陌生气味,提供安静空间；保持作息；持续不适就医,费洛蒙扩散器；舒缓零食
猫打喷嚏,健康问题,偶发喷嚏常见，伴随症状需关注。,灰尘刺激；温差变化；上呼吸道感染,保持通风；减少粉尘；流鼻涕发热就医,低尘猫砂；空气净化器
猫皮屑多,护理问题,皮屑增多与干燥和营养有关。,空气干燥；洗护不当；营养不均,适度加湿；减少洗澡频率；补充脂肪酸,鱼油；加湿器
猫频繁进出猫砂盆,健康问题,疑似泌尿不适要尽快处理。,泌尿刺激；饮水不足；应激,观察尿量；增加饮水点；异常立即就医,饮水机；泌尿护理粮
猫咪食欲下降,健康问题,短期食欲下降需排查环境和疾病。,天气变化；应激；口腔或肠胃不适,提供新鲜食物；观察精神状态；超过24小时就医,主食罐；营养膏
猫癣怎么护理,健康问题,猫癣多见于真菌与抵抗力、环境潮湿等综合因素。群友经验：兽医方案下盐酸特比萘芬喷剂外用时勿与碘伏同擦同喷。口服伊曲康唑有伤肝讨论，幼猫是否内服须兽医权衡，勿自喂。营养补剂按产品与医嘱。,真菌感染；免疫力下降；环境潮湿,确诊与用药以兽医为准；常活动区次氯酸类按说明消杀、死角勤清洁、多晒太阳；提高抵抗力,遵医嘱外用抗真菌制剂；次氯酸类宠物消毒液；宠物营养补充剂
奶猫怎么保暖,健康问题,新生奶猫失温风险高。《猫咪指南》：出生第1周约30～32℃，之后每周降2～3℃，第4周约24℃。,环境温度过低；保暖设备使用不当；通风直吹,电热毯低档、热水袋裹毛巾、保温灯等，注意防烫；猫窝一半温暖一半凉爽，便于小猫自选位置；避免冷风/空调直吹，垫料每日更换保持干燥,保温垫；温度计
奶猫喂养频次怎么安排,肠胃问题,奶猫需专用猫奶粉，不要喂牛奶（易腹泻）。《猫咪指南》：0～1周约每2小时一次每次2～4ml；2～3周每3～4小时一次每次5～10ml，夜间也要喂。,喂食间隔不合理；奶量控制不当；喂奶姿势错误,宠物奶瓶或去针针管，俯卧、头部微抬，防呛奶；喂奶前后温湿棉球刺激肛门与尿道口辅助排泄；缺乏经验或早产/先天问题请联系兽医或救助机构,猫用奶瓶；猫奶粉
猫呛奶怎么处理,健康问题,奶猫呛奶是紧急情况，处理不当可能引发吸入性问题。,喂奶过快；姿势不正确；奶嘴孔过大,立即停止喂奶；让猫头部向下轻拍背部；清理口鼻并尽快联系兽医,小号奶嘴；吸鼻器
幼猫断奶怎么过渡,肠胃问题,断奶要循序渐进。《猫咪指南》：3～4周龄可尝试奶泡软的幼猫粮，逐步过渡到固体；约1个月长牙后可用皇家幼猫粮泡羊奶粉泡软，牙齿长齐后再过渡到干粮。,直接更换固体粮；进食过快；适口性差,奶量逐步减少、泡粮逐步减少水分；每日称重观察，便便异常及时调整或就医；4周龄后可逐步增加与人温和互动（社会化）,幼猫粮；羊奶粉
猫尿味怎么去除,护理问题,猫尿需去味并分解尿渍，减少重复标记。《猫咪指南》配方：过氧化氢 + 小苏打 + 洗洁精，不要加水，溶解后装喷壶喷在尿过处。,清洁不彻底；未分解尿渍；残留气味刺激,先吸干再处理，避免尿液渗入更深；小范围先测试，避免损坏织物或地板；顽固或反复乱尿需排查泌尿与健康问题,小苏打；洗洁精；过氧化氢（使用前注意安全说明）
猫咪不吃猫粮怎么办（新手养猫）,行为问题,常见与换粮太快有关，建议先观察精神与食欲，调整喂养节奏并做好环境管理，若持续48小时无改善建议就医。,,常见与换粮太快有关，建议先观察精神与食欲，调整喂养节奏并做好环境管理，若持续48小时无改善建议就医。,益生菌；慢食碗
猫咪软便拉稀怎么办（新手养猫）,行为问题,常见与搬家应激有关，建议先观察精神与食欲，调整喂养节奏并做好环境管理，若持续48小时无改善建议就医。,,常见与搬家应激有关，建议先观察精神与食欲，调整喂养节奏并做好环境管理，若持续48小时无改善建议就医。,慢食碗；自动饮水机
猫咪频繁呕吐怎么办（新手养猫）,行为问题,常见与清洁不到位有关，建议先观察精神与食欲，调整喂养节奏并做好环境管理，若持续48小时无改善建议就医。,,常见与清洁不到位有关，建议先观察精神与食欲，调整喂养节奏并做好环境管理，若持续48小时无改善建议就医。,自动饮水机；豆腐猫砂
猫咪掉毛严重怎么办（新手养猫）,行为问题,常见与运动不足有关，建议先观察精神与食欲，调整喂养节奏并做好环境管理，若持续48小时无改善建议就医。,,常见与运动不足有关，建议先观察精神与食欲，调整喂养节奏并做好环境管理，若持续48小时无改善建议就医。,豆腐猫砂；矿砂
猫咪黑下巴反复怎么办（新手养猫）,行为问题,常见与饮水不足有关，建议先观察精神与食欲，调整喂养节奏并做好环境管理，若持续48小时无改善建议就医。,,常见与饮水不足有关，建议先观察精神与食欲，调整喂养节奏并做好环境管理，若持续48小时无改善建议就医。,矿砂；猫抓板
猫咪泪痕明显怎么办（新手养猫）,行为问题,常见与作息打乱有关，建议先观察精神与食欲，调整喂养节奏并做好环境管理，若持续48小时无改善建议就医。,,常见与作息打乱有关，建议先观察精神与食欲，调整喂养节奏并做好环境管理，若持续48小时无改善建议就医。,猫抓板；逗猫棒
猫咪半夜跑酷怎么办（新手养猫）,行为问题,常见与猫砂不适应有关，建议先观察精神与食欲，调整喂养节奏并做好环境管理，若持续48小时无改善建议就医。,,常见与猫砂不适应有关，建议先观察精神与食欲，调整喂养节奏并做好环境管理，若持续48小时无改善建议就医。,逗猫棒；费洛蒙喷雾
猫咪抓沙发怎么办（新手养猫）,行为问题,常见与新猫加入有关，建议先观察精神与食欲，调整喂养节奏并做好环境管理，若持续48小时无改善建议就医。,,常见与新猫加入有关，建议先观察精神与食欲，调整喂养节奏并做好环境管理，若持续48小时无改善建议就医。,费洛蒙喷雾；化毛膏
猫咪乱尿怎么办（新手养猫）,行为问题,常见与季节变化有关，建议先观察精神与食欲，调整喂养节奏并做好环境管理，若持续48小时无改善建议就医。,,常见与季节变化有关，建议先观察精神与食欲，调整喂养节奏并做好环境管理，若持续48小时无改善建议就医。,化毛膏；鱼油
猫咪应激躲藏怎么办（新手养猫）,行为问题,常见与零食过量有关，建议先观察精神与食欲，调整喂养节奏并做好环境管理，若持续48小时无改善建议就医。,,常见与零食过量有关，建议先观察精神与食欲，调整喂养节奏并做好环境管理，若持续48小时无改善建议就医。,鱼油；益生菌
猫咪口臭怎么办（新手养猫）,行为问题,常见与换粮太快有关，建议先观察精神与食欲，调整喂养节奏并做好环境管理，若持续48小时无改善建议就医。,,常见与换粮太快有关，建议先观察精神与食欲，调整喂养节奏并做好环境管理，若持续48小时无改善建议就医。,益生菌；慢食碗
猫咪体重下降怎么办（新手养猫）,行为问题,常见与搬家应激有关，建议先观察精神与食欲，调整喂养节奏并做好环境管理，若持续48小时无改善建议就医。,,常见与搬家应激有关，建议先观察精神与食欲，调整喂养节奏并做好环境管理，若持续48小时无改善建议就医。,慢食碗；自动饮水机
猫咪喝水太少怎么办（新手养猫）,行为问题,常见与清洁不到位有关，建议先观察精神与食欲，调整喂养节奏并做好环境管理，若持续48小时无改善建议就医。,,常见与清洁不到位有关，建议先观察精神与食欲，调整喂养节奏并做好环境管理，若持续48小时无改善建议就医。,自动饮水机；豆腐猫砂
猫咪便秘怎么办（新手养猫）,行为问题,常见与运动不足有关，建议先观察精神与食欲，调整喂养节奏并做好环境管理，若持续48小时无改善建议就医。,,常见与运动不足有关，建议先观察精神与食欲，调整喂养节奏并做好环境管理，若持续48小时无改善建议就医。,豆腐猫砂；矿砂
猫咪舔毛过度怎么办（新手养猫）,行为问题,常见与饮水不足有关，建议先观察精神与食欲，调整喂养节奏并做好环境管理，若持续48小时无改善建议就医。,,常见与饮水不足有关，建议先观察精神与食欲，调整喂养节奏并做好环境管理，若持续48小时无改善建议就医。,矿砂；猫抓板
猫咪不吃猫粮怎么办（饮食喂养）,肠胃问题,常见与作息打乱有关，建议先观察精神与食欲，调整喂养节奏并做好环境管理，若持续48小时无改善建议就医。,,常见与作息打乱有关，建议先观察精神与食欲，调整喂养节奏并做好环境管理，若持续48小时无改善建议就医。,猫抓板；逗猫棒
猫咪软便拉稀怎么办（饮食喂养）,肠胃问题,常见与猫砂不适应有关，建议先观察精神与食欲，调整喂养节奏并做好环境管理，若持续48小时无改善建议就医。,,常见与猫砂不适应有关，建议先观察精神与食欲，调整喂养节奏并做好环境管理，若持续48小时无改善建议就医。,逗猫棒；费洛蒙喷雾
猫咪频繁呕吐怎么办（饮食喂养）,肠胃问题,常见与新猫加入有关，建议先观察精神与食欲，调整喂养节奏并做好环境管理，若持续48小时无改善建议就医。,,常见与新猫加入有关，建议先观察精神与食欲，调整喂养节奏并做好环境管理，若持续48小时无改善建议就医。,费洛蒙喷雾；化毛膏
猫咪掉毛严重怎么办（饮食喂养）,肠胃问题,常见与季节变化有关，建议先观察精神与食欲，调整喂养节奏并做好环境管理，若持续48小时无改善建议就医。,,常见与季节变化有关，建议先观察精神与食欲，调整喂养节奏并做好环境管理，若持续48小时无改善建议就医。,化毛膏；鱼油
猫咪黑下巴反复怎么办（饮食喂养）,肠胃问题,常见与零食过量有关，建议先观察精神与食欲，调整喂养节奏并做好环境管理，若持续48小时无改善建议就医。,,常见与零食过量有关，建议先观察精神与食欲，调整喂养节奏并做好环境管理，若持续48小时无改善建议就医。,鱼油；益生菌
猫咪泪痕明显怎么办（饮食喂养）,肠胃问题,常见与换粮太快有关，建议先观察精神与食欲，调整喂养节奏并做好环境管理，若持续48小时无改善建议就医。,,常见与换粮太快有关，建议先观察精神与食欲，调整喂养节奏并做好环境管理，若持续48小时无改善建议就医。,益生菌；慢食碗
猫咪半夜跑酷怎么办（饮食喂养）,肠胃问题,常见与搬家应激有关，建议先观察精神与食欲，调整喂养节奏并做好环境管理，若持续48小时无改善建议就医。,,常见与搬家应激有关，建议先观察精神与食欲，调整喂养节奏并做好环境管理，若持续48小时无改善建议就医。,慢食碗；自动饮水机
猫咪抓沙发怎么办（饮食喂养）,肠胃问题,常见与清洁不到位有关，建议先观察精神与食欲，调整喂养节奏并做好环境管理，若持续48小时无改善建议就医。,,常见与清洁不到位有关，建议先观察精神与食欲，调整喂养节奏并做好环境管理，若持续48小时无改善建议就医。,自动饮水机；豆腐猫砂
猫咪乱尿怎么办（饮食喂养）,肠胃问题,常见与运动不足有关，建议先观察精神与食欲，调整喂养节奏并做好环境管理，若持续48小时无改善建议就医。,,常见与运动不足有关，建议先观察精神与食欲，调整喂养节奏并做好环境管理，若持续48小时无改善建议就医。,豆腐猫砂；矿砂
猫咪应激躲藏怎么办（饮食喂养）,肠胃问题,常见与饮水不足有关，建议先观察精神与食欲，调整喂养节奏并做好环境管理，若持续48小时无改善建议就医。,,常见与饮水不足有关，建议先观察精神与食欲，调整喂养节奏并做好环境管理，若持续48小时无改善建议就医。,矿砂；猫抓板
猫咪口臭怎么办（饮食喂养）,肠胃问题,常见与作息打乱有关，建议先观察精神与食欲，调整喂养节奏并做好环境管理，若持续48小时无改善建议就医。,,常见与作息打乱有关，建议先观察精神与食欲，调整喂养节奏并做好环境管理，若持续48小时无改善建议就医。,猫抓板；逗猫棒
猫咪体重下降怎么办（饮食喂养）,肠胃问题,常见与猫砂不适应有关，建议先观察精神与食欲，调整喂养节奏并做好环境管理，若持续48小时无改善建议就医。,,常见与猫砂不适应有关，建议先观察精神与食欲，调整喂养节奏并做好环境管理，若持续48小时无改善建议就医。,逗猫棒；费洛蒙喷雾
猫咪喝水太少怎么办（饮食喂养）,肠胃问题,常见与新猫加入有关，建议先观察精神与食欲，调整喂养节奏并做好环境管理，若持续48小时无改善建议就医。,,常见与新猫加入有关，建议先观察精神与食欲，调整喂养节奏并做好环境管理，若持续48小时无改善建议就医。,费洛蒙喷雾；化毛膏
猫咪便秘怎么办（饮食喂养）,肠胃问题,常见与季节变化有关，建议先观察精神与食欲，调整喂养节奏并做好环境管理，若持续48小时无改善建议就医。,,常见与季节变化有关，建议先观察精神与食欲，调整喂养节奏并做好环境管理，若持续48小时无改善建议就医。,化毛膏；鱼油
猫咪舔毛过度怎么办（饮食喂养）,肠胃问题,常见与零食过量有关，建议先观察精神与食欲，调整喂养节奏并做好环境管理，若持续48小时无改善建议就医。,,常见与零食过量有关，建议先观察精神与食欲，调整喂养节奏并做好环境管理，若持续48小时无改善建议就医。,鱼油；益生菌
猫咪不吃猫粮怎么办（肠胃问题）,肠胃问题,常见与换粮太快有关，建议先观察精神与食欲，调整喂养节奏并做好环境管理，若持续48小时无改善建议就医。,,常见与换粮太快有关，建议先观察精神与食欲，调整喂养节奏并做好环境管理，若持续48小时无改善建议就医。,益生菌；慢食碗
猫咪软便拉稀怎么办（肠胃问题）,肠胃问题,常见与搬家应激有关，建议先观察精神与食欲，调整喂养节奏并做好环境管理，若持续48小时无改善建议就医。,,常见与搬家应激有关，建议先观察精神与食欲，调整喂养节奏并做好环境管理，若持续48小时无改善建议就医。,慢食碗；自动饮水机
猫咪频繁呕吐怎么办（肠胃问题）,肠胃问题,常见与清洁不到位有关，建议先观察精神与食欲，调整喂养节奏并做好环境管理，若持续48小时无改善建议就医。,,常见与清洁不到位有关，建议先观察精神与食欲，调整喂养节奏并做好环境管理，若持续48小时无改善建议就医。,自动饮水机；豆腐猫砂
猫咪掉毛严重怎么办（肠胃问题）,肠胃问题,常见与运动不足有关，建议先观察精神与食欲，调整喂养节奏并做好环境管理，若持续48小时无改善建议就医。,,常见与运动不足有关，建议先观察精神与食欲，调整喂养节奏并做好环境管理，若持续48小时无改善建议就医。,豆腐猫砂；矿砂
猫咪黑下巴反复怎么办（肠胃问题）,肠胃问题,常见与饮水不足有关，建议先观察精神与食欲，调整喂养节奏并做好环境管理，若持续48小时无改善建议就医。,,常见与饮水不足有关，建议先观察精神与食欲，调整喂养节奏并做好环境管理，若持续48小时无改善建议就医。,矿砂；猫抓板
猫咪泪痕明显怎么办（肠胃问题）,肠胃问题,常见与作息打乱有关，建议先观察精神与食欲，调整喂养节奏并做好环境管理，若持续48小时无改善建议就医。,,常见与作息打乱有关，建议先观察精神与食欲，调整喂养节奏并做好环境管理，若持续48小时无改善建议就医。,猫抓板；逗猫棒
猫咪半夜跑酷怎么办（肠胃问题）,肠胃问题,常见与猫砂不适应有关，建议先观察精神与食欲，调整喂养节奏并做好环境管理，若持续48小时无改善建议就医。,,常见与猫砂不适应有关，建议先观察精神与食欲，调整喂养节奏并做好环境管理，若持续48小时无改善建议就医。,逗猫棒；费洛蒙喷雾
猫咪抓沙发怎么办（肠胃问题）,肠胃问题,常见与新猫加入有关，建议先观察精神与食欲，调整喂养节奏并做好环境管理，若持续48小时无改善建议就医。,,常见与新猫加入有关，建议先观察精神与食欲，调整喂养节奏并做好环境管理，若持续48小时无改善建议就医。,费洛蒙喷雾；化毛膏
猫咪乱尿怎么办（肠胃问题）,肠胃问题,常见与季节变化有关，建议先观察精神与食欲，调整喂养节奏并做好环境管理，若持续48小时无改善建议就医。,,常见与季节变化有关，建议先观察精神与食欲，调整喂养节奏并做好环境管理，若持续48小时无改善建议就医。,化毛膏；鱼油
猫咪应激躲藏怎么办（肠胃问题）,肠胃问题,常见与零食过量有关，建议先观察精神与食欲，调整喂养节奏并做好环境管理，若持续48小时无改善建议就医。,,常见与零食过量有关，建议先观察精神与食欲，调整喂养节奏并做好环境管理，若持续48小时无改善建议就医。,鱼油；益生菌
猫咪口臭怎么办（肠胃问题）,肠胃问题,常见与换粮太快有关，建议先观察精神与食欲，调整喂养节奏并做好环境管理，若持续48小时无改善建议就医。,,常见与换粮太快有关，建议先观察精神与食欲，调整喂养节奏并做好环境管理，若持续48小时无改善建议就医。,益生菌；慢食碗
猫咪体重下降怎么办（肠胃问题）,肠胃问题,常见与搬家应激有关，建议先观察精神与食欲，调整喂养节奏并做好环境管理，若持续48小时无改善建议就医。,,常见与搬家应激有关，建议先观察精神与食欲，调整喂养节奏并做好环境管理，若持续48小时无改善建议就医。,慢食碗；自动饮水机
猫咪喝水太少怎么办（肠胃问题）,肠胃问题,常见与清洁不到位有关，建议先观察精神与食欲，调整喂养节奏并做好环境管理，若持续48小时无改善建议就医。,,常见与清洁不到位有关，建议先观察精神与食欲，调整喂养节奏并做好环境管理，若持续48小时无改善建议就医。,自动饮水机；豆腐猫砂
猫咪便秘怎么办（肠胃问题）,肠胃问题,常见与运动不足有关，建议先观察精神与食欲，调整喂养节奏并做好环境管理，若持续48小时无改善建议就医。,,常见与运动不足有关，建议先观察精神与食欲，调整喂养节奏并做好环境管理，若持续48小时无改善建议就医。,豆腐猫砂；矿砂
猫咪舔毛过度怎么办（肠胃问题）,肠胃问题,常见与饮水不足有关，建议先观察精神与食欲，调整喂养节奏并做好环境管理，若持续48小时无改善建议就医。,,常见与饮水不足有关，建议先观察精神与食欲，调整喂养节奏并做好环境管理，若持续48小时无改善建议就医。,矿砂；猫抓板
猫咪不吃猫粮怎么办（日常护理）,护理问题,常见与作息打乱有关，建议先观察精神与食欲，调整喂养节奏并做好环境管理，若持续48小时无改善建议就医。,,常见与作息打乱有关，建议先观察精神与食欲，调整喂养节奏并做好环境管理，若持续48小时无改善建议就医。,猫抓板；逗猫棒
猫咪软便拉稀怎么办（日常护理）,护理问题,常见与猫砂不适应有关，建议先观察精神与食欲，调整喂养节奏并做好环境管理，若持续48小时无改善建议就医。,,常见与猫砂不适应有关，建议先观察精神与食欲，调整喂养节奏并做好环境管理，若持续48小时无改善建议就医。,逗猫棒；费洛蒙喷雾
猫咪频繁呕吐怎么办（日常护理）,护理问题,常见与新猫加入有关，建议先观察精神与食欲，调整喂养节奏并做好环境管理，若持续48小时无改善建议就医。,,常见与新猫加入有关，建议先观察精神与食欲，调整喂养节奏并做好环境管理，若持续48小时无改善建议就医。,费洛蒙喷雾；化毛膏
猫咪掉毛严重怎么办（日常护理）,护理问题,常见与季节变化有关，建议先观察精神与食欲，调整喂养节奏并做好环境管理，若持续48小时无改善建议就医。,,常见与季节变化有关，建议先观察精神与食欲，调整喂养节奏并做好环境管理，若持续48小时无改善建议就医。,化毛膏；鱼油
猫咪黑下巴反复怎么办（日常护理）,护理问题,常见与零食过量有关，建议先观察精神与食欲，调整喂养节奏并做好环境管理，若持续48小时无改善建议就医。,,常见与零食过量有关，建议先观察精神与食欲，调整喂养节奏并做好环境管理，若持续48小时无改善建议就医。,鱼油；益生菌
猫咪泪痕明显怎么办（日常护理）,护理问题,常见与换粮太快有关，建议先观察精神与食欲，调整喂养节奏并做好环境管理，若持续48小时无改善建议就医。,,常见与换粮太快有关，建议先观察精神与食欲，调整喂养节奏并做好环境管理，若持续48小时无改善建议就医。,益生菌；慢食碗
猫咪半夜跑酷怎么办（日常护理）,护理问题,常见与搬家应激有关，建议先观察精神与食欲，调整喂养节奏并做好环境管理，若持续48小时无改善建议就医。,,常见与搬家应激有关，建议先观察精神与食欲，调整喂养节奏并做好环境管理，若持续48小时无改善建议就医。,慢食碗；自动饮水机
猫咪抓沙发怎么办（日常护理）,护理问题,常见与清洁不到位有关，建议先观察精神与食欲，调整喂养节奏并做好环境管理，若持续48小时无改善建议就医。,,常见与清洁不到位有关，建议先观察精神与食欲，调整喂养节奏并做好环境管理，若持续48小时无改善建议就医。,自动饮水机；豆腐猫砂
猫咪乱尿怎么办（日常护理）,护理问题,常见与运动不足有关，建议先观察精神与食欲，调整喂养节奏并做好环境管理，若持续48小时无改善建议就医。,,常见与运动不足有关，建议先观察精神与食欲，调整喂养节奏并做好环境管理，若持续48小时无改善建议就医。,豆腐猫砂；矿砂
猫咪应激躲藏怎么办（日常护理）,护理问题,常见与饮水不足有关，建议先观察精神与食欲，调整喂养节奏并做好环境管理，若持续48小时无改善建议就医。,,常见与饮水不足有关，建议先观察精神与食欲，调整喂养节奏并做好环境管理，若持续48小时无改善建议就医。,矿砂；猫抓板
猫咪口臭怎么办（日常护理）,护理问题,常见与作息打乱有关，建议先观察精神与食欲，调整喂养节奏并做好环境管理，若持续48小时无改善建议就医。,,常见与作息打乱有关，建议先观察精神与食欲，调整喂养节奏并做好环境管理，若持续48小时无改善建议就医。,猫抓板；逗猫棒
猫咪体重下降怎么办（日常护理）,护理问题,常见与猫砂不适应有关，建议先观察精神与食欲，调整喂养节奏并做好环境管理，若持续48小时无改善建议就医。,,常见与猫砂不适应有关，建议先观察精神与食欲，调整喂养节奏并做好环境管理，若持续48小时无改善建议就医。,逗猫棒；费洛蒙喷雾
猫咪喝水太少怎么办（日常护理）,护理问题,常见与新猫加入有关，建议先观察精神与食欲，调整喂养节奏并做好环境管理，若持续48小时无改善建议就医。,,常见与新猫加入有关，建议先观察精神与食欲，调整喂养节奏并做好环境管理，若持续48小时无改善建议就医。,费洛蒙喷雾；化毛膏
猫咪便秘怎么办（日常护理）,护理问题,常见与季节变化有关，建议先观察精神与食欲，调整喂养节奏并做好环境管理，若持续48小时无改善建议就医。,,常见与季节变化有关，建议先观察精神与食欲，调整喂养节奏并做好环境管理，若持续48小时无改善建议就医。,化毛膏；鱼油
猫咪舔毛过度怎么办（日常护理）,护理问题,常见与零食过量有关，建议先观察精神与食欲，调整喂养节奏并做好环境管理，若持续48小时无改善建议就医。,,常见与零食过量有关，建议先观察精神与食欲，调整喂养节奏并做好环境管理，若持续48小时无改善建议就医。,鱼油；益生菌
猫咪不吃猫粮怎么办（行为问题）,行为问题,常见与换粮太快有关，建议先观察精神与食欲，调整喂养节奏并做好环境管理，若持续48小时无改善建议就医。,,常见与换粮太快有关，建议先观察精神与食欲，调整喂养节奏并做好环境管理，若持续48小时无改善建议就医。,益生菌；慢食碗
猫咪软便拉稀怎么办（行为问题）,行为问题,常见与搬家应激有关，建议先观察精神与食欲，调整喂养节奏并做好环境管理，若持续48小时无改善建议就医。,,常见与搬家应激有关，建议先观察精神与食欲，调整喂养节奏并做好环境管理，若持续48小时无改善建议就医。,慢食碗；自动饮水机
猫咪频繁呕吐怎么办（行为问题）,行为问题,常见与清洁不到位有关，建议先观察精神与食欲，调整喂养节奏并做好环境管理，若持续48小时无改善建议就医。,,常见与清洁不到位有关，建议先观察精神与食欲，调整喂养节奏并做好环境管理，若持续48小时无改善建议就医。,自动饮水机；豆腐猫砂
猫咪掉毛严重怎么办（行为问题）,行为问题,常见与运动不足有关，建议先观察精神与食欲，调整喂养节奏并做好环境管理，若持续48小时无改善建议就医。,,常见与运动不足有关，建议先观察精神与食欲，调整喂养节奏并做好环境管理，若持续48小时无改善建议就医。,豆腐猫砂；矿砂
猫咪黑下巴反复怎么办（行为问题）,行为问题,常见与饮水不足有关，建议先观察精神与食欲，调整喂养节奏并做好环境管理，若持续48小时无改善建议就医。,,常见与饮水不足有关，建议先观察精神与食欲，调整喂养节奏并做好环境管理，若持续48小时无改善建议就医。,矿砂；猫抓板
猫咪泪痕明显怎么办（行为问题）,行为问题,常见与作息打乱有关，建议先观察精神与食欲，调整喂养节奏并做好环境管理，若持续48小时无改善建议就医。,,常见与作息打乱有关，建议先观察精神与食欲，调整喂养节奏并做好环境管理，若持续48小时无改善建议就医。,猫抓板；逗猫棒
猫咪半夜跑酷怎么办（行为问题）,行为问题,常见与猫砂不适应有关，建议先观察精神与食欲，调整喂养节奏并做好环境管理，若持续48小时无改善建议就医。,,常见与猫砂不适应有关，建议先观察精神与食欲，调整喂养节奏并做好环境管理，若持续48小时无改善建议就医。,逗猫棒；费洛蒙喷雾
猫咪抓沙发怎么办（行为问题）,行为问题,常见与新猫加入有关，建议先观察精神与食欲，调整喂养节奏并做好环境管理，若持续48小时无改善建议就医。,,常见与新猫加入有关，建议先观察精神与食欲，调整喂养节奏并做好环境管理，若持续48小时无改善建议就医。,费洛蒙喷雾；化毛膏
猫咪乱尿怎么办（行为问题）,行为问题,常见与季节变化有关，建议先观察精神与食欲，调整喂养节奏并做好环境管理，若持续48小时无改善建议就医。,,常见与季节变化有关，建议先观察精神与食欲，调整喂养节奏并做好环境管理，若持续48小时无改善建议就医。,化毛膏；鱼油
猫咪应激躲藏怎么办（行为问题）,行为问题,常见与零食过量有关，建议先观察精神与食欲，调整喂养节奏并做好环境管理，若持续48小时无改善建议就医。,,常见与零食过量有关，建议先观察精神与食欲，调整喂养节奏并做好环境管理，若持续48小时无改善建议就医。,鱼油；益生菌
猫咪口臭怎么办（行为问题）,行为问题,常见与换粮太快有关，建议先观察精神与食欲，调整喂养节奏并做好环境管理，若持续48小时无改善建议就医。,,常见与换粮太快有关，建议先观察精神与食欲，调整喂养节奏并做好环境管理，若持续48小时无改善建议就医。,益生菌；慢食碗
猫咪体重下降怎么办（行为问题）,行为问题,常见与搬家应激有关，建议先观察精神与食欲，调整喂养节奏并做好环境管理，若持续48小时无改善建议就医。,,常见与搬家应激有关，建议先观察精神与食欲，调整喂养节奏并做好环境管理，若持续48小时无改善建议就医。,慢食碗；自动饮水机
猫咪喝水太少怎么办（行为问题）,行为问题,常见与清洁不到位有关，建议先观察精神与食欲，调整喂养节奏并做好环境管理，若持续48小时无改善建议就医。,,常见与清洁不到位有关，建议先观察精神与食欲，调整喂养节奏并做好环境管理，若持续48小时无改善建议就医。,自动饮水机；豆腐猫砂
猫咪便秘怎么办（行为问题）,行为问题,常见与运动不足有关，建议先观察精神与食欲，调整喂养节奏并做好环境管理，若持续48小时无改善建议就医。,,常见与运动不足有关，建议先观察精神与食欲，调整喂养节奏并做好环境管理，若持续48小时无改善建议就医。,豆腐猫砂；矿砂
猫咪舔毛过度怎么办（行为问题）,行为问题,常见与饮水不足有关，建议先观察精神与食欲，调整喂养节奏并做好环境管理，若持续48小时无改善建议就医。,,常见与饮水不足有关，建议先观察精神与食欲，调整喂养节奏并做好环境管理，若持续48小时无改善建议就医。,矿砂；猫抓板
猫咪不吃猫粮怎么办（健康就医）,健康问题,常见与作息打乱有关，建议先观察精神与食欲，调整喂养节奏并做好环境管理，若持续48小时无改善建议就医。,,常见与作息打乱有关，建议先观察精神与食欲，调整喂养节奏并做好环境管理，若持续48小时无改善建议就医。,猫抓板；逗猫棒
猫咪软便拉稀怎么办（健康就医）,健康问题,常见与猫砂不适应有关，建议先观察精神与食欲，调整喂养节奏并做好环境管理，若持续48小时无改善建议就医。,,常见与猫砂不适应有关，建议先观察精神与食欲，调整喂养节奏并做好环境管理，若持续48小时无改善建议就医。,逗猫棒；费洛蒙喷雾
猫咪频繁呕吐怎么办（健康就医）,健康问题,常见与新猫加入有关，建议先观察精神与食欲，调整喂养节奏并做好环境管理，若持续48小时无改善建议就医。,,常见与新猫加入有关，建议先观察精神与食欲，调整喂养节奏并做好环境管理，若持续48小时无改善建议就医。,费洛蒙喷雾；化毛膏
猫咪掉毛严重怎么办（健康就医）,健康问题,常见与季节变化有关，建议先观察精神与食欲，调整喂养节奏并做好环境管理，若持续48小时无改善建议就医。,,常见与季节变化有关，建议先观察精神与食欲，调整喂养节奏并做好环境管理，若持续48小时无改善建议就医。,化毛膏；鱼油
猫咪黑下巴反复怎么办（健康就医）,健康问题,常见与零食过量有关，建议先观察精神与食欲，调整喂养节奏并做好环境管理，若持续48小时无改善建议就医。,,常见与零食过量有关，建议先观察精神与食欲，调整喂养节奏并做好环境管理，若持续48小时无改善建议就医。,鱼油；益生菌
猫咪泪痕明显怎么办（健康就医）,健康问题,常见与换粮太快有关，建议先观察精神与食欲，调整喂养节奏并做好环境管理，若持续48小时无改善建议就医。,,常见与换粮太快有关，建议先观察精神与食欲，调整喂养节奏并做好环境管理，若持续48小时无改善建议就医。,益生菌；慢食碗
猫咪半夜跑酷怎么办（健康就医）,健康问题,常见与搬家应激有关，建议先观察精神与食欲，调整喂养节奏并做好环境管理，若持续48小时无改善建议就医。,,常见与搬家应激有关，建议先观察精神与食欲，调整喂养节奏并做好环境管理，若持续48小时无改善建议就医。,慢食碗；自动饮水机
猫咪抓沙发怎么办（健康就医）,健康问题,常见与清洁不到位有关，建议先观察精神与食欲，调整喂养节奏并做好环境管理，若持续48小时无改善建议就医。,,常见与清洁不到位有关，建议先观察精神与食欲，调整喂养节奏并做好环境管理，若持续48小时无改善建议就医。,自动饮水机；豆腐猫砂
猫咪乱尿怎么办（健康就医）,健康问题,常见与运动不足有关，建议先观察精神与食欲，调整喂养节奏并做好环境管理，若持续48小时无改善建议就医。,,常见与运动不足有关，建议先观察精神与食欲，调整喂养节奏并做好环境管理，若持续48小时无改善建议就医。,豆腐猫砂；矿砂
猫咪应激躲藏怎么办（健康就医）,健康问题,常见与饮水不足有关，建议先观察精神与食欲，调整喂养节奏并做好环境管理，若持续48小时无改善建议就医。,,常见与饮水不足有关，建议先观察精神与食欲，调整喂养节奏并做好环境管理，若持续48小时无改善建议就医。,矿砂；猫抓板
猫咪口臭怎么办（健康就医）,健康问题,常见与作息打乱有关，建议先观察精神与食欲，调整喂养节奏并做好环境管理，若持续48小时无改善建议就医。,,常见与作息打乱有关，建议先观察精神与食欲，调整喂养节奏并做好环境管理，若持续48小时无改善建议就医。,猫抓板；逗猫棒
猫咪体重下降怎么办（健康就医）,健康问题,常见与猫砂不适应有关，建议先观察精神与食欲，调整喂养节奏并做好环境管理，若持续48小时无改善建议就医。,,常见与猫砂不适应有关，建议先观察精神与食欲，调整喂养节奏并做好环境管理，若持续48小时无改善建议就医。,逗猫棒；费洛蒙喷雾
猫咪喝水太少怎么办（健康就医）,健康问题,常见与新猫加入有关，建议先观察精神与食欲，调整喂养节奏并做好环境管理，若持续48小时无改善建议就医。,,常见与新猫加入有关，建议先观察精神与食欲，调整喂养节奏并做好环境管理，若持续48小时无改善建议就医。,费洛蒙喷雾；化毛膏
猫咪便秘怎么办（健康就医）,健康问题,常见与季节变化有关，建议先观察精神与食欲，调整喂养节奏并做好环境管理，若持续48小时无改善建议就医。,,常见与季节变化有关，建议先观察精神与食欲，调整喂养节奏并做好环境管理，若持续48小时无改善建议就医。,化毛膏；鱼油
猫咪舔毛过度怎么办（健康就医）,健康问题,常见与零食过量有关，建议先观察精神与食欲，调整喂养节奏并做好环境管理，若持续48小时无改善建议就医。,,常见与零食过量有关，建议先观察精神与食欲，调整喂养节奏并做好环境管理，若持续48小时无改善建议就医。,鱼油；益生菌
猫咪不吃猫粮怎么办（环境布置）,行为问题,常见与换粮太快有关，建议先观察精神与食欲，调整喂养节奏并做好环境管理，若持续48小时无改善建议就医。,,常见与换粮太快有关，建议先观察精神与食欲，调整喂养节奏并做好环境管理，若持续48小时无改善建议就医。,益生菌；慢食碗
猫咪软便拉稀怎么办（环境布置）,行为问题,常见与搬家应激有关，建议先观察精神与食欲，调整喂养节奏并做好环境管理，若持续48小时无改善建议就医。,,常见与搬家应激有关，建议先观察精神与食欲，调整喂养节奏并做好环境管理，若持续48小时无改善建议就医。,慢食碗；自动饮水机
猫咪频繁呕吐怎么办（环境布置）,行为问题,常见与清洁不到位有关，建议先观察精神与食欲，调整喂养节奏并做好环境管理，若持续48小时无改善建议就医。,,常见与清洁不到位有关，建议先观察精神与食欲，调整喂养节奏并做好环境管理，若持续48小时无改善建议就医。,自动饮水机；豆腐猫砂
猫咪掉毛严重怎么办（环境布置）,行为问题,常见与运动不足有关，建议先观察精神与食欲，调整喂养节奏并做好环境管理，若持续48小时无改善建议就医。,,常见与运动不足有关，建议先观察精神与食欲，调整喂养节奏并做好环境管理，若持续48小时无改善建议就医。,豆腐猫砂；矿砂
猫咪黑下巴反复怎么办（环境布置）,行为问题,常见与饮水不足有关，建议先观察精神与食欲，调整喂养节奏并做好环境管理，若持续48小时无改善建议就医。,,常见与饮水不足有关，建议先观察精神与食欲，调整喂养节奏并做好环境管理，若持续48小时无改善建议就医。,矿砂；猫抓板
猫咪泪痕明显怎么办（环境布置）,行为问题,常见与作息打乱有关，建议先观察精神与食欲，调整喂养节奏并做好环境管理，若持续48小时无改善建议就医。,,常见与作息打乱有关，建议先观察精神与食欲，调整喂养节奏并做好环境管理，若持续48小时无改善建议就医。,猫抓板；逗猫棒
猫咪半夜跑酷怎么办（环境布置）,行为问题,常见与猫砂不适应有关，建议先观察精神与食欲，调整喂养节奏并做好环境管理，若持续48小时无改善建议就医。,,常见与猫砂不适应有关，建议先观察精神与食欲，调整喂养节奏并做好环境管理，若持续48小时无改善建议就医。,逗猫棒；费洛蒙喷雾
猫咪抓沙发怎么办（环境布置）,行为问题,常见与新猫加入有关，建议先观察精神与食欲，调整喂养节奏并做好环境管理，若持续48小时无改善建议就医。,,常见与新猫加入有关，建议先观察精神与食欲，调整喂养节奏并做好环境管理，若持续48小时无改善建议就医。,费洛蒙喷雾；化毛膏
猫咪乱尿怎么办（环境布置）,行为问题,常见与季节变化有关，建议先观察精神与食欲，调整喂养节奏并做好环境管理，若持续48小时无改善建议就医。,,常见与季节变化有关，建议先观察精神与食欲，调整喂养节奏并做好环境管理，若持续48小时无改善建议就医。,化毛膏；鱼油
猫咪应激躲藏怎么办（环境布置）,行为问题,常见与零食过量有关，建议先观察精神与食欲，调整喂养节奏并做好环境管理，若持续48小时无改善建议就医。,,常见与零食过量有关，建议先观察精神与食欲，调整喂养节奏并做好环境管理，若持续48小时无改善建议就医。,鱼油；益生菌
猫咪口臭怎么办（环境布置）,行为问题,常见与换粮太快有关，建议先观察精神与食欲，调整喂养节奏并做好环境管理，若持续48小时无改善建议就医。,,常见与换粮太快有关，建议先观察精神与食欲，调整喂养节奏并做好环境管理，若持续48小时无改善建议就医。,益生菌；慢食碗
猫咪体重下降怎么办（环境布置）,行为问题,常见与搬家应激有关，建议先观察精神与食欲，调整喂养节奏并做好环境管理，若持续48小时无改善建议就医。,,常见与搬家应激有关，建议先观察精神与食欲，调整喂养节奏并做好环境管理，若持续48小时无改善建议就医。,慢食碗；自动饮水机
猫咪喝水太少怎么办（环境布置）,行为问题,常见与清洁不到位有关，建议先观察精神与食欲，调整喂养节奏并做好环境管理，若持续48小时无改善建议就医。,,常见与清洁不到位有关，建议先观察精神与食欲，调整喂养节奏并做好环境管理，若持续48小时无改善建议就医。,自动饮水机；豆腐猫砂
猫咪便秘怎么办（环境布置）,行为问题,常见与运动不足有关，建议先观察精神与食欲，调整喂养节奏并做好环境管理，若持续48小时无改善建议就医。,,常见与运动不足有关，建议先观察精神与食欲，调整喂养节奏并做好环境管理，若持续48小时无改善建议就医。,豆腐猫砂；矿砂
猫咪舔毛过度怎么办（环境布置）,行为问题,常见与饮水不足有关，建议先观察精神与食欲，调整喂养节奏并做好环境管理，若持续48小时无改善建议就医。,,常见与饮水不足有关，建议先观察精神与食欲，调整喂养节奏并做好环境管理，若持续48小时无改善建议就医。,矿砂；猫抓板
猫咪不吃猫粮怎么办（多猫家庭）,行为问题,常见与作息打乱有关，建议先观察精神与食欲，调整喂养节奏并做好环境管理，若持续48小时无改善建议就医。,,常见与作息打乱有关，建议先观察精神与食欲，调整喂养节奏并做好环境管理，若持续48小时无改善建议就医。,猫抓板；逗猫棒
猫咪软便拉稀怎么办（多猫家庭）,行为问题,常见与猫砂不适应有关，建议先观察精神与食欲，调整喂养节奏并做好环境管理，若持续48小时无改善建议就医。,,常见与猫砂不适应有关，建议先观察精神与食欲，调整喂养节奏并做好环境管理，若持续48小时无改善建议就医。,逗猫棒；费洛蒙喷雾
猫咪频繁呕吐怎么办（多猫家庭）,行为问题,常见与新猫加入有关，建议先观察精神与食欲，调整喂养节奏并做好环境管理，若持续48小时无改善建议就医。,,常见与新猫加入有关，建议先观察精神与食欲，调整喂养节奏并做好环境管理，若持续48小时无改善建议就医。,费洛蒙喷雾；化毛膏
猫咪掉毛严重怎么办（多猫家庭）,行为问题,常见与季节变化有关，建议先观察精神与食欲，调整喂养节奏并做好环境管理，若持续48小时无改善建议就医。,,常见与季节变化有关，建议先观察精神与食欲，调整喂养节奏并做好环境管理，若持续48小时无改善建议就医。,化毛膏；鱼油
猫咪黑下巴反复怎么办（多猫家庭）,行为问题,常见与零食过量有关，建议先观察精神与食欲，调整喂养节奏并做好环境管理，若持续48小时无改善建议就医。,,常见与零食过量有关，建议先观察精神与食欲，调整喂养节奏并做好环境管理，若持续48小时无改善建议就医。,鱼油；益生菌
猫咪泪痕明显怎么办（多猫家庭）,行为问题,常见与换粮太快有关，建议先观察精神与食欲，调整喂养节奏并做好环境管理，若持续48小时无改善建议就医。,,常见与换粮太快有关，建议先观察精神与食欲，调整喂养节奏并做好环境管理，若持续48小时无改善建议就医。,益生菌；慢食碗
猫咪半夜跑酷怎么办（多猫家庭）,行为问题,常见与搬家应激有关，建议先观察精神与食欲，调整喂养节奏并做好环境管理，若持续48小时无改善建议就医。,,常见与搬家应激有关，建议先观察精神与食欲，调整喂养节奏并做好环境管理，若持续48小时无改善建议就医。,慢食碗；自动饮水机
猫咪抓沙发怎么办（多猫家庭）,行为问题,常见与清洁不到位有关，建议先观察精神与食欲，调整喂养节奏并做好环境管理，若持续48小时无改善建议就医。,,常见与清洁不到位有关，建议先观察精神与食欲，调整喂养节奏并做好环境管理，若持续48小时无改善建议就医。,自动饮水机；豆腐猫砂
猫咪乱尿怎么办（多猫家庭）,行为问题,常见与运动不足有关，建议先观察精神与食欲，调整喂养节奏并做好环境管理，若持续48小时无改善建议就医。,,常见与运动不足有关，建议先观察精神与食欲，调整喂养节奏并做好环境管理，若持续48小时无改善建议就医。,豆腐猫砂；矿砂
猫咪应激躲藏怎么办（多猫家庭）,行为问题,常见与饮水不足有关，建议先观察精神与食欲，调整喂养节奏并做好环境管理，若持续48小时无改善建议就医。,,常见与饮水不足有关，建议先观察精神与食欲，调整喂养节奏并做好环境管理，若持续48小时无改善建议就医。,矿砂；猫抓板
猫咪口臭怎么办（多猫家庭）,行为问题,常见与作息打乱有关，建议先观察精神与食欲，调整喂养节奏并做好环境管理，若持续48小时无改善建议就医。,,常见与作息打乱有关，建议先观察精神与食欲，调整喂养节奏并做好环境管理，若持续48小时无改善建议就医。,猫抓板；逗猫棒
猫咪体重下降怎么办（多猫家庭）,行为问题,常见与猫砂不适应有关，建议先观察精神与食欲，调整喂养节奏并做好环境管理，若持续48小时无改善建议就医。,,常见与猫砂不适应有关，建议先观察精神与食欲，调整喂养节奏并做好环境管理，若持续48小时无改善建议就医。,逗猫棒；费洛蒙喷雾
猫咪喝水太少怎么办（多猫家庭）,行为问题,常见与新猫加入有关，建议先观察精神与食欲，调整喂养节奏并做好环境管理，若持续48小时无改善建议就医。,,常见与新猫加入有关，建议先观察精神与食欲，调整喂养节奏并做好环境管理，若持续48小时无改善建议就医。,费洛蒙喷雾；化毛膏
猫咪便秘怎么办（多猫家庭）,行为问题,常见与季节变化有关，建议先观察精神与食欲，调整喂养节奏并做好环境管理，若持续48小时无改善建议就医。,,常见与季节变化有关，建议先观察精神与食欲，调整喂养节奏并做好环境管理，若持续48小时无改善建议就医。,化毛膏；鱼油
猫咪舔毛过度怎么办（多猫家庭）,行为问题,常见与零食过量有关，建议先观察精神与食欲，调整喂养节奏并做好环境管理，若持续48小时无改善建议就医。,,常见与零食过量有关，建议先观察精神与食欲，调整喂养节奏并做好环境管理，若持续48小时无改善建议就医。,鱼油；益生菌
猫咪不吃猫粮怎么办（幼猫照护）,健康问题,常见与换粮太快有关，建议先观察精神与食欲，调整喂养节奏并做好环境管理，若持续48小时无改善建议就医。,,常见与换粮太快有关，建议先观察精神与食欲，调整喂养节奏并做好环境管理，若持续48小时无改善建议就医。,益生菌；慢食碗
猫咪软便拉稀怎么办（幼猫照护）,健康问题,常见与搬家应激有关，建议先观察精神与食欲，调整喂养节奏并做好环境管理，若持续48小时无改善建议就医。,,常见与搬家应激有关，建议先观察精神与食欲，调整喂养节奏并做好环境管理，若持续48小时无改善建议就医。,慢食碗；自动饮水机
猫咪频繁呕吐怎么办（幼猫照护）,健康问题,常见与清洁不到位有关，建议先观察精神与食欲，调整喂养节奏并做好环境管理，若持续48小时无改善建议就医。,,常见与清洁不到位有关，建议先观察精神与食欲，调整喂养节奏并做好环境管理，若持续48小时无改善建议就医。,自动饮水机；豆腐猫砂
猫咪掉毛严重怎么办（幼猫照护）,健康问题,常见与运动不足有关，建议先观察精神与食欲，调整喂养节奏并做好环境管理，若持续48小时无改善建议就医。,,常见与运动不足有关，建议先观察精神与食欲，调整喂养节奏并做好环境管理，若持续48小时无改善建议就医。,豆腐猫砂；矿砂
猫咪黑下巴反复怎么办（幼猫照护）,健康问题,常见与饮水不足有关，建议先观察精神与食欲，调整喂养节奏并做好环境管理，若持续48小时无改善建议就医。,,常见与饮水不足有关，建议先观察精神与食欲，调整喂养节奏并做好环境管理，若持续48小时无改善建议就医。,矿砂；猫抓板
猫咪泪痕明显怎么办（幼猫照护）,健康问题,常见与作息打乱有关，建议先观察精神与食欲，调整喂养节奏并做好环境管理，若持续48小时无改善建议就医。,,常见与作息打乱有关，建议先观察精神与食欲，调整喂养节奏并做好环境管理，若持续48小时无改善建议就医。,猫抓板；逗猫棒
猫咪半夜跑酷怎么办（幼猫照护）,健康问题,常见与猫砂不适应有关，建议先观察精神与食欲，调整喂养节奏并做好环境管理，若持续48小时无改善建议就医。,,常见与猫砂不适应有关，建议先观察精神与食欲，调整喂养节奏并做好环境管理，若持续48小时无改善建议就医。,逗猫棒；费洛蒙喷雾
猫咪抓沙发怎么办（幼猫照护）,健康问题,常见与新猫加入有关，建议先观察精神与食欲，调整喂养节奏并做好环境管理，若持续48小时无改善建议就医。,,常见与新猫加入有关，建议先观察精神与食欲，调整喂养节奏并做好环境管理，若持续48小时无改善建议就医。,费洛蒙喷雾；化毛膏
猫咪乱尿怎么办（幼猫照护）,健康问题,常见与季节变化有关，建议先观察精神与食欲，调整喂养节奏并做好环境管理，若持续48小时无改善建议就医。,,常见与季节变化有关，建议先观察精神与食欲，调整喂养节奏并做好环境管理，若持续48小时无改善建议就医。,化毛膏；鱼油
猫咪应激躲藏怎么办（幼猫照护）,健康问题,常见与零食过量有关，建议先观察精神与食欲，调整喂养节奏并做好环境管理，若持续48小时无改善建议就医。,,常见与零食过量有关，建议先观察精神与食欲，调整喂养节奏并做好环境管理，若持续48小时无改善建议就医。,鱼油；益生菌
猫咪口臭怎么办（幼猫照护）,健康问题,常见与换粮太快有关，建议先观察精神与食欲，调整喂养节奏并做好环境管理，若持续48小时无改善建议就医。,,常见与换粮太快有关，建议先观察精神与食欲，调整喂养节奏并做好环境管理，若持续48小时无改善建议就医。,益生菌；慢食碗
猫咪体重下降怎么办（幼猫照护）,健康问题,常见与搬家应激有关，建议先观察精神与食欲，调整喂养节奏并做好环境管理，若持续48小时无改善建议就医。,,常见与搬家应激有关，建议先观察精神与食欲，调整喂养节奏并做好环境管理，若持续48小时无改善建议就医。,慢食碗；自动饮水机
猫咪喝水太少怎么办（幼猫照护）,健康问题,常见与清洁不到位有关，建议先观察精神与食欲，调整喂养节奏并做好环境管理，若持续48小时无改善建议就医。,,常见与清洁不到位有关，建议先观察精神与食欲，调整喂养节奏并做好环境管理，若持续48小时无改善建议就医。,自动饮水机；豆腐猫砂
猫咪便秘怎么办（幼猫照护）,健康问题,常见与运动不足有关，建议先观察精神与食欲，调整喂养节奏并做好环境管理，若持续48小时无改善建议就医。,,常见与运动不足有关，建议先观察精神与食欲，调整喂养节奏并做好环境管理，若持续48小时无改善建议就医。,豆腐猫砂；矿砂
猫咪舔毛过度怎么办（幼猫照护）,健康问题,常见与饮水不足有关，建议先观察精神与食欲，调整喂养节奏并做好环境管理，若持续48小时无改善建议就医。,,常见与饮水不足有关，建议先观察精神与食欲，调整喂养节奏并做好环境管理，若持续48小时无改善建议就医。,矿砂；猫抓板
猫咪不吃猫粮怎么办（老年猫照护）,健康问题,常见与作息打乱有关，建议先观察精神与食欲，调整喂养节奏并做好环境管理，若持续48小时无改善建议就医。,,常见与作息打乱有关，建议先观察精神与食欲，调整喂养节奏并做好环境管理，若持续48小时无改善建议就医。,猫抓板；逗猫棒
猫咪软便拉稀怎么办（老年猫照护）,健康问题,常见与猫砂不适应有关，建议先观察精神与食欲，调整喂养节奏并做好环境管理，若持续48小时无改善建议就医。,,常见与猫砂不适应有关，建议先观察精神与食欲，调整喂养节奏并做好环境管理，若持续48小时无改善建议就医。,逗猫棒；费洛蒙喷雾
猫咪频繁呕吐怎么办（老年猫照护）,健康问题,常见与新猫加入有关，建议先观察精神与食欲，调整喂养节奏并做好环境管理，若持续48小时无改善建议就医。,,常见与新猫加入有关，建议先观察精神与食欲，调整喂养节奏并做好环境管理，若持续48小时无改善建议就医。,费洛蒙喷雾；化毛膏
猫咪掉毛严重怎么办（老年猫照护）,健康问题,常见与季节变化有关，建议先观察精神与食欲，调整喂养节奏并做好环境管理，若持续48小时无改善建议就医。,,常见与季节变化有关，建议先观察精神与食欲，调整喂养节奏并做好环境管理，若持续48小时无改善建议就医。,化毛膏；鱼油
猫咪黑下巴反复怎么办（老年猫照护）,健康问题,常见与零食过量有关，建议先观察精神与食欲，调整喂养节奏并做好环境管理，若持续48小时无改善建议就医。,,常见与零食过量有关，建议先观察精神与食欲，调整喂养节奏并做好环境管理，若持续48小时无改善建议就医。,鱼油；益生菌
猫咪泪痕明显怎么办（老年猫照护）,健康问题,常见与换粮太快有关，建议先观察精神与食欲，调整喂养节奏并做好环境管理，若持续48小时无改善建议就医。,,常见与换粮太快有关，建议先观察精神与食欲，调整喂养节奏并做好环境管理，若持续48小时无改善建议就医。,益生菌；慢食碗
猫咪半夜跑酷怎么办（老年猫照护）,健康问题,常见与搬家应激有关，建议先观察精神与食欲，调整喂养节奏并做好环境管理，若持续48小时无改善建议就医。,,常见与搬家应激有关，建议先观察精神与食欲，调整喂养节奏并做好环境管理，若持续48小时无改善建议就医。,慢食碗；自动饮水机
猫咪抓沙发怎么办（老年猫照护）,健康问题,常见与清洁不到位有关，建议先观察精神与食欲，调整喂养节奏并做好环境管理，若持续48小时无改善建议就医。,,常见与清洁不到位有关，建议先观察精神与食欲，调整喂养节奏并做好环境管理，若持续48小时无改善建议就医。,自动饮水机；豆腐猫砂
猫咪乱尿怎么办（老年猫照护）,健康问题,常见与运动不足有关，建议先观察精神与食欲，调整喂养节奏并做好环境管理，若持续48小时无改善建议就医。,,常见与运动不足有关，建议先观察精神与食欲，调整喂养节奏并做好环境管理，若持续48小时无改善建议就医。,豆腐猫砂；矿砂
猫咪应激躲藏怎么办（老年猫照护）,健康问题,常见与饮水不足有关，建议先观察精神与食欲，调整喂养节奏并做好环境管理，若持续48小时无改善建议就医。,,常见与饮水不足有关，建议先观察精神与食欲，调整喂养节奏并做好环境管理，若持续48小时无改善建议就医。,矿砂；猫抓板
猫咪口臭怎么办（老年猫照护）,健康问题,常见与作息打乱有关，建议先观察精神与食欲，调整喂养节奏并做好环境管理，若持续48小时无改善建议就医。,,常见与作息打乱有关，建议先观察精神与食欲，调整喂养节奏并做好环境管理，若持续48小时无改善建议就医。,猫抓板；逗猫棒
猫咪体重下降怎么办（老年猫照护）,健康问题,常见与猫砂不适应有关，建议先观察精神与食欲，调整喂养节奏并做好环境管理，若持续48小时无改善建议就医。,,常见与猫砂不适应有关，建议先观察精神与食欲，调整喂养节奏并做好环境管理，若持续48小时无改善建议就医。,逗猫棒；费洛蒙喷雾
猫咪喝水太少怎么办（老年猫照护）,健康问题,常见与新猫加入有关，建议先观察精神与食欲，调整喂养节奏并做好环境管理，若持续48小时无改善建议就医。,,常见与新猫加入有关，建议先观察精神与食欲，调整喂养节奏并做好环境管理，若持续48小时无改善建议就医。,费洛蒙喷雾；化毛膏
猫咪便秘怎么办（老年猫照护）,健康问题,常见与季节变化有关，建议先观察精神与食欲，调整喂养节奏并做好环境管理，若持续48小时无改善建议就医。,,常见与季节变化有关，建议先观察精神与食欲，调整喂养节奏并做好环境管理，若持续48小时无改善建议就医。,化毛膏；鱼油
猫咪舔毛过度怎么办（老年猫照护）,健康问题,常见与零食过量有关，建议先观察精神与食欲，调整喂养节奏并做好环境管理，若持续48小时无改善建议就医。,,常见与零食过量有关，建议先观察精神与食欲，调整喂养节奏并做好环境管理，若持续48小时无改善建议就医。,鱼油；益生菌
为什么猫咪会不吃猫粮（新手养猫）,行为问题,常见与换粮太快有关，建议先观察精神与食欲，调整喂养节奏并做好环境管理，若持续48小时无改善建议就医。,,常见与换粮太快有关，建议先观察精神与食欲，调整喂养节奏并做好环境管理，若持续48小时无改善建议就医。,益生菌；慢食碗
为什么猫咪会软便拉稀（新手养猫）,行为问题,常见与搬家应激有关，建议先观察精神与食欲，调整喂养节奏并做好环境管理，若持续48小时无改善建议就医。,,常见与搬家应激有关，建议先观察精神与食欲，调整喂养节奏并做好环境管理，若持续48小时无改善建议就医。,慢食碗；自动饮水机
为什么猫咪会频繁呕吐（新手养猫）,行为问题,常见与清洁不到位有关，建议先观察精神与食欲，调整喂养节奏并做好环境管理，若持续48小时无改善建议就医。,,常见与清洁不到位有关，建议先观察精神与食欲，调整喂养节奏并做好环境管理，若持续48小时无改善建议就医。,自动饮水机；豆腐猫砂
为什么猫咪会掉毛严重（新手养猫）,行为问题,常见与运动不足有关，建议先观察精神与食欲，调整喂养节奏并做好环境管理，若持续48小时无改善建议就医。,,常见与运动不足有关，建议先观察精神与食欲，调整喂养节奏并做好环境管理，若持续48小时无改善建议就医。,豆腐猫砂；矿砂
为什么猫咪会黑下巴反复（新手养猫）,行为问题,常见与饮水不足有关，建议先观察精神与食欲，调整喂养节奏并做好环境管理，若持续48小时无改善建议就医。,,常见与饮水不足有关，建议先观察精神与食欲，调整喂养节奏并做好环境管理，若持续48小时无改善建议就医。,矿砂；猫抓板
为什么猫咪会泪痕明显（新手养猫）,行为问题,常见与作息打乱有关，建议先观察精神与食欲，调整喂养节奏并做好环境管理，若持续48小时无改善建议就医。,,常见与作息打乱有关，建议先观察精神与食欲，调整喂养节奏并做好环境管理，若持续48小时无改善建议就医。,猫抓板；逗猫棒
为什么猫咪会半夜跑酷（新手养猫）,行为问题,常见与猫砂不适应有关，建议先观察精神与食欲，调整喂养节奏并做好环境管理，若持续48小时无改善建议就医。,,常见与猫砂不适应有关，建议先观察精神与食欲，调整喂养节奏并做好环境管理，若持续48小时无改善建议就医。,逗猫棒；费洛蒙喷雾
为什么猫咪会抓沙发（新手养猫）,行为问题,常见与新猫加入有关，建议先观察精神与食欲，调整喂养节奏并做好环境管理，若持续48小时无改善建议就医。,,常见与新猫加入有关，建议先观察精神与食欲，调整喂养节奏并做好环境管理，若持续48小时无改善建议就医。,费洛蒙喷雾；化毛膏
为什么猫咪会乱尿（新手养猫）,行为问题,常见与季节变化有关，建议先观察精神与食欲，调整喂养节奏并做好环境管理，若持续48小时无改善建议就医。,,常见与季节变化有关，建议先观察精神与食欲，调整喂养节奏并做好环境管理，若持续48小时无改善建议就医。,化毛膏；鱼油
为什么猫咪会应激躲藏（新手养猫）,行为问题,常见与零食过量有关，建议先观察精神与食欲，调整喂养节奏并做好环境管理，若持续48小时无改善建议就医。,,常见与零食过量有关，建议先观察精神与食欲，调整喂养节奏并做好环境管理，若持续48小时无改善建议就医。,鱼油；益生菌
为什么猫咪会口臭（新手养猫）,行为问题,常见与换粮太快有关，建议先观察精神与食欲，调整喂养节奏并做好环境管理，若持续48小时无改善建议就医。,,常见与换粮太快有关，建议先观察精神与食欲，调整喂养节奏并做好环境管理，若持续48小时无改善建议就医。,益生菌；慢食碗
为什么猫咪会体重下降（新手养猫）,行为问题,常见与搬家应激有关，建议先观察精神与食欲，调整喂养节奏并做好环境管理，若持续48小时无改善建议就医。,,常见与搬家应激有关，建议先观察精神与食欲，调整喂养节奏并做好环境管理，若持续48小时无改善建议就医。,慢食碗；自动饮水机
为什么猫咪会喝水太少（新手养猫）,行为问题,常见与清洁不到位有关，建议先观察精神与食欲，调整喂养节奏并做好环境管理，若持续48小时无改善建议就医。,,常见与清洁不到位有关，建议先观察精神与食欲，调整喂养节奏并做好环境管理，若持续48小时无改善建议就医。,自动饮水机；豆腐猫砂
为什么猫咪会便秘（新手养猫）,行为问题,常见与运动不足有关，建议先观察精神与食欲，调整喂养节奏并做好环境管理，若持续48小时无改善建议就医。,,常见与运动不足有关，建议先观察精神与食欲，调整喂养节奏并做好环境管理，若持续48小时无改善建议就医。,豆腐猫砂；矿砂
为什么猫咪会舔毛过度（新手养猫）,行为问题,常见与饮水不足有关，建议先观察精神与食欲，调整喂养节奏并做好环境管理，若持续48小时无改善建议就医。,,常见与饮水不足有关，建议先观察精神与食欲，调整喂养节奏并做好环境管理，若持续48小时无改善建议就医。,矿砂；猫抓板
为什么猫咪会不吃猫粮（饮食喂养）,肠胃问题,常见与作息打乱有关，建议先观察精神与食欲，调整喂养节奏并做好环境管理，若持续48小时无改善建议就医。,,常见与作息打乱有关，建议先观察精神与食欲，调整喂养节奏并做好环境管理，若持续48小时无改善建议就医。,猫抓板；逗猫棒
为什么猫咪会软便拉稀（饮食喂养）,肠胃问题,常见与猫砂不适应有关，建议先观察精神与食欲，调整喂养节奏并做好环境管理，若持续48小时无改善建议就医。,,常见与猫砂不适应有关，建议先观察精神与食欲，调整喂养节奏并做好环境管理，若持续48小时无改善建议就医。,逗猫棒；费洛蒙喷雾
为什么猫咪会频繁呕吐（饮食喂养）,肠胃问题,常见与新猫加入有关，建议先观察精神与食欲，调整喂养节奏并做好环境管理，若持续48小时无改善建议就医。,,常见与新猫加入有关，建议先观察精神与食欲，调整喂养节奏并做好环境管理，若持续48小时无改善建议就医。,费洛蒙喷雾；化毛膏
为什么猫咪会掉毛严重（饮食喂养）,肠胃问题,常见与季节变化有关，建议先观察精神与食欲，调整喂养节奏并做好环境管理，若持续48小时无改善建议就医。,,常见与季节变化有关，建议先观察精神与食欲，调整喂养节奏并做好环境管理，若持续48小时无改善建议就医。,化毛膏；鱼油
为什么猫咪会黑下巴反复（饮食喂养）,肠胃问题,常见与零食过量有关，建议先观察精神与食欲，调整喂养节奏并做好环境管理，若持续48小时无改善建议就医。,,常见与零食过量有关，建议先观察精神与食欲，调整喂养节奏并做好环境管理，若持续48小时无改善建议就医。,鱼油；益生菌
为什么猫咪会泪痕明显（饮食喂养）,肠胃问题,常见与换粮太快有关，建议先观察精神与食欲，调整喂养节奏并做好环境管理，若持续48小时无改善建议就医。,,常见与换粮太快有关，建议先观察精神与食欲，调整喂养节奏并做好环境管理，若持续48小时无改善建议就医。,益生菌；慢食碗
为什么猫咪会半夜跑酷（饮食喂养）,肠胃问题,常见与搬家应激有关，建议先观察精神与食欲，调整喂养节奏并做好环境管理，若持续48小时无改善建议就医。,,常见与搬家应激有关，建议先观察精神与食欲，调整喂养节奏并做好环境管理，若持续48小时无改善建议就医。,慢食碗；自动饮水机
为什么猫咪会抓沙发（饮食喂养）,肠胃问题,常见与清洁不到位有关，建议先观察精神与食欲，调整喂养节奏并做好环境管理，若持续48小时无改善建议就医。,,常见与清洁不到位有关，建议先观察精神与食欲，调整喂养节奏并做好环境管理，若持续48小时无改善建议就医。,自动饮水机；豆腐猫砂
为什么猫咪会乱尿（饮食喂养）,肠胃问题,常见与运动不足有关，建议先观察精神与食欲，调整喂养节奏并做好环境管理，若持续48小时无改善建议就医。,,常见与运动不足有关，建议先观察精神与食欲，调整喂养节奏并做好环境管理，若持续48小时无改善建议就医。,豆腐猫砂；矿砂
为什么猫咪会应激躲藏（饮食喂养）,肠胃问题,常见与饮水不足有关，建议先观察精神与食欲，调整喂养节奏并做好环境管理，若持续48小时无改善建议就医。,,常见与饮水不足有关，建议先观察精神与食欲，调整喂养节奏并做好环境管理，若持续48小时无改善建议就医。,矿砂；猫抓板
为什么猫咪会口臭（饮食喂养）,肠胃问题,常见与作息打乱有关，建议先观察精神与食欲，调整喂养节奏并做好环境管理，若持续48小时无改善建议就医。,,常见与作息打乱有关，建议先观察精神与食欲，调整喂养节奏并做好环境管理，若持续48小时无改善建议就医。,猫抓板；逗猫棒
为什么猫咪会体重下降（饮食喂养）,肠胃问题,常见与猫砂不适应有关，建议先观察精神与食欲，调整喂养节奏并做好环境管理，若持续48小时无改善建议就医。,,常见与猫砂不适应有关，建议先观察精神与食欲，调整喂养节奏并做好环境管理，若持续48小时无改善建议就医。,逗猫棒；费洛蒙喷雾
为什么猫咪会喝水太少（饮食喂养）,肠胃问题,常见与新猫加入有关，建议先观察精神与食欲，调整喂养节奏并做好环境管理，若持续48小时无改善建议就医。,,常见与新猫加入有关，建议先观察精神与食欲，调整喂养节奏并做好环境管理，若持续48小时无改善建议就医。,费洛蒙喷雾；化毛膏
为什么猫咪会便秘（饮食喂养）,肠胃问题,常见与季节变化有关，建议先观察精神与食欲，调整喂养节奏并做好环境管理，若持续48小时无改善建议就医。,,常见与季节变化有关，建议先观察精神与食欲，调整喂养节奏并做好环境管理，若持续48小时无改善建议就医。,化毛膏；鱼油
为什么猫咪会舔毛过度（饮食喂养）,肠胃问题,常见与零食过量有关，建议先观察精神与食欲，调整喂养节奏并做好环境管理，若持续48小时无改善建议就医。,,常见与零食过量有关，建议先观察精神与食欲，调整喂养节奏并做好环境管理，若持续48小时无改善建议就医。,鱼油；益生菌
为什么猫咪会不吃猫粮（肠胃问题）,肠胃问题,常见与换粮太快有关，建议先观察精神与食欲，调整喂养节奏并做好环境管理，若持续48小时无改善建议就医。,,常见与换粮太快有关，建议先观察精神与食欲，调整喂养节奏并做好环境管理，若持续48小时无改善建议就医。,益生菌；慢食碗
为什么猫咪会软便拉稀（肠胃问题）,肠胃问题,常见与搬家应激有关，建议先观察精神与食欲，调整喂养节奏并做好环境管理，若持续48小时无改善建议就医。,,常见与搬家应激有关，建议先观察精神与食欲，调整喂养节奏并做好环境管理，若持续48小时无改善建议就医。,慢食碗；自动饮水机
为什么猫咪会频繁呕吐（肠胃问题）,肠胃问题,常见与清洁不到位有关，建议先观察精神与食欲，调整喂养节奏并做好环境管理，若持续48小时无改善建议就医。,,常见与清洁不到位有关，建议先观察精神与食欲，调整喂养节奏并做好环境管理，若持续48小时无改善建议就医。,自动饮水机；豆腐猫砂
为什么猫咪会掉毛严重（肠胃问题）,肠胃问题,常见与运动不足有关，建议先观察精神与食欲，调整喂养节奏并做好环境管理，若持续48小时无改善建议就医。,,常见与运动不足有关，建议先观察精神与食欲，调整喂养节奏并做好环境管理，若持续48小时无改善建议就医。,豆腐猫砂；矿砂
为什么猫咪会黑下巴反复（肠胃问题）,肠胃问题,常见与饮水不足有关，建议先观察精神与食欲，调整喂养节奏并做好环境管理，若持续48小时无改善建议就医。,,常见与饮水不足有关，建议先观察精神与食欲，调整喂养节奏并做好环境管理，若持续48小时无改善建议就医。,矿砂；猫抓板
为什么猫咪会泪痕明显（肠胃问题）,肠胃问题,常见与作息打乱有关，建议先观察精神与食欲，调整喂养节奏并做好环境管理，若持续48小时无改善建议就医。,,常见与作息打乱有关，建议先观察精神与食欲，调整喂养节奏并做好环境管理，若持续48小时无改善建议就医。,猫抓板；逗猫棒
为什么猫咪会半夜跑酷（肠胃问题）,肠胃问题,常见与猫砂不适应有关，建议先观察精神与食欲，调整喂养节奏并做好环境管理，若持续48小时无改善建议就医。,,常见与猫砂不适应有关，建议先观察精神与食欲，调整喂养节奏并做好环境管理，若持续48小时无改善建议就医。,逗猫棒；费洛蒙喷雾
为什么猫咪会抓沙发（肠胃问题）,肠胃问题,常见与新猫加入有关，建议先观察精神与食欲，调整喂养节奏并做好环境管理，若持续48小时无改善建议就医。,,常见与新猫加入有关，建议先观察精神与食欲，调整喂养节奏并做好环境管理，若持续48小时无改善建议就医。,费洛蒙喷雾；化毛膏
为什么猫咪会乱尿（肠胃问题）,肠胃问题,常见与季节变化有关，建议先观察精神与食欲，调整喂养节奏并做好环境管理，若持续48小时无改善建议就医。,,常见与季节变化有关，建议先观察精神与食欲，调整喂养节奏并做好环境管理，若持续48小时无改善建议就医。,化毛膏；鱼油
为什么猫咪会应激躲藏（肠胃问题）,肠胃问题,常见与零食过量有关，建议先观察精神与食欲，调整喂养节奏并做好环境管理，若持续48小时无改善建议就医。,,常见与零食过量有关，建议先观察精神与食欲，调整喂养节奏并做好环境管理，若持续48小时无改善建议就医。,鱼油；益生菌
为什么猫咪会口臭（肠胃问题）,肠胃问题,常见与换粮太快有关，建议先观察精神与食欲，调整喂养节奏并做好环境管理，若持续48小时无改善建议就医。,,常见与换粮太快有关，建议先观察精神与食欲，调整喂养节奏并做好环境管理，若持续48小时无改善建议就医。,益生菌；慢食碗
为什么猫咪会体重下降（肠胃问题）,肠胃问题,常见与搬家应激有关，建议先观察精神与食欲，调整喂养节奏并做好环境管理，若持续48小时无改善建议就医。,,常见与搬家应激有关，建议先观察精神与食欲，调整喂养节奏并做好环境管理，若持续48小时无改善建议就医。,慢食碗；自动饮水机
为什么猫咪会喝水太少（肠胃问题）,肠胃问题,常见与清洁不到位有关，建议先观察精神与食欲，调整喂养节奏并做好环境管理，若持续48小时无改善建议就医。,,常见与清洁不到位有关，建议先观察精神与食欲，调整喂养节奏并做好环境管理，若持续48小时无改善建议就医。,自动饮水机；豆腐猫砂
为什么猫咪会便秘（肠胃问题）,肠胃问题,常见与运动不足有关，建议先观察精神与食欲，调整喂养节奏并做好环境管理，若持续48小时无改善建议就医。,,常见与运动不足有关，建议先观察精神与食欲，调整喂养节奏并做好环境管理，若持续48小时无改善建议就医。,豆腐猫砂；矿砂
为什么猫咪会舔毛过度（肠胃问题）,肠胃问题,常见与饮水不足有关，建议先观察精神与食欲，调整喂养节奏并做好环境管理，若持续48小时无改善建议就医。,,常见与饮水不足有关，建议先观察精神与食欲，调整喂养节奏并做好环境管理，若持续48小时无改善建议就医。,矿砂；猫抓板
为什么猫咪会不吃猫粮（日常护理）,护理问题,常见与作息打乱有关，建议先观察精神与食欲，调整喂养节奏并做好环境管理，若持续48小时无改善建议就医。,,常见与作息打乱有关，建议先观察精神与食欲，调整喂养节奏并做好环境管理，若持续48小时无改善建议就医。,猫抓板；逗猫棒
为什么猫咪会软便拉稀（日常护理）,护理问题,常见与猫砂不适应有关，建议先观察精神与食欲，调整喂养节奏并做好环境管理，若持续48小时无改善建议就医。,,常见与猫砂不适应有关，建议先观察精神与食欲，调整喂养节奏并做好环境管理，若持续48小时无改善建议就医。,逗猫棒；费洛蒙喷雾
为什么猫咪会频繁呕吐（日常护理）,护理问题,常见与新猫加入有关，建议先观察精神与食欲，调整喂养节奏并做好环境管理，若持续48小时无改善建议就医。,,常见与新猫加入有关，建议先观察精神与食欲，调整喂养节奏并做好环境管理，若持续48小时无改善建议就医。,费洛蒙喷雾；化毛膏
为什么猫咪会掉毛严重（日常护理）,护理问题,常见与季节变化有关，建议先观察精神与食欲，调整喂养节奏并做好环境管理，若持续48小时无改善建议就医。,,常见与季节变化有关，建议先观察精神与食欲，调整喂养节奏并做好环境管理，若持续48小时无改善建议就医。,化毛膏；鱼油
为什么猫咪会黑下巴反复（日常护理）,护理问题,常见与零食过量有关，建议先观察精神与食欲，调整喂养节奏并做好环境管理，若持续48小时无改善建议就医。,,常见与零食过量有关，建议先观察精神与食欲，调整喂养节奏并做好环境管理，若持续48小时无改善建议就医。,鱼油；益生菌
为什么猫咪会泪痕明显（日常护理）,护理问题,常见与换粮太快有关，建议先观察精神与食欲，调整喂养节奏并做好环境管理，若持续48小时无改善建议就医。,,常见与换粮太快有关，建议先观察精神与食欲，调整喂养节奏并做好环境管理，若持续48小时无改善建议就医。,益生菌；慢食碗
为什么猫咪会半夜跑酷（日常护理）,护理问题,常见与搬家应激有关，建议先观察精神与食欲，调整喂养节奏并做好环境管理，若持续48小时无改善建议就医。,,常见与搬家应激有关，建议先观察精神与食欲，调整喂养节奏并做好环境管理，若持续48小时无改善建议就医。,慢食碗；自动饮水机
为什么猫咪会抓沙发（日常护理）,护理问题,常见与清洁不到位有关，建议先观察精神与食欲，调整喂养节奏并做好环境管理，若持续48小时无改善建议就医。,,常见与清洁不到位有关，建议先观察精神与食欲，调整喂养节奏并做好环境管理，若持续48小时无改善建议就医。,自动饮水机；豆腐猫砂
为什么猫咪会乱尿（日常护理）,护理问题,常见与运动不足有关，建议先观察精神与食欲，调整喂养节奏并做好环境管理，若持续48小时无改善建议就医。,,常见与运动不足有关，建议先观察精神与食欲，调整喂养节奏并做好环境管理，若持续48小时无改善建议就医。,豆腐猫砂；矿砂
为什么猫咪会应激躲藏（日常护理）,护理问题,常见与饮水不足有关，建议先观察精神与食欲，调整喂养节奏并做好环境管理，若持续48小时无改善建议就医。,,常见与饮水不足有关，建议先观察精神与食欲，调整喂养节奏并做好环境管理，若持续48小时无改善建议就医。,矿砂；猫抓板
为什么猫咪会口臭（日常护理）,护理问题,常见与作息打乱有关，建议先观察精神与食欲，调整喂养节奏并做好环境管理，若持续48小时无改善建议就医。,,常见与作息打乱有关，建议先观察精神与食欲，调整喂养节奏并做好环境管理，若持续48小时无改善建议就医。,猫抓板；逗猫棒
为什么猫咪会体重下降（日常护理）,护理问题,常见与猫砂不适应有关，建议先观察精神与食欲，调整喂养节奏并做好环境管理，若持续48小时无改善建议就医。,,常见与猫砂不适应有关，建议先观察精神与食欲，调整喂养节奏并做好环境管理，若持续48小时无改善建议就医。,逗猫棒；费洛蒙喷雾
为什么猫咪会喝水太少（日常护理）,护理问题,常见与新猫加入有关，建议先观察精神与食欲，调整喂养节奏并做好环境管理，若持续48小时无改善建议就医。,,常见与新猫加入有关，建议先观察精神与食欲，调整喂养节奏并做好环境管理，若持续48小时无改善建议就医。,费洛蒙喷雾；化毛膏
为什么猫咪会便秘（日常护理）,护理问题,常见与季节变化有关，建议先观察精神与食欲，调整喂养节奏并做好环境管理，若持续48小时无改善建议就医。,,常见与季节变化有关，建议先观察精神与食欲，调整喂养节奏并做好环境管理，若持续48小时无改善建议就医。,化毛膏；鱼油
为什么猫咪会舔毛过度（日常护理）,护理问题,常见与零食过量有关，建议先观察精神与食欲，调整喂养节奏并做好环境管理，若持续48小时无改善建议就医。,,常见与零食过量有关，建议先观察精神与食欲，调整喂养节奏并做好环境管理，若持续48小时无改善建议就医。,鱼油；益生菌
为什么猫咪会不吃猫粮（行为问题）,行为问题,常见与换粮太快有关，建议先观察精神与食欲，调整喂养节奏并做好环境管理，若持续48小时无改善建议就医。,,常见与换粮太快有关，建议先观察精神与食欲，调整喂养节奏并做好环境管理，若持续48小时无改善建议就医。,益生菌；慢食碗
为什么猫咪会软便拉稀（行为问题）,行为问题,常见与搬家应激有关，建议先观察精神与食欲，调整喂养节奏并做好环境管理，若持续48小时无改善建议就医。,,常见与搬家应激有关，建议先观察精神与食欲，调整喂养节奏并做好环境管理，若持续48小时无改善建议就医。,慢食碗；自动饮水机
为什么猫咪会频繁呕吐（行为问题）,行为问题,常见与清洁不到位有关，建议先观察精神与食欲，调整喂养节奏并做好环境管理，若持续48小时无改善建议就医。,,常见与清洁不到位有关，建议先观察精神与食欲，调整喂养节奏并做好环境管理，若持续48小时无改善建议就医。,自动饮水机；豆腐猫砂
为什么猫咪会掉毛严重（行为问题）,行为问题,常见与运动不足有关，建议先观察精神与食欲，调整喂养节奏并做好环境管理，若持续48小时无改善建议就医。,,常见与运动不足有关，建议先观察精神与食欲，调整喂养节奏并做好环境管理，若持续48小时无改善建议就医。,豆腐猫砂；矿砂
为什么猫咪会黑下巴反复（行为问题）,行为问题,常见与饮水不足有关，建议先观察精神与食欲，调整喂养节奏并做好环境管理，若持续48小时无改善建议就医。,,常见与饮水不足有关，建议先观察精神与食欲，调整喂养节奏并做好环境管理，若持续48小时无改善建议就医。,矿砂；猫抓板
为什么猫咪会泪痕明显（行为问题）,行为问题,常见与作息打乱有关，建议先观察精神与食欲，调整喂养节奏并做好环境管理，若持续48小时无改善建议就医。,,常见与作息打乱有关，建议先观察精神与食欲，调整喂养节奏并做好环境管理，若持续48小时无改善建议就医。,猫抓板；逗猫棒
为什么猫咪会半夜跑酷（行为问题）,行为问题,常见与猫砂不适应有关，建议先观察精神与食欲，调整喂养节奏并做好环境管理，若持续48小时无改善建议就医。,,常见与猫砂不适应有关，建议先观察精神与食欲，调整喂养节奏并做好环境管理，若持续48小时无改善建议就医。,逗猫棒；费洛蒙喷雾
为什么猫咪会抓沙发（行为问题）,行为问题,常见与新猫加入有关，建议先观察精神与食欲，调整喂养节奏并做好环境管理，若持续48小时无改善建议就医。,,常见与新猫加入有关，建议先观察精神与食欲，调整喂养节奏并做好环境管理，若持续48小时无改善建议就医。,费洛蒙喷雾；化毛膏
为什么猫咪会乱尿（行为问题）,行为问题,常见与季节变化有关，建议先观察精神与食欲，调整喂养节奏并做好环境管理，若持续48小时无改善建议就医。,,常见与季节变化有关，建议先观察精神与食欲，调整喂养节奏并做好环境管理，若持续48小时无改善建议就医。,化毛膏；鱼油
为什么猫咪会应激躲藏（行为问题）,行为问题,常见与零食过量有关，建议先观察精神与食欲，调整喂养节奏并做好环境管理，若持续48小时无改善建议就医。,,常见与零食过量有关，建议先观察精神与食欲，调整喂养节奏并做好环境管理，若持续48小时无改善建议就医。,鱼油；益生菌
为什么猫咪会口臭（行为问题）,行为问题,常见与换粮太快有关，建议先观察精神与食欲，调整喂养节奏并做好环境管理，若持续48小时无改善建议就医。,,常见与换粮太快有关，建议先观察精神与食欲，调整喂养节奏并做好环境管理，若持续48小时无改善建议就医。,益生菌；慢食碗
为什么猫咪会体重下降（行为问题）,行为问题,常见与搬家应激有关，建议先观察精神与食欲，调整喂养节奏并做好环境管理，若持续48小时无改善建议就医。,,常见与搬家应激有关，建议先观察精神与食欲，调整喂养节奏并做好环境管理，若持续48小时无改善建议就医。,慢食碗；自动饮水机
为什么猫咪会喝水太少（行为问题）,行为问题,常见与清洁不到位有关，建议先观察精神与食欲，调整喂养节奏并做好环境管理，若持续48小时无改善建议就医。,,常见与清洁不到位有关，建议先观察精神与食欲，调整喂养节奏并做好环境管理，若持续48小时无改善建议就医。,自动饮水机；豆腐猫砂
为什么猫咪会便秘（行为问题）,行为问题,常见与运动不足有关，建议先观察精神与食欲，调整喂养节奏并做好环境管理，若持续48小时无改善建议就医。,,常见与运动不足有关，建议先观察精神与食欲，调整喂养节奏并做好环境管理，若持续48小时无改善建议就医。,豆腐猫砂；矿砂
为什么猫咪会舔毛过度（行为问题）,行为问题,常见与饮水不足有关，建议先观察精神与食欲，调整喂养节奏并做好环境管理，若持续48小时无改善建议就医。,,常见与饮水不足有关，建议先观察精神与食欲，调整喂养节奏并做好环境管理，若持续48小时无改善建议就医。,矿砂；猫抓板
为什么猫咪会不吃猫粮（健康就医）,健康问题,常见与作息打乱有关，建议先观察精神与食欲，调整喂养节奏并做好环境管理，若持续48小时无改善建议就医。,,常见与作息打乱有关，建议先观察精神与食欲，调整喂养节奏并做好环境管理，若持续48小时无改善建议就医。,猫抓板；逗猫棒
为什么猫咪会软便拉稀（健康就医）,健康问题,常见与猫砂不适应有关，建议先观察精神与食欲，调整喂养节奏并做好环境管理，若持续48小时无改善建议就医。,,常见与猫砂不适应有关，建议先观察精神与食欲，调整喂养节奏并做好环境管理，若持续48小时无改善建议就医。,逗猫棒；费洛蒙喷雾
为什么猫咪会频繁呕吐（健康就医）,健康问题,常见与新猫加入有关，建议先观察精神与食欲，调整喂养节奏并做好环境管理，若持续48小时无改善建议就医。,,常见与新猫加入有关，建议先观察精神与食欲，调整喂养节奏并做好环境管理，若持续48小时无改善建议就医。,费洛蒙喷雾；化毛膏
为什么猫咪会掉毛严重（健康就医）,健康问题,常见与季节变化有关，建议先观察精神与食欲，调整喂养节奏并做好环境管理，若持续48小时无改善建议就医。,,常见与季节变化有关，建议先观察精神与食欲，调整喂养节奏并做好环境管理，若持续48小时无改善建议就医。,化毛膏；鱼油
为什么猫咪会黑下巴反复（健康就医）,健康问题,常见与零食过量有关，建议先观察精神与食欲，调整喂养节奏并做好环境管理，若持续48小时无改善建议就医。,,常见与零食过量有关，建议先观察精神与食欲，调整喂养节奏并做好环境管理，若持续48小时无改善建议就医。,鱼油；益生菌
为什么猫咪会泪痕明显（健康就医）,健康问题,常见与换粮太快有关，建议先观察精神与食欲，调整喂养节奏并做好环境管理，若持续48小时无改善建议就医。,,常见与换粮太快有关，建议先观察精神与食欲，调整喂养节奏并做好环境管理，若持续48小时无改善建议就医。,益生菌；慢食碗
为什么猫咪会半夜跑酷（健康就医）,健康问题,常见与搬家应激有关，建议先观察精神与食欲，调整喂养节奏并做好环境管理，若持续48小时无改善建议就医。,,常见与搬家应激有关，建议先观察精神与食欲，调整喂养节奏并做好环境管理，若持续48小时无改善建议就医。,慢食碗；自动饮水机
为什么猫咪会抓沙发（健康就医）,健康问题,常见与清洁不到位有关，建议先观察精神与食欲，调整喂养节奏并做好环境管理，若持续48小时无改善建议就医。,,常见与清洁不到位有关，建议先观察精神与食欲，调整喂养节奏并做好环境管理，若持续48小时无改善建议就医。,自动饮水机；豆腐猫砂
为什么猫咪会乱尿（健康就医）,健康问题,常见与运动不足有关，建议先观察精神与食欲，调整喂养节奏并做好环境管理，若持续48小时无改善建议就医。,,常见与运动不足有关，建议先观察精神与食欲，调整喂养节奏并做好环境管理，若持续48小时无改善建议就医。,豆腐猫砂；矿砂
为什么猫咪会应激躲藏（健康就医）,健康问题,常见与饮水不足有关，建议先观察精神与食欲，调整喂养节奏并做好环境管理，若持续48小时无改善建议就医。,,常见与饮水不足有关，建议先观察精神与食欲，调整喂养节奏并做好环境管理，若持续48小时无改善建议就医。,矿砂；猫抓板
为什么猫咪会口臭（健康就医）,健康问题,常见与作息打乱有关，建议先观察精神与食欲，调整喂养节奏并做好环境管理，若持续48小时无改善建议就医。,,常见与作息打乱有关，建议先观察精神与食欲，调整喂养节奏并做好环境管理，若持续48小时无改善建议就医。,猫抓板；逗猫棒
为什么猫咪会体重下降（健康就医）,健康问题,常见与猫砂不适应有关，建议先观察精神与食欲，调整喂养节奏并做好环境管理，若持续48小时无改善建议就医。,,常见与猫砂不适应有关，建议先观察精神与食欲，调整喂养节奏并做好环境管理，若持续48小时无改善建议就医。,逗猫棒；费洛蒙喷雾
为什么猫咪会喝水太少（健康就医）,健康问题,常见与新猫加入有关，建议先观察精神与食欲，调整喂养节奏并做好环境管理，若持续48小时无改善建议就医。,,常见与新猫加入有关，建议先观察精神与食欲，调整喂养节奏并做好环境管理，若持续48小时无改善建议就医。,费洛蒙喷雾；化毛膏
为什么猫咪会便秘（健康就医）,健康问题,常见与季节变化有关，建议先观察精神与食欲，调整喂养节奏并做好环境管理，若持续48小时无改善建议就医。,,常见与季节变化有关，建议先观察精神与食欲，调整喂养节奏并做好环境管理，若持续48小时无改善建议就医。,化毛膏；鱼油
为什么猫咪会舔毛过度（健康就医）,健康问题,常见与零食过量有关，建议先观察精神与食欲，调整喂养节奏并做好环境管理，若持续48小时无改善建议就医。,,常见与零食过量有关，建议先观察精神与食欲，调整喂养节奏并做好环境管理，若持续48小时无改善建议就医。,鱼油；益生菌
为什么猫咪会不吃猫粮（环境布置）,行为问题,常见与换粮太快有关，建议先观察精神与食欲，调整喂养节奏并做好环境管理，若持续48小时无改善建议就医。,,常见与换粮太快有关，建议先观察精神与食欲，调整喂养节奏并做好环境管理，若持续48小时无改善建议就医。,益生菌；慢食碗
为什么猫咪会软便拉稀（环境布置）,行为问题,常见与搬家应激有关，建议先观察精神与食欲，调整喂养节奏并做好环境管理，若持续48小时无改善建议就医。,,常见与搬家应激有关，建议先观察精神与食欲，调整喂养节奏并做好环境管理，若持续48小时无改善建议就医。,慢食碗；自动饮水机
为什么猫咪会频繁呕吐（环境布置）,行为问题,常见与清洁不到位有关，建议先观察精神与食欲，调整喂养节奏并做好环境管理，若持续48小时无改善建议就医。,,常见与清洁不到位有关，建议先观察精神与食欲，调整喂养节奏并做好环境管理，若持续48小时无改善建议就医。,自动饮水机；豆腐猫砂
为什么猫咪会掉毛严重（环境布置）,行为问题,常见与运动不足有关，建议先观察精神与食欲，调整喂养节奏并做好环境管理，若持续48小时无改善建议就医。,,常见与运动不足有关，建议先观察精神与食欲，调整喂养节奏并做好环境管理，若持续48小时无改善建议就医。,豆腐猫砂；矿砂
为什么猫咪会黑下巴反复（环境布置）,行为问题,常见与饮水不足有关，建议先观察精神与食欲，调整喂养节奏并做好环境管理，若持续48小时无改善建议就医。,,常见与饮水不足有关，建议先观察精神与食欲，调整喂养节奏并做好环境管理，若持续48小时无改善建议就医。,矿砂；猫抓板
为什么猫咪会泪痕明显（环境布置）,行为问题,常见与作息打乱有关，建议先观察精神与食欲，调整喂养节奏并做好环境管理，若持续48小时无改善建议就医。,,常见与作息打乱有关，建议先观察精神与食欲，调整喂养节奏并做好环境管理，若持续48小时无改善建议就医。,猫抓板；逗猫棒
为什么猫咪会半夜跑酷（环境布置）,行为问题,常见与猫砂不适应有关，建议先观察精神与食欲，调整喂养节奏并做好环境管理，若持续48小时无改善建议就医。,,常见与猫砂不适应有关，建议先观察精神与食欲，调整喂养节奏并做好环境管理，若持续48小时无改善建议就医。,逗猫棒；费洛蒙喷雾
为什么猫咪会抓沙发（环境布置）,行为问题,常见与新猫加入有关，建议先观察精神与食欲，调整喂养节奏并做好环境管理，若持续48小时无改善建议就医。,,常见与新猫加入有关，建议先观察精神与食欲，调整喂养节奏并做好环境管理，若持续48小时无改善建议就医。,费洛蒙喷雾；化毛膏
为什么猫咪会乱尿（环境布置）,行为问题,常见与季节变化有关，建议先观察精神与食欲，调整喂养节奏并做好环境管理，若持续48小时无改善建议就医。,,常见与季节变化有关，建议先观察精神与食欲，调整喂养节奏并做好环境管理，若持续48小时无改善建议就医。,化毛膏；鱼油
为什么猫咪会应激躲藏（环境布置）,行为问题,常见与零食过量有关，建议先观察精神与食欲，调整喂养节奏并做好环境管理，若持续48小时无改善建议就医。,,常见与零食过量有关，建议先观察精神与食欲，调整喂养节奏并做好环境管理，若持续48小时无改善建议就医。,鱼油；益生菌
为什么猫咪会口臭（环境布置）,行为问题,常见与换粮太快有关，建议先观察精神与食欲，调整喂养节奏并做好环境管理，若持续48小时无改善建议就医。,,常见与换粮太快有关，建议先观察精神与食欲，调整喂养节奏并做好环境管理，若持续48小时无改善建议就医。,益生菌；慢食碗
为什么猫咪会体重下降（环境布置）,行为问题,常见与搬家应激有关，建议先观察精神与食欲，调整喂养节奏并做好环境管理，若持续48小时无改善建议就医。,,常见与搬家应激有关，建议先观察精神与食欲，调整喂养节奏并做好环境管理，若持续48小时无改善建议就医。,慢食碗；自动饮水机
为什么猫咪会喝水太少（环境布置）,行为问题,常见与清洁不到位有关，建议先观察精神与食欲，调整喂养节奏并做好环境管理，若持续48小时无改善建议就医。,,常见与清洁不到位有关，建议先观察精神与食欲，调整喂养节奏并做好环境管理，若持续48小时无改善建议就医。,自动饮水机；豆腐猫砂
为什么猫咪会便秘（环境布置）,行为问题,常见与运动不足有关，建议先观察精神与食欲，调整喂养节奏并做好环境管理，若持续48小时无改善建议就医。,,常见与运动不足有关，建议先观察精神与食欲，调整喂养节奏并做好环境管理，若持续48小时无改善建议就医。,豆腐猫砂；矿砂
为什么猫咪会舔毛过度（环境布置）,行为问题,常见与饮水不足有关，建议先观察精神与食欲，调整喂养节奏并做好环境管理，若持续48小时无改善建议就医。,,常见与饮水不足有关，建议先观察精神与食欲，调整喂养节奏并做好环境管理，若持续48小时无改善建议就医。,矿砂；猫抓板
为什么猫咪会不吃猫粮（多猫家庭）,行为问题,常见与作息打乱有关，建议先观察精神与食欲，调整喂养节奏并做好环境管理，若持续48小时无改善建议就医。,,常见与作息打乱有关，建议先观察精神与食欲，调整喂养节奏并做好环境管理，若持续48小时无改善建议就医。,猫抓板；逗猫棒
为什么猫咪会软便拉稀（多猫家庭）,行为问题,常见与猫砂不适应有关，建议先观察精神与食欲，调整喂养节奏并做好环境管理，若持续48小时无改善建议就医。,,常见与猫砂不适应有关，建议先观察精神与食欲，调整喂养节奏并做好环境管理，若持续48小时无改善建议就医。,逗猫棒；费洛蒙喷雾
为什么猫咪会频繁呕吐（多猫家庭）,行为问题,常见与新猫加入有关，建议先观察精神与食欲，调整喂养节奏并做好环境管理，若持续48小时无改善建议就医。,,常见与新猫加入有关，建议先观察精神与食欲，调整喂养节奏并做好环境管理，若持续48小时无改善建议就医。,费洛蒙喷雾；化毛膏
为什么猫咪会掉毛严重（多猫家庭）,行为问题,常见与季节变化有关，建议先观察精神与食欲，调整喂养节奏并做好环境管理，若持续48小时无改善建议就医。,,常见与季节变化有关，建议先观察精神与食欲，调整喂养节奏并做好环境管理，若持续48小时无改善建议就医。,化毛膏；鱼油
为什么猫咪会黑下巴反复（多猫家庭）,行为问题,常见与零食过量有关，建议先观察精神与食欲，调整喂养节奏并做好环境管理，若持续48小时无改善建议就医。,,常见与零食过量有关，建议先观察精神与食欲，调整喂养节奏并做好环境管理，若持续48小时无改善建议就医。,鱼油；益生菌
为什么猫咪会泪痕明显（多猫家庭）,行为问题,常见与换粮太快有关，建议先观察精神与食欲，调整喂养节奏并做好环境管理，若持续48小时无改善建议就医。,,常见与换粮太快有关，建议先观察精神与食欲，调整喂养节奏并做好环境管理，若持续48小时无改善建议就医。,益生菌；慢食碗
为什么猫咪会半夜跑酷（多猫家庭）,行为问题,常见与搬家应激有关，建议先观察精神与食欲，调整喂养节奏并做好环境管理，若持续48小时无改善建议就医。,,常见与搬家应激有关，建议先观察精神与食欲，调整喂养节奏并做好环境管理，若持续48小时无改善建议就医。,慢食碗；自动饮水机
为什么猫咪会抓沙发（多猫家庭）,行为问题,常见与清洁不到位有关，建议先观察精神与食欲，调整喂养节奏并做好环境管理，若持续48小时无改善建议就医。,,常见与清洁不到位有关，建议先观察精神与食欲，调整喂养节奏并做好环境管理，若持续48小时无改善建议就医。,自动饮水机；豆腐猫砂
为什么猫咪会乱尿（多猫家庭）,行为问题,常见与运动不足有关，建议先观察精神与食欲，调整喂养节奏并做好环境管理，若持续48小时无改善建议就医。,,常见与运动不足有关，建议先观察精神与食欲，调整喂养节奏并做好环境管理，若持续48小时无改善建议就医。,豆腐猫砂；矿砂
为什么猫咪会应激躲藏（多猫家庭）,行为问题,常见与饮水不足有关，建议先观察精神与食欲，调整喂养节奏并做好环境管理，若持续48小时无改善建议就医。,,常见与饮水不足有关，建议先观察精神与食欲，调整喂养节奏并做好环境管理，若持续48小时无改善建议就医。,矿砂；猫抓板
为什么猫咪会口臭（多猫家庭）,行为问题,常见与作息打乱有关，建议先观察精神与食欲，调整喂养节奏并做好环境管理，若持续48小时无改善建议就医。,,常见与作息打乱有关，建议先观察精神与食欲，调整喂养节奏并做好环境管理，若持续48小时无改善建议就医。,猫抓板；逗猫棒
为什么猫咪会体重下降（多猫家庭）,行为问题,常见与猫砂不适应有关，建议先观察精神与食欲，调整喂养节奏并做好环境管理，若持续48小时无改善建议就医。,,常见与猫砂不适应有关，建议先观察精神与食欲，调整喂养节奏并做好环境管理，若持续48小时无改善建议就医。,逗猫棒；费洛蒙喷雾
为什么猫咪会喝水太少（多猫家庭）,行为问题,常见与新猫加入有关，建议先观察精神与食欲，调整喂养节奏并做好环境管理，若持续48小时无改善建议就医。,,常见与新猫加入有关，建议先观察精神与食欲，调整喂养节奏并做好环境管理，若持续48小时无改善建议就医。,费洛蒙喷雾；化毛膏
为什么猫咪会便秘（多猫家庭）,行为问题,常见与季节变化有关，建议先观察精神与食欲，调整喂养节奏并做好环境管理，若持续48小时无改善建议就医。,,常见与季节变化有关，建议先观察精神与食欲，调整喂养节奏并做好环境管理，若持续48小时无改善建议就医。,化毛膏；鱼油
为什么猫咪会舔毛过度（多猫家庭）,行为问题,常见与零食过量有关，建议先观察精神与食欲，调整喂养节奏并做好环境管理，若持续48小时无改善建议就医。,,常见与零食过量有关，建议先观察精神与食欲，调整喂养节奏并做好环境管理，若持续48小时无改善建议就医。,鱼油；益生菌
为什么猫咪会不吃猫粮（幼猫照护）,健康问题,常见与换粮太快有关，建议先观察精神与食欲，调整喂养节奏并做好环境管理，若持续48小时无改善建议就医。,,常见与换粮太快有关，建议先观察精神与食欲，调整喂养节奏并做好环境管理，若持续48小时无改善建议就医。,益生菌；慢食碗
为什么猫咪会软便拉稀（幼猫照护）,健康问题,常见与搬家应激有关，建议先观察精神与食欲，调整喂养节奏并做好环境管理，若持续48小时无改善建议就医。,,常见与搬家应激有关，建议先观察精神与食欲，调整喂养节奏并做好环境管理，若持续48小时无改善建议就医。,慢食碗；自动饮水机
为什么猫咪会频繁呕吐（幼猫照护）,健康问题,常见与清洁不到位有关，建议先观察精神与食欲，调整喂养节奏并做好环境管理，若持续48小时无改善建议就医。,,常见与清洁不到位有关，建议先观察精神与食欲，调整喂养节奏并做好环境管理，若持续48小时无改善建议就医。,自动饮水机；豆腐猫砂
为什么猫咪会掉毛严重（幼猫照护）,健康问题,常见与运动不足有关，建议先观察精神与食欲，调整喂养节奏并做好环境管理，若持续48小时无改善建议就医。,,常见与运动不足有关，建议先观察精神与食欲，调整喂养节奏并做好环境管理，若持续48小时无改善建议就医。,豆腐猫砂；矿砂
为什么猫咪会黑下巴反复（幼猫照护）,健康问题,常见与饮水不足有关，建议先观察精神与食欲，调整喂养节奏并做好环境管理，若持续48小时无改善建议就医。,,常见与饮水不足有关，建议先观察精神与食欲，调整喂养节奏并做好环境管理，若持续48小时无改善建议就医。,矿砂；猫抓板
为什么猫咪会泪痕明显（幼猫照护）,健康问题,常见与作息打乱有关，建议先观察精神与食欲，调整喂养节奏并做好环境管理，若持续48小时无改善建议就医。,,常见与作息打乱有关，建议先观察精神与食欲，调整喂养节奏并做好环境管理，若持续48小时无改善建议就医。,猫抓板；逗猫棒
为什么猫咪会半夜跑酷（幼猫照护）,健康问题,常见与猫砂不适应有关，建议先观察精神与食欲，调整喂养节奏并做好环境管理，若持续48小时无改善建议就医。,,常见与猫砂不适应有关，建议先观察精神与食欲，调整喂养节奏并做好环境管理，若持续48小时无改善建议就医。,逗猫棒；费洛蒙喷雾
为什么猫咪会抓沙发（幼猫照护）,健康问题,常见与新猫加入有关，建议先观察精神与食欲，调整喂养节奏并做好环境管理，若持续48小时无改善建议就医。,,常见与新猫加入有关，建议先观察精神与食欲，调整喂养节奏并做好环境管理，若持续48小时无改善建议就医。,费洛蒙喷雾；化毛膏
为什么猫咪会乱尿（幼猫照护）,健康问题,常见与季节变化有关，建议先观察精神与食欲，调整喂养节奏并做好环境管理，若持续48小时无改善建议就医。,,常见与季节变化有关，建议先观察精神与食欲，调整喂养节奏并做好环境管理，若持续48小时无改善建议就医。,化毛膏；鱼油
为什么猫咪会应激躲藏（幼猫照护）,健康问题,常见与零食过量有关，建议先观察精神与食欲，调整喂养节奏并做好环境管理，若持续48小时无改善建议就医。,,常见与零食过量有关，建议先观察精神与食欲，调整喂养节奏并做好环境管理，若持续48小时无改善建议就医。,鱼油；益生菌
为什么猫咪会口臭（幼猫照护）,健康问题,常见与换粮太快有关，建议先观察精神与食欲，调整喂养节奏并做好环境管理，若持续48小时无改善建议就医。,,常见与换粮太快有关，建议先观察精神与食欲，调整喂养节奏并做好环境管理，若持续48小时无改善建议就医。,益生菌；慢食碗
为什么猫咪会体重下降（幼猫照护）,健康问题,常见与搬家应激有关，建议先观察精神与食欲，调整喂养节奏并做好环境管理，若持续48小时无改善建议就医。,,常见与搬家应激有关，建议先观察精神与食欲，调整喂养节奏并做好环境管理，若持续48小时无改善建议就医。,慢食碗；自动饮水机
为什么猫咪会喝水太少（幼猫照护）,健康问题,常见与清洁不到位有关，建议先观察精神与食欲，调整喂养节奏并做好环境管理，若持续48小时无改善建议就医。,,常见与清洁不到位有关，建议先观察精神与食欲，调整喂养节奏并做好环境管理，若持续48小时无改善建议就医。,自动饮水机；豆腐猫砂
为什么猫咪会便秘（幼猫照护）,健康问题,常见与运动不足有关，建议先观察精神与食欲，调整喂养节奏并做好环境管理，若持续48小时无改善建议就医。,,常见与运动不足有关，建议先观察精神与食欲，调整喂养节奏并做好环境管理，若持续48小时无改善建议就医。,豆腐猫砂；矿砂
为什么猫咪会舔毛过度（幼猫照护）,健康问题,常见与饮水不足有关，建议先观察精神与食欲，调整喂养节奏并做好环境管理，若持续48小时无改善建议就医。,,常见与饮水不足有关，建议先观察精神与食欲，调整喂养节奏并做好环境管理，若持续48小时无改善建议就医。,矿砂；猫抓板
为什么猫咪会不吃猫粮（老年猫照护）,健康问题,常见与作息打乱有关，建议先观察精神与食欲，调整喂养节奏并做好环境管理，若持续48小时无改善建议就医。,,常见与作息打乱有关，建议先观察精神与食欲，调整喂养节奏并做好环境管理，若持续48小时无改善建议就医。,猫抓板；逗猫棒
为什么猫咪会软便拉稀（老年猫照护）,健康问题,常见与猫砂不适应有关，建议先观察精神与食欲，调整喂养节奏并做好环境管理，若持续48小时无改善建议就医。,,常见与猫砂不适应有关，建议先观察精神与食欲，调整喂养节奏并做好环境管理，若持续48小时无改善建议就医。,逗猫棒；费洛蒙喷雾
为什么猫咪会频繁呕吐（老年猫照护）,健康问题,常见与新猫加入有关，建议先观察精神与食欲，调整喂养节奏并做好环境管理，若持续48小时无改善建议就医。,,常见与新猫加入有关，建议先观察精神与食欲，调整喂养节奏并做好环境管理，若持续48小时无改善建议就医。,费洛蒙喷雾；化毛膏
为什么猫咪会掉毛严重（老年猫照护）,健康问题,常见与季节变化有关，建议先观察精神与食欲，调整喂养节奏并做好环境管理，若持续48小时无改善建议就医。,,常见与季节变化有关，建议先观察精神与食欲，调整喂养节奏并做好环境管理，若持续48小时无改善建议就医。,化毛膏；鱼油
为什么猫咪会黑下巴反复（老年猫照护）,健康问题,常见与零食过量有关，建议先观察精神与食欲，调整喂养节奏并做好环境管理，若持续48小时无改善建议就医。,,常见与零食过量有关，建议先观察精神与食欲，调整喂养节奏并做好环境管理，若持续48小时无改善建议就医。,鱼油；益生菌
为什么猫咪会泪痕明显（老年猫照护）,健康问题,常见与换粮太快有关，建议先观察精神与食欲，调整喂养节奏并做好环境管理，若持续48小时无改善建议就医。,,常见与换粮太快有关，建议先观察精神与食欲，调整喂养节奏并做好环境管理，若持续48小时无改善建议就医。,益生菌；慢食碗
为什么猫咪会半夜跑酷（老年猫照护）,健康问题,常见与搬家应激有关，建议先观察精神与食欲，调整喂养节奏并做好环境管理，若持续48小时无改善建议就医。,,常见与搬家应激有关，建议先观察精神与食欲，调整喂养节奏并做好环境管理，若持续48小时无改善建议就医。,慢食碗；自动饮水机
为什么猫咪会抓沙发（老年猫照护）,健康问题,常见与清洁不到位有关，建议先观察精神与食欲，调整喂养节奏并做好环境管理，若持续48小时无改善建议就医。,,常见与清洁不到位有关，建议先观察精神与食欲，调整喂养节奏并做好环境管理，若持续48小时无改善建议就医。,自动饮水机；豆腐猫砂
为什么猫咪会乱尿（老年猫照护）,健康问题,常见与运动不足有关，建议先观察精神与食欲，调整喂养节奏并做好环境管理，若持续48小时无改善建议就医。,,常见与运动不足有关，建议先观察精神与食欲，调整喂养节奏并做好环境管理，若持续48小时无改善建议就医。,豆腐猫砂；矿砂
为什么猫咪会应激躲藏（老年猫照护）,健康问题,常见与饮水不足有关，建议先观察精神与食欲，调整喂养节奏并做好环境管理，若持续48小时无改善建议就医。,,常见与饮水不足有关，建议先观察精神与食欲，调整喂养节奏并做好环境管理，若持续48小时无改善建议就医。,矿砂；猫抓板
为什么猫咪会口臭（老年猫照护）,健康问题,常见与作息打乱有关，建议先观察精神与食欲，调整喂养节奏并做好环境管理，若持续48小时无改善建议就医。,,常见与作息打乱有关，建议先观察精神与食欲，调整喂养节奏并做好环境管理，若持续48小时无改善建议就医。,猫抓板；逗猫棒
为什么猫咪会体重下降（老年猫照护）,健康问题,常见与猫砂不适应有关，建议先观察精神与食欲，调整喂养节奏并做好环境管理，若持续48小时无改善建议就医。,,常见与猫砂不适应有关，建议先观察精神与食欲，调整喂养节奏并做好环境管理，若持续48小时无改善建议就医。,逗猫棒；费洛蒙喷雾
为什么猫咪会喝水太少（老年猫照护）,健康问题,常见与新猫加入有关，建议先观察精神与食欲，调整喂养节奏并做好环境管理，若持续48小时无改善建议就医。,,常见与新猫加入有关，建议先观察精神与食欲，调整喂养节奏并做好环境管理，若持续48小时无改善建议就医。,费洛蒙喷雾；化毛膏
为什么猫咪会便秘（老年猫照护）,健康问题,常见与季节变化有关，建议先观察精神与食欲，调整喂养节奏并做好环境管理，若持续48小时无改善建议就医。,,常见与季节变化有关，建议先观察精神与食欲，调整喂养节奏并做好环境管理，若持续48小时无改善建议就医。,化毛膏；鱼油
为什么猫咪会舔毛过度（老年猫照护）,健康问题,常见与零食过量有关，建议先观察精神与食欲，调整喂养节奏并做好环境管理，若持续48小时无改善建议就医。,,常见与零食过量有关，建议先观察精神与食欲，调整喂养节奏并做好环境管理，若持续48小时无改善建议就医。,鱼油；益生菌
公猫绝育多少钱,健康问题,一般价格约 300～1000 元，不同城市和医院差别较大；以下为常见费用构成说明。,,国内市场常见参考区间约 300～1000 元（不含复杂并发症处理）；费用常含：麻醉费、手术费、消炎药或消炎针；部分套餐含术前检查与简单术后护理；术前问清「套餐内外」项目，保留消费与病历凭证,
母猫绝育多少钱,健康问题,母猫绝育通常约 600～2000 元，因腹腔手术整体高于公猫；以下为常见费用构成说明。,,常见参考区间约 600～2000 元，视是否超声刀、住院观察、检查项多少而浮动；费用常含：全身麻醉、手术、术后消炎；部分医院含短观察或住院；建议术前与医院确认麻醉方式、监护与复查安排,
公猫绝育会恨主人吗,健康问题,不会；猫不会把手术与主人刻意关联，术后短期不适与精神略差常见，恢复后亲近度多不受影响。,,一般不会「记仇」；术后短期可能不适、精神略差属麻醉与创口恢复过程；提供安静环境、按时给药、避免强迫互动，恢复后亲密度多不受影响；若长期躲藏、拒食或攻击性骤变，需排查疼痛与并发症并就医,
母猫绝育伤口多久恢复,健康问题,一般约 7～10 天基本恢复；第 1～3 天可轻微肿胀，第 4～7 天逐渐愈合，拆线时间依缝线类型与医嘱而定。,,多数案例 7～10 天基本愈合，并按计划拆线或使用可吸收线遵医嘱；第 1～3 天可有轻微肿胀；第 4～7 天逐渐上皮愈合；全程防止舔咬；渗血增多、裂开、异味或发热——立即回医院,
猫绝育后性格会变吗,健康问题,性格不会完全被改写，但行为会变：发情行为常消失或减弱，攻击性可能下降、显得更安静；个体基本性格多只保留。,,常见变化：嚎叫/骑跨等发情行为减少；部分猫攻击性略降、显得更安静；基本性格与习惯（胆小/活泼）通常仍在；代谢变化可能带来食欲与爱睡；若出现持续沉郁或反常攻击，排除疼痛与疾病,逗猫棒；猫抓板
公猫绝育还会乱尿吗,健康问题,多数会明显减少；若已长期喷尿标记，仍可能偶尔出现，与首次发情前是否绝育等因素相关。,,在首次发情前完成去势，乱尿概率通常更低；若已长期喷尿标记，可能仍会偶发，应清洁尿渍并排查多猫应激与砂盆数量；乱尿突然加重需排查泌尿疾病，不仅是行为问题,混合猫砂Pro
母猫发情期能绝育吗,健康问题,一般不建议；发情期血管充血、出血风险更高，常建议发情结束后约 1～2 周再预约；急诊由兽医权衡。,,发情期生殖器官充血，术中出血与风险升高；多数建议发情结束后约 1～2 周再预约手术（以医院档期为准）；个体合并症或急诊由主诊医生权衡，勿自行押后危重情况,
猫绝育前能喝水吗,健康问题,务必以医院要求为准；常见宣教为术前约 6～8 小时禁食、约 2～4 小时禁水（麻醉方案不同会有差异）。,,常见建议：术前约 6～8 小时禁食；术前约 2～4 小时禁水（不同麻醉方案有差异）；幼猫、糖尿病或慢性病猫可能另有要求，须提前告知医生；切勿「怕你饿」偷偷喂食喂水，会增加麻醉反流与误吸风险,
猫什么时候绝育最好,健康问题,一般建议约 6～8 个月综合评估；发情前完成可省掉部分行为问题；部分健康幼猫 4～5 个月也可在兽医评估后手术。,,常见建议约 6～8 月龄评估；发情前完成可降低部分行为与母体疾病风险；部分健康幼猫 4～5 月龄也可在兽医评估后手术，勿自行照搬网络个案；体况不稳、疫苗未全、有上呼吸道症状时应先治病再择期,
猫绝育后会变胖吗,健康问题,有可能；新陈代谢常略降、食欲易上升，需控制饮食、减少零食、增加运动。,,原因常包括：基础代谢略降、食欲增加、活动量相对不足；对策：按兽医建议控制每日热量；减少高热量零食；用互动玩具增加活动；可选用「控重/绝育向」主粮讨论，定期称体重,美士猫粮；卫仕猫粮；网易严选猫粮
猫绝育后需要戴头套吗,健康问题,通常需要；防舔咬导致感染或伤口裂开，母猫常需头套或手术服组合，以医院指导为准。,,舔舐会使缝线松脱、创口潮湿，延迟愈合；母猫也常需手术衣+头套组合，以医院指导为准；选择合适尺寸，吃饭时可短暂监督下调整，避免全程摘掉无人看管,
公猫绝育需要缝针吗,健康问题,很多时候不需要；创口很小，不少医院靠自然愈合或简单闭合，以实际操作医嘱为准。,,多数公猫去势伤口很小，可不缝或仅简单闭合，依医院操作为准；仍需防舔与保持干燥清洁；若使用缝线或胶水，按医嘱复查,
母猫绝育需要拆线吗,健康问题,使用不可吸收线时多在 7～10 天左右拆线；可吸收线或特殊缝合方式可能免拆，但仍需复查。,,可吸收线或可吸收夹由医生选择，可能无需二次拆线但仍需复查；切勿自行在家扯线；拆线前避免剧烈运动与洗澡；红肿渗液提前复诊,
猫绝育后多久可以正常活动,健康问题,公猫常 1～2 天即较平稳但仍忌剧烈跑跳；母猫多需约 1 周后再逐步恢复正常活动，遵医嘱。,,公猫：多 1～2 天可较平稳活动，仍宜限制剧烈跑跳数日；母猫：常需约 1 周后才逐步恢复正常活动量，遵循复查意见；跃高家具、与其他宠物打闹应延后至医生许可,猫爬架
猫绝育后需要吃消炎药吗,健康问题,许多医院会开口服消炎药 3～5 天，也有长效消炎针方案；一律遵医嘱，勿自行购抗生素。,,常见方案：口服消炎药 3～5 天，或术后长效消炎针一剂——以处方为准；按剂量与频次完成疗程，除非出现不良反应并及时联系医院；营养膏等仅为辅助，不能替代抗感染治疗,添赐力营养膏
猫绝育当天可以回家吗,健康问题,大多数可以；若麻醉苏醒慢、体质偏弱，医生可能建议短时留观后再回家。,,若麻醉苏醒慢、低体温、原发疾病多，医生可能建议短时观察或留观；离院前确认镇痛、消炎与紧急联系方式；回家途中保暖、避免颠簸与过热,
猫绝育后多久可以洗澡,健康问题,一般建议 10～14 天后，待伤口完全愈合再洗；愈合前可局部湿巾清洁非创口区。,,常见建议 10～14 天后再洗澡，母猫偏晚、以复查结果为准；愈合前可用湿巾局部清洁非创口区域（避开口鼻眼）；正在用药或有引流时禁止盆浴浸水,Kojima宠物湿巾
猫绝育会影响寿命吗,健康问题,规范手术本身不缩短寿命；可降低子宫疾病、部分乳腺与睾丸相关风险，整体寿命仍取决于喂养与慢性病管理。,,母猫可减少子宫蓄脓、部分乳腺肿瘤风险；公猫减少睾丸相关疾病困扰；寿命仍取决于喂养、环境与慢性病管理；任何手术均有麻醉与操作风险，择正规医院可降低不必要风险,
猫绝育后还会发情吗,健康问题,正常情况下激素性发情应消失；若仍有类似表现，少数与残留组织、激素未降尽或行为习惯有关，需就医排查。,,若仍见骑跨、嚎叫，少数与残留组织、激素未降尽或纯粹行为习惯有关；明显反复「发情样」表现应就医排查是否手术不彻底（少见）或其他内分泌问题；行为训练与丰容可辅助，先排除医学原因,逗猫棒
公猫绝育需要住院吗,健康问题,通常不需要；手术短、恢复快，多数当天即可回家并按医嘱随访；特殊情况由医院评估。,,手术短、恢复快，常可当天回家并按医嘱口服/注射完成随访；体质弱、合并症或术中特殊情况时医生可能建议观察；住院与否与费用、护理强度相关，术前可一并问清,
猫咪为什么一直叫,行为问题,先区分「习惯/求关注」与「发情、疼痛、应激」等信号；伴随精神差、拒食、呕吐时尽快就医。,饥饿；求关注；发情；疼痛或不适；环境压力,夜间固定陪玩放电；适龄绝育减少发情嚎叫；排查口腔/泌尿等急症；保持食水与砂盆稳定,自动喂食器；猫玩具；费洛蒙喷雾
猫咪多久洗一次澡,护理问题,健康家猫通常不必频繁洗澡，多数 2～3 个月一次足够；皮肤病洗澡遵医嘱。,皮肤油脂被洗掉；应激；吹干不彻底着凉,以梳毛与局部清洁为主；必须全身洗时用猫用香波、彻底吹干；皮肤红肿脱屑先看兽医,猫咪专用洗毛液；吸水毛巾
猫咪打疫苗多少钱,健康问题,费用因城市、医院与疫苗组合（如妙三多针数）差异大；以门诊报价与免疫程序为准。,地区与医院定价；是否含体检；狂犬与联合苗选择,按免疫程序完成全程；保存接种本；驱虫与疫苗间隔遵医嘱,航空箱；接种本收纳袋
猫咪发情怎么办,行为问题,未绝育猫发情期常见嚎叫、蹭人、试图外出；最根本仍是在适龄、体况允许时预约绝育。,激素驱动；季节与光照；多猫互相影响,关好门窗防走失；分散注意力仅为权宜；适龄绝育由兽医评估；突然乱尿先排除泌尿急症,费洛蒙；猫抓板；适龄绝育咨询
猫咪刚到家不吃东西怎么办,健康问题,新猫到家的1-2天内不进食是常见现象，但如果超过3天需要警惕。可能是应激反应或对食物不熟悉。（SEO：猫咪刚到家不吃东西怎么办？新猫拒食解决方法）。来源：实战经验,应激反应、环境陌生、食物不熟悉、对新碗不适应,1.放置原来的食物（如果从别处领养可问原主人喂什么） 2.尝试不同类型的食物：干粮、湿粮、冻干 3.将食物放在猫咪躲藏的地方附近 4.可以用手喂食建立信任 5.检查水碗是否干净新鲜 6.如果超过3天不进食，建议就医,猫粮
猫咪一直躲着不出来怎么办,护理问题,这是猫咪的安全本能，躲在角落能让它感到更有安全感。通常在适应环境后会逐渐出来活动。（SEO：猫咪一直躲着不出来怎么办？帮助新猫适应环境）。来源：实战经验,缺乏安全感、环境陌生、害怕人类、本能躲避,1.不要强行把猫拖出来 2.在它躲藏的地方附近放置食物和水 3.定时轻声呼唤，让它熟悉你的声音 4.用手喂食建立互动 5.等它主动出来时给予奖励（零食或抚摸） 6.耐心等待，适应期因猫而异，有的需要一周甚至更久,猫窝
猫咪半夜跑酷正常吗,行为问题,这是正常行为！猫咪是晨昏型动物，夜间活跃是天性。跑酷是精力释放的表现。（SEO：猫咪半夜跑酷正常吗？原因和解决方法）。来源：实战经验,晨昏型动物天性、精力过剩、捕猎本能、无聊,1.睡前陪玩15-30分钟，消耗精力 2.使用逗猫棒、自动球等玩具 3.白天多互动，减少白天睡觉时间 4.提供猫爬架、猫抓板等消耗精力的设施 5.如果是幼猫，随着年龄增长会逐渐改善 6.避免在跑酷时追逐猫咪，可能被认为是游戏,逗猫棒；猫爬架；自动球
猫咪拉稀怎么办,健康问题,拉稀可能由多种原因引起：换粮过快、吃坏东西、寄生虫、应激等。需要根据严重程度判断处理方式。（SEO：猫咪拉稀怎么办？猫腹泻的常见原因和解决方法）。来源：实战经验,换粮过快、食物不耐受、寄生虫、细菌感染、应激反应,轻微拉稀：1.停止换粮或换回原来食物 2.喂食益生菌调理肠胃 3.提供充足水分防止脱水 4.喂食清淡食物如泡软的猫粮 严重拉稀（带血/持续超24小时）：1.立即就医 2.可能需要化验粪便 3.遵医嘱使用药物治疗,益生菌；猫粮
猫咪呕吐怎么办,健康问题,偶尔吐毛球是正常的，但频繁呕吐需要警惕。区分毛球吐出、食物呕吐、胆汁呕吐。（SEO：猫咪呕吐怎么办？猫呕吐的常见原因和处理方法）。来源：实战经验,毛球积累、吃太快、食物不耐受、肠胃疾病、寄生虫,毛球呕吐：1.定期喂食化毛膏或化毛猫粮 2.增加梳毛频率减少吞入毛发 食物呕吐：1.减慢进食速度（使用慢食碗） 2.减少单次喂食量，增加喂食次数 频繁呕吐（超过1周/带血/精神萎靡）：1.立即就医检查 2.可能需要X光或超声检查,化毛膏；慢食碗；梳子
猫咪不喝水怎么办,健康问题,猫咪饮水量不足容易导致泌尿系统问题。需要引导和鼓励多喝水。（SEO：猫咪不喝水怎么办？增加猫咪饮水量的8个方法）。来源：实战经验,天性不爱喝水、水碗不干净、水源位置不合适、生病,1.多放几个水碗在不同位置 2.使用自动饮水机（流动水更吸引猫） 3.尝试不同的水碗材质（陶瓷/不锈钢） 4.在水里加少量肉汤或羊奶调味 5.喂食湿粮补充水分 6.使用大口径浅水碗（胡须不触碰） 7.定期更换新鲜水源,自动饮水机；陶瓷碗
猫咪绝育什么时候合适,健康问题,公猫6-8个月、母猫6-8个月通常适合绝育。过早可能影响发育，过晚会增加生殖疾病风险。（SEO：猫咪绝育什么时候合适？绝育年龄和护理指南）。来源：实战经验,性成熟、发情期、生殖健康、防止意外繁殖,最佳时间：公猫6-8个月（开始发情前） 母猫6-8个月（第一次发情前后） 术前准备：1.禁食8小时 2.选择正规宠物医院 3.做术前体检（血常规、生化） 术后护理：1.佩戴伊丽莎白圈防止舔舐 2.提供安静休息环境 3.按医嘱喂消炎药和止痛药 4.7-10天后拆线（如需）,伊丽莎白圈
猫咪发情有什么表现,行为问题,公猫和母猫发情表现不同，发情期猫咪情绪不稳定、食欲下降、甚至出现乱尿行为。（SEO：猫咪发情、猫咪乱尿、猫咪嚎叫、公猫发情、母猫发情）。来源：2026/4/2,性成熟、激素影响、生殖本能,公猫表现：1.到处乱尿（标记领地） 2.半夜嚎叫 3.想往外跑 4.食欲下降 5.攻击性增强 母猫表现：1.频繁打滚、翘屁股 2.发出奇怪叫声 3.食欲下降 4.更加粘人 5.如果受惊可能攻击人 处理方法：1.适龄绝育是最好的解决方案 2.发情期多陪伴安抚 3.封窗防止跳楼 4.不要打骂猫咪,猫咪发情有什么表现？公猫母猫发情症状详解
猫咪抓人咬人怎么办,行为问题,猫咪抓咬可能是玩耍行为、防御行为或攻击行为。需要区分情况并正确引导。（SEO：猫咪抓人咬人怎么办？纠正猫咪攻击性行为）。来源：实战经验,玩耍冲动、受到惊吓、感到威胁、过度兴奋,玩耍时咬人：1.立即停止互动，转身离开 2.使用玩具代替手 3.不要用手逗猫 4.每天定时消耗猫咪精力 受到惊吓咬人：1.不要强行抱猫 2.给猫躲避空间 3.慢慢建立信任 攻击行为：1.检查是否有身体不适 2.观察触发因素 3.如频繁攻击建议咨询兽医或行为专家,逗猫棒；玩具
猫咪掉毛严重怎么办,护理问题,季节性掉毛是正常的，但全年大量掉毛可能需要注意营养、健康或环境问题。（SEO：猫咪掉毛严重怎么办？解决猫咪掉毛问题）。来源：实战经验,季节性换毛、营养不均衡、皮肤病、压力、环境干燥,季节性掉毛：1.增加梳毛频率（每天1-2次） 2.使用去毛刷/粘毛器 3.定期洗澡（不要太频繁） 全年掉毛严重：1.检查猫粮营养是否均衡 2.补充鱼油改善毛质 3.检查是否有皮肤病（猫藓等） 4.调节室内湿度 5.观察猫咪精神状态,梳子；鱼油；粘毛器
猫咪应该多久驱虫一次,健康问题,驱虫频率取决于猫咪是否外出、是否吃生肉、生活环境等因素。一般建议每3个月进行一次体内外驱虫。（SEO：猫咪应该多久驱虫一次？驱虫频率和用药推荐）。来源：实战经验,寄生虫感染、外出接触、生肉饮食、环境卫生,体内外驱虫频率： 全室内猫、不喂生肉：每3-4个月一次 外出猫、喂生肉：每1-2个月一次 驱虫方式： 内驱：海乐妙等 外驱：大宠爱、爱沃克、福来恩等（不同品牌驱虫范围不同，建议轮换使用） 注意事项：1.按照体重选择合适剂量 2.幼猫2个月后可以开始驱虫 3.妊娠期猫咪遵医嘱,海乐妙；大宠爱；爱沃克；福来恩
猫咪怎么梳毛,护理问题,定期梳毛可以减少掉毛、防止毛球形成、增进人猫感情、检查皮肤健康状况。（SEO：猫咪怎么梳毛？不同猫咪的梳毛方法和工具）。来源：实战经验,预防毛球、减少掉毛、增进感情、皮肤检查,梳毛工具： 短毛猫：针梳+排梳 长毛猫：船记dl103+针梳+修眉刀（剪打结） 梳毛方法：1.顺着毛发方向轻柔梳理 2.从头部开始向尾部 3.遇到打结用手指慢慢解开或小心剪掉 4.每天梳5-10分钟 5.梳毛时检查皮肤是否有异常 6.给予零食奖励让猫咪建立正面联想,针梳；排梳；船记dl103
猫咪应该怎么洗澡,护理问题,健康的室内猫不需要频繁洗澡，一般1-3个月洗一次即可。过度洗澡可能破坏皮肤天然保护层。（SEO：猫咪应该怎么洗澡？猫咪洗澡步骤和注意事项）。来源：实战经验,脏了需要清洁、皮肤问题、去味、体外寄生虫,洗澡频率：健康室内猫1-3个月一次 洗澡步骤：1.准备温水（38-40度） 2.使用猫咪专用沐浴露 3.避免水进耳朵和眼睛 4.快速清洗和冲洗 5.用干毛巾吸干水分 6.使用吹风机低温吹干（一定要完全干透） 注意事项：1.幼猫、生病猫不宜洗澡 2.洗澡前剪指甲防止抓伤 3.冬天注意保暖 4.避免使用人用洗发水,猫咪专用沐浴露；吹风机；毛巾
猫咪打喷嚏怎么办,健康问题,偶尔打喷嚏是正常的，但频繁打喷嚏可能提示呼吸道感染、过敏、异物刺激等问题。（SEO：猫咪打喷嚏怎么办？猫打喷嚏的常见原因和处理）。来源：实战经验,呼吸道感染、过敏、灰尘刺激、猫鼻支、鼻涕倒流,偶尔打喷嚏：1.观察是否有其他症状 2.检查环境是否有灰尘/香水/刺激性气味 3.保持室内空气流通 频繁打喷嚏：1.检查是否有眼鼻分泌物 2.测量体温（正常38-39度） 3.如伴有食欲下降、精神萎靡需就医 4.可能是猫鼻支或上呼吸道感染 治疗（兽医指导）：多西环素、速诺片剂,体温计；多西环素；速诺片剂
猫咪怎么剪指甲,护理问题,定期剪指甲可以防止抓伤人、保护家具、防止指甲过长影响走路。一般1-2周剪一次。（SEO：猫咪怎么剪指甲？猫咪剪指甲步骤和技巧）。来源：实战经验,指甲过长、抓伤人、抓坏家具、影响走路,剪指甲步骤：1.使用猫咪专用指甲剪 2.选择猫咪放松的时候 3.轻轻按压脚垫露出指甲 4.只剪透明部分（避开粉色血线） 5.如果不小心剪到血线，用碘伏消毒 技巧：1.可以一个人抱猫，一个人剪 2.剪完后给零食奖励 3.不要一次剪完所有指甲，分多次剪 4.幼猫从小开始训练适应,猫咪专用指甲剪；碘伏
猫咪怎么换猫粮,护理问题,换粮需要循序渐进，突然更换食物会导致肠胃不适、拉稀、拒食等问题。建议7天换粮法。（SEO：猫咪怎么换猫粮？7天换粮法详解）。来源：实战经验,肠胃敏感、食物不耐受、挑食、适应新口味,7天换粮法： 第1-2天：旧粮80%+新粮20% 第3-4天：旧粮60%+新粮40% 第5-6天：旧粮40%+新粮60% 第7天：旧粮20%+新粮80% 第8天：100%新粮 注意事项：1.观察便便是否正常 2.如果拉稀暂停换粮，恢复原饮食 3.不要频繁换粮 4.记录猫咪对新粮的接受情况,猫粮
猫咪为什么不埋屎,行为问题,猫咪不埋屎可能有多种原因：猫砂盆问题、猫砂问题、健康问题、行为问题。（SEO：猫咪为什么不埋屎？猫咪不埋屎的原因和解决方法）。来源：实战经验,猫砂盆不喜欢、猫砂不喜欢、关节炎疼痛、领地标记,猫砂盆问题：1.检查猫砂盆是否太脏 2.猫砂盆是否太小 3.猫砂盆位置是否太吵 猫砂问题：1.尝试不同类型的猫砂 2.猫砂厚度是否合适 健康问题：1.关节炎可能导致疼痛 2.泌尿系统问题 行为问题：1.发情期可能标记领地 2.绝育后通常改善,猫砂盆；猫砂
猫咪怎么训练用猫砂盆,护理问题,大多数猫咪天生就会用猫砂盆，但幼猫和流浪猫可能需要训练。正确引导可以快速养成习惯。（SEO：猫咪怎么训练用猫砂盆？猫咪如厕训练指南）。来源：实战经验,天生本能、幼猫学习、流浪猫适应、环境熟悉,训练方法：1.将猫咪放入猫砂盆 2.用它的爪子轻轻扒猫砂 3.观察猫咪吃完饭后或睡醒后 4.在这些时候引导去猫砂盆 5.如果猫咪在其他地方上厕所，将便便移到猫砂盆 6.彻底清洁错误地点的气味 注意事项：1.猫砂盆放在安静位置 2.幼猫用低边猫砂盆 3.保持猫砂盆清洁 4.多猫家庭准备多个猫砂盆（猫数+1）,猫砂盆；猫砂
猫咪应该多久喂一次,护理问题,幼猫和成年猫的喂食频率不同。幼猫需要少食多餐，成年猫可以定时定量或自由采食。（SEO：猫咪应该多久喂一次？猫咪喂食频率和份量）。来源：实战经验,消化能力、血糖稳定、营养需求、控制体重,幼猫（2-6个月）：每天3-4次 幼猫（6-12个月）：每天2-3次 成年猫：每天2次或自助采食 喂食方式： 定时定量：控制体重，避免暴饮暴食 自助采食：方便但容易导致肥胖 注意事项：1.观察猫咪进食量 2.定时清洁食碗 3.根据猫粮建议喂食量调整 4.湿粮开封后需冷藏，24小时内吃完,猫碗；猫粮
猫咪可以喝牛奶吗,健康问题,大多数猫咪成年后乳糖不耐受，喝牛奶会导致腹泻、呕吐等问题。可以选择羊奶或无乳糖牛奶。（SEO：猫咪可以喝牛奶吗？猫咪饮食禁忌和替代方案）。来源：实战经验,乳糖不耐受、消化系统、肠胃敏感、腹泻风险,不可以：普通牛奶含有乳糖，猫咪难以消化 可以替代：1.专用猫奶粉（幼猫） 2.羊奶（无乳糖或低乳糖） 3.无乳糖牛奶 4.白开水是最好的选择 品牌推荐：麦德氏、mag、添赐力（猫用羊奶）,羊奶；专用猫奶粉
猫咪为什么翻肚皮,行为问题,猫咪翻肚皮通常是信任的表现，但也可能是玩耍邀请或防御姿势。需要结合其他肢体语言判断。（SEO：猫咪为什么翻肚皮？猫咪翻肚皮的含义解读）。来源：实战经验,信任表现、玩耍邀请、防御姿势、腹部舒适,信任表现：1.眼睛半眯或缓慢眨眼 2.尾巴轻轻摆动 3.身体放松 4.可以轻轻抚摸（但不要长时间摸肚子，多数猫不喜欢） 玩耍邀请：1.前爪做抓握动作 2.眼神活跃 3.可以用玩具互动 防御姿势：1.耳朵向后贴 2.瞳孔放大 3.发出低吼声 4.不要触碰，给猫空间,无
猫咪为什么呼噜呼噜,行为问题,猫咪发出呼噜声通常表示舒适、满足，但也可能是自我安抚或疼痛的表现。需要结合场景判断。（SEO：猫咪为什么呼噜呼噜？猫咪呼噜声的含义）。来源：实战经验,舒适满足、自我安抚、疼痛、沟通需求,正向呼噜：1.被抚摸时 2.吃东西时 3.睡觉时 4.表示放松和满足 自我安抚：1.紧张或害怕时 2.生病或疼痛时 3.需要安慰时 注意事项：1.如果猫咪平时不爱呼噜，突然频繁呼噜且精神萎靡，可能生病 2.呼噜声很大或异常需就医检查,无
猫咪眼屎多怎么办,健康问题,少量眼屎是正常的，但眼屎过多、颜色异常可能提示结膜炎、鼻支、异物等问题。（SEO：猫咪眼屎多怎么办？猫咪眼部护理指南）。来源：实战经验,眼部感染、鼻支、灰尘刺激、倒睫、泪管堵塞,少量透明/淡黄色眼屎：1.用生理盐水或专用湿巾轻轻擦拭 2.保持眼部清洁 眼屎过多或异常颜色：1.黄色/绿色可能感染 2.红色可能炎症 3.眼睛红肿需就医 治疗：托百士妥布霉素滴眼液（眼炎红肿） 注意事项：1.不要用手直接触碰眼睛 2.擦拭时从内眼角向外 3.两只猫分开用品避免交叉感染,生理盐水；托百士妥布霉素滴眼液；猫咪专用湿巾
猫咪耳朵脏怎么办,健康问题,猫咪耳朵有少量污垢是正常的，但耳朵过脏、有异味可能提示耳螨、真菌感染等问题。（SEO：猫咪耳朵脏怎么办？猫咪耳部清洁和耳螨治疗）。来源：实战经验,耳螨、真菌感染、耳屎堆积、潮湿环境,正常清洁：1.用生理盐水或专用洗耳液 2.用棉球轻轻擦拭外耳 3.不要深入耳道 耳螨症状：1.黑色颗粒状分泌物 2.耳朵瘙痒频繁抓挠 3.有异味 4.需要使用耳螨药治疗 预防：1.保持环境干燥 2.定期检查耳朵 3.多猫家庭隔离感染猫,生理盐水；专用洗耳液；棉球
猫咪黑下巴怎么办,健康问题,黑下巴通常是毛囊炎，由内分泌、不洁食碗、压力等原因引起。（SEO：猫咪黑下巴怎么办？猫咪毛囊炎治疗和预防）。来源：实战经验,毛囊炎、内分泌、食碗不洁、压力、免疫力下降,轻微黑下巴：1.每天用生理盐水擦拭 2.更换陶瓷/不锈钢食碗（避免塑料） 3.保持食碗清洁 4.调整饮食，减少油腻食物 严重黑下巴：1.使用专用洗必泰 2.可能需要抗生素治疗（遵医嘱） 3.检查是否有内分泌问题 预防：1.每天清洁食碗 2.定期梳毛清洁皮肤 3.减少压力,生理盐水；陶瓷碗；不锈钢碗
猫咪为什么会踩奶,行为问题,踩奶是猫咪回到幼年时期的行为，表示舒适、安全和满足。这是天生的本能行为。（SEO：猫咪为什么会踩奶？猫咪踩奶行为解读）。来源：实战经验,幼年记忆、舒适安全、满足感、标记领地,踩奶的含义：1.表示极度舒适和放松 2.对主人有安全感和依恋 3.幼年吸奶的行为延续 注意事项：1.这是正常行为，无需阻止 2.可以轻轻抚摸配合 3.踩奶时可能发出呼噜声 4.有些猫踩奶时会抓东西，可以用毯子垫着 5.享受猫咪的喜爱表现,无
猫咪能吃人类食物吗,健康问题,部分人类食物对猫咪是安全的，但很多食物有毒或不适。需要了解哪些可以吃，哪些绝对禁止。（SEO：猫咪能吃人类食物吗？猫咪饮食禁忌和安全食物）。来源：实战经验,消化系统差异、毒性成分、营养需求、食物禁忌,可以适量吃： 煮熟的鸡肉、牛肉（无盐无调料） 煮熟的鸡蛋黄 少量南瓜（便秘时） 绝对禁止： 巧克力、咖啡、茶（咖啡因） 洋葱、大蒜、韭菜（溶血性贫血） 葡萄、葡萄干（肾衰竭） 木糖醇（严重中毒） 牛奶（乳糖不耐受） 骨头（刺伤肠胃） 注意事项：1.人类食物只能作为零食 2.不能超过总饮食的10% 3.避免含盐、糖、调料的食物,无
猫咪应该打什么疫苗,健康问题,猫咪需要定期接种疫苗预防致命疾病。核心疫苗包括猫三联和狂犬疫苗。（SEO：猫咪应该打什么疫苗？猫咪疫苗接种指南）。来源：实战经验,病毒感染、预防疾病、公共卫生、猫咪健康,核心疫苗： 猫三联（FVRCP）：预防猫瘟、猫鼻支、猫杯状病毒 狂犬疫苗：预防狂犬病 接种计划： 幼猫：6-8周开始首针，每3-4周一次，共3-4针 成年猫：每年加强一次 注意事项：1.健康状态下接种 2.接种后观察是否有不良反应 3.接种后7天内避免洗澡、外出 4.选择正规宠物医院,无
猫咪挑食怎么办,行为问题,猫咪挑食可能是由多种原因造成的：猫粮问题、健康问题、行为习惯等。需要分情况处理。（SEO：猫咪挑食怎么办？纠正猫咪挑食习惯的方法）。来源：实战经验,食物偏好、健康问题、行为习惯、过度喂零食,猫粮问题：1.检查猫粮是否新鲜 2.尝试不同品牌/口味 3.避免频繁换粮 行为习惯：1.定时喂食，不吃就收走 2.减少零食喂食 3.不要过度关注猫咪吃饭 健康问题：1.口腔问题（口炎、牙结石） 2.嗅觉下降 3.生病导致食欲不振 注意事项：1.猫咪可以忍受饥饿，不要过度担心 2.超过3天不进食需就医（脂肪肝风险）,猫粮
猫咪怎么给猫砂盆除臭,护理问题,猫砂盆异味会影响猫咪使用意愿，也会影响家庭环境。需要选择合适的猫砂和清洁方法。（SEO：猫咪怎么给猫砂盆除臭？猫砂除臭方法和技巧）。来源：实战经验,异味堆积、细菌滋生、猫砂选择、清洁频率,猫砂选择：1.豆腐砂（除臭效果好，可冲厕所） 2.矿砂（结团好，除臭佳） 3.木薯砂（天然环保） 除臭方法：1.每天铲屎 2.每周彻底更换猫砂 3.定期清洗猫砂盆 4.使用除臭喷剂 5.猫砂盆放在通风位置 6.多猫家庭增加猫砂盆数量 实用配方：豆腐砂3-4包打底+上面一层矿砂，又除臭又结团，能用一个月,豆腐砂；矿砂；猫砂盆；除臭喷剂
猫咪去猫尿味用什么,护理问题,猫尿味难以清除，普通清洁剂效果不佳。需要使用专门的配方分解尿味分子。（SEO：猫咪去猫尿味用什么？去猫尿配方和使用方法）。来源：实战经验,尿液成分、气味分子、细菌滋生、标记行为,去猫尿配方： 过氧化氢+小苏打+洗洁精 注意：不要加水！！！ 使用方法：1.将材料溶解 2.放入喷壶 3.喷在尿过的地方 4.静置15-30分钟 5.用纸巾或布擦干 6.重复直到味道消除 作用原理：过氧化氢分解尿液成分，小苏打中和异味，洗洁精帮助清洁 注意事项：1.先在不显眼处测试 2.避免直接阳光暴晒 3.彻底清除气味防止猫咪再次尿在同一位置,过氧化氢；小苏打；洗洁精；喷壶
猫咪需要补充营养品吗,健康问题,健康的猫咪吃均衡的猫粮不需要额外补充营养品。但在特殊情况下（幼猫、生病、老年猫）可能需要补充。（SEO：猫咪需要补充营养品吗？猫咪营养品使用指南）。来源：实战经验,营养均衡、特殊需求、疾病预防、年龄因素,通常不需要补充： 均衡的优质猫粮已包含所需营养 可能需要补充的情况： 1.幼猫：乳铁蛋白提高免疫力 2.换毛期：鱼油改善毛质 3.泌尿问题：泌尿健康猫粮 4.关节问题：软骨素（老年猫/矮脚猫） 5.绝育后：营养膏恢复体质 6.贫血：补血肝精 7.猫藓：维生素补充 注意事项：1.不要盲目补充 2.咨询兽医建议 3.选择宠物专用品牌 4.注意剂量和使用方法,鱼油；乳铁蛋白；营养膏；软骨素；维生素
猫咪应该怎么抱,护理问题,正确抱猫可以让猫咪感到安全，也能防止被抓伤。错误的方法可能导致猫咪挣扎和受伤。（SEO：猫咪应该怎么抱？正确抱猫的方法和技巧）。来源：实战经验,安全感、舒适度、控制力度、避免挣扎,正确抱猫方法：1.一只手托住胸部 2.另一只手托住臀部 3.让猫咪四脚有支撑感 4.贴近身体让猫有安全感 抱猫禁忌：1.不要只抓前腿或后颈皮 2.不要抱太紧让猫不适 3.避免突然抱起或放下 4.幼猫可以轻柔抱起，成猫需要支撑 5.挣扎的猫立即放下 注意事项：1.先让猫闻你的手 2.从侧面或后面接近 3.配合猫咪的意愿 4.不愿意抱的猫不要勉强,无
猫咪怎么建立信任,护理问题,建立信任需要时间和耐心，特别是对流浪猫或受过创伤的猫。需要用正确的方法循序渐进。（SEO：猫咪怎么建立信任？和猫咪建立感情的方法）。来源：实战经验,创伤经历、性格差异、信任建立、互动方式,建立信任的方法：1.给足空间，不要强迫接触 2.定时喂食建立正面联想 3.用玩具互动代替直接接触 4.轻声说话，避免大声喧哗 5.坐在地上降低高度，减少压迫感 6.伸出手让猫主动闻 7.成功后给零食奖励 8.慢慢增加身体接触时间 注意事项：1.不要直视猫咪眼睛（视为威胁） 2.不要强行抱猫 3.尊重猫咪的边界 4.每天固定时间互动,猫条；零食；玩具
猫咪搬家后不适应怎么办,护理问题,搬家对猫咪来说是巨大的压力源，可能出现应激反应。需要帮助猫咪尽快适应新环境。（SEO：猫咪搬家后不适应怎么办？帮助猫咪适应搬家）。来源：实战经验,环境变化、应激反应、气味变化、安全感缺失,搬家适应方法：1.先在一个小房间安置猫咪 2.放置熟悉的物品（旧窝、玩具） 3.保持原作息和喂食时间 4.不要立即介绍新环境 5.逐渐开放活动空间 6.多陪伴安抚 7.使用费洛蒙缓解压力 注意事项：1.搬家前几天就开始准备 2.运输时使用航空箱 3.避免在搬家时引入新猫 4.观察猫咪饮食和如厕情况 5.严重的应激需要就医,航空箱；猫窝；玩具；费洛蒙
猫咪半夜跑酷怎么办,行为问题,行为说明：是正常行为；频率：经常,晨昏型动物天性、精力过剩、捕猎本能、无聊,1.睡前陪玩15-30分钟消耗精力 2.使用逗猫棒、自动球等玩具 3.白天多互动减少睡觉时间 4.提供猫爬架、猫抓板等消耗精力的设施 5.幼猫随年龄增长会逐渐改善 6.避免在跑酷时追逐猫咪,
猫咪踩奶怎么办,行为问题,行为说明：是正常行为；频率：经常,幼年记忆、舒适安全、满足感、标记领地,1.这是正常行为，无需阻止 2.可以轻轻抚摸配合 3.踩奶时可能发出呼噜声 4.有些猫踩奶时会抓东西，可以用毯子垫着 5.享受猫咪的喜爱表现,
猫咪翻肚皮怎么办,行为问题,行为说明：是正常行为（需结合肢体语言判断）；频率：偶尔,信任表现、玩耍邀请、防御姿势,信任表现：1.眼睛半眯或缓慢眨眼 2.尾巴轻轻摆动 3.身体放松 4.可以轻轻抚摸但不要长时间摸肚子 玩耍邀请：1.前爪做抓握动作 2.眼神活跃 3.可以用玩具互动 防御姿势：1.耳朵向后贴 2.瞳孔放大 3.发出低吼声 4.不要触碰给猫空间,
猫咪呼噜呼噜怎么办,行为问题,行为说明：是正常行为（但异常呼噜需警惕）；频率：经常,舒适满足、自我安抚、疼痛、沟通需求,正向呼噜：1.被抚摸时 2.吃东西时 3.睡觉时 4.表示放松和满足 自我安抚：1.紧张或害怕时 2.生病或疼痛时 3.需要安慰时 注意事项：1.如果平时不爱呼噜突然频繁呼噜且精神萎靡可能生病 2.呼噜声很大或异常需就医检查,
猫咪不埋屎怎么办,行为问题,行为说明：不是正常行为，需要找出原因；频率：偶尔,猫砂盆不喜欢、猫砂不喜欢、关节炎疼痛、领地标记,猫砂盆问题：1.检查猫砂盆是否太脏 2.猫砂盆是否太小 3.猫砂盆位置是否太吵 猫砂问题：1.尝试不同类型的猫砂 2.猫砂厚度是否合适 健康问题：1.关节炎可能导致疼痛 2.泌尿系统问题 行为问题：1.发情期可能标记领地 2.绝育后通常改善,
猫咪乱尿怎么办,行为问题,行为说明：偶尔（需警惕）；频率：,发情、泌尿系统疾病、应激、猫砂盆问题、领地标记,发情：适龄绝育 疾病：就医检查泌尿系统 应激：减少应激源，使用费洛蒙 猫砂盆问题：清洁、位置、大小 其他：使用去猫尿配方清除气味 1.不是正常行为 2.需要找出原因 3.清除气味防止重复,
猫咪追尾巴怎么办,行为问题,行为说明：轻微是正常的，过度需警惕；频率：偶尔,无聊、自娱自乐、压力、强迫症,轻微追尾巴：1.这是正常的自娱自乐行为 2.增加玩具和互动 3.消耗精力 过度追尾巴：1.可能是压力或焦虑表现 2.需要观察其他行为 3.减少应激源 4.严重时咨询兽医,
猫咪攻击性行为怎么办,行为问题,行为说明：不是正常行为，需要找出原因；频率：偶尔,受到威胁、疼痛、恐惧、保护领地、疾病,威胁恐惧：1.不要接近，给猫空间 2.慢慢建立信任 3.减少应激 疼痛：1.检查是否有身体不适 2.就医检查 领地保护：1.多猫家庭增加资源 2.分别喂食和猫砂盆 3.绝育减少攻击性 疾病：就医检查,
猫咪突然发飙怎么办,行为问题,行为说明：部分正常（捕猎本能），但过度需注意；频率：偶尔,受到惊吓、过度兴奋、捕猎本能、压力,惊吓：1.避免突然的大动作或声音 2.慢慢接近猫咪 兴奋：1.增加日常消耗精力 2.提供玩具释放精力 压力：1.减少应激源 2.使用费洛蒙 3.增加安全感,
猫咪盯着人看怎么办,行为问题,行为说明：是正常行为；频率：经常,好奇、观察、请求关注、捕猎本能,好奇观察：这是正常的猫科动物行为，无需担心 请求关注：1.可以回应互动 2.给予关注或零食 注意事项：1.不要长时间直视猫咪眼睛（视为威胁） 2.缓慢眨眼表示友好 3.享受猫咪的关注,
猫咪舔毛过度怎么办,行为问题,行为说明：不是正常行为，需要找出原因；频率：偶尔,压力、焦虑、皮肤问题、寄生虫,压力焦虑：1.找出压力源并减少 2.使用费洛蒙 3.增加互动和安全感 皮肤问题：1.检查是否有皮肤病 2.就医检查 寄生虫：1.定期驱虫 2.检查是否有跳蚤或耳螨 注意事项：过度舔毛会导致皮肤破损,
猫咪突然躲藏怎么办,行为问题,行为说明：不是正常行为（应激或生病），需警惕；频率：偶尔,受到惊吓、生病、不适、环境变化,惊吓：1.给猫安全空间 2.不要强迫出来 3.慢慢建立信任 生病：1.观察其他症状 2.食欲和排便是否正常 3.及时就医 环境变化：1.搬家、新宠物、家具移动 2.给予适应时间 3.提供熟悉的物品,
猫咪对着物品叫怎么办,行为问题,行为说明：部分正常（发情），其他需引导；频率：偶尔,发情、看到窗外猫、无聊、寻求关注,发情：适龄绝育 窗外猫：1.使用窗帘遮挡 2.减少视觉刺激 无聊：1.增加玩具和互动 2.消耗精力 寻求关注：1.不要在叫的时候给零食 2.安静时给予奖励 3.增加日常互动,
猫咪突然攻击人怎么办,行为问题,行为说明：不是正常行为，需要找出原因；频率：偶尔（需警惕）,受到惊吓、疼痛、玩耍过度、疾病,惊吓：1.避免突然触碰 2.慢慢接近 疼痛：1.就医检查 2.触摸时注意观察反应 玩耍过度：1.使用玩具代替手 2.控制互动时间 3.不要过度刺激,
猫咪突然跑掉怎么办,行为问题,行为说明：部分正常（捕猎本能），惊吓需避免；频率：经常,受到惊吓、捕猎本能、听到声音、看到移动物体,捕猎本能：这是正常的猫科动物行为，无需担心 惊吓：1.避免突然的声音或动作 2.慢慢接近猫咪 注意事项：1.这是猫咪的生存本能 2.不要强行追赶,
猫咪一直叫怎么办,行为问题,行为说明：部分正常（发情、饥饿），其他需找出原因；频率：偶尔,发情、饥饿、生病、寻求关注、无聊,发情：适龄绝育 饥饿：1.检查是否喂食 2.定时定量喂食 生病：1.观察其他症状 2.及时就医 寻求关注：1.增加日常互动 2.不要在叫的时候奖励 无聊：1.增加玩具和活动 2.消耗精力,
猫咪突然不理人怎么办,行为问题,行为说明：部分正常（专注），其他需注意；频率：偶尔,生气、不舒服、压力、专注其他事情,生气：1.回想是否做了让猫不开心的事 2.给予空间 3.慢慢重新建立联系 不舒服：1.观察其他症状 2.就医检查 压力：1.减少应激源 2.增加安全感 3.使用费洛蒙 专注：1.可能在观察或休息 2.不要打扰,
猫咪突然变得粘人怎么办,行为问题,行为说明：部分正常（环境变化），突然变化需警惕；频率：偶尔,生病、发情、环境变化、缺乏安全感,生病：1.观察其他症状 2.食欲和排便是否正常 3.及时就医 发情：适龄绝育 环境变化：1.搬家、新宠物等 2.需要适应时间 3.给予安全感 缺乏安全感：1.增加互动和陪伴 2.使用费洛蒙,
猫咪突然变得暴躁怎么办,行为问题,行为说明：不是正常行为，需要找出原因；频率：偶尔（需警惕）,疼痛、生病、压力、发情,疼痛：1.就医检查 2.触摸时注意观察反应 生病：1.观察其他症状 2.及时就医 压力：1.减少应激源 2.使用费洛蒙 发情：适龄绝育,
猫咪对着窗户发呆怎么办,行为问题,行为说明：是正常行为；频率：经常,观察窗外、看到鸟类、无聊、发呆休息,观察窗外：这是正常的猫科动物行为，满足好奇心 无聊：1.可以增加玩具和互动 2.提供猫爬架看风景 休息：这是正常的休息行为，无需担心 注意事项：1.确保窗户安全 2.封窗防止坠落,
猫咪突然到处闻怎么办,行为问题,行为说明：是正常行为；频率：偶尔,领地标记、好奇、发现新气味、新环境,领地标记：这是正常的猫科动物行为，通过气味标记领地 好奇：满足好奇心，无需阻止 新环境：1.搬家或新物品时 2.帮助猫咪熟悉环境 注意事项：1.这是猫咪了解环境的方式 2.让猫充分探索,
猫咪突然咬人怎么办,行为问题,行为说明：不是正常行为，需要找出原因；频率：偶尔,玩耍过度、受到惊吓、疼痛、疾病,玩耍过度：1.使用玩具代替手 2.控制互动时间 3.不要过度刺激 惊吓：1.避免突然触碰 2.慢慢接近 疼痛：1.就医检查 2.触摸时注意观察反应 疾病：1.观察其他症状 2.及时就医,
猫咪突然扑咬怎么办,行为问题,行为说明：部分正常（捕猎本能），过度需纠正；频率：经常,捕猎本能、玩耍过度、看到移动物体,捕猎本能：1.这是正常的猫科动物行为 2.使用玩具代替 3.消耗精力 玩耍过度：1.控制互动时间 2.不要过度刺激 3.及时结束游戏 注意事项：1.不要用手或脚逗猫 2.引导扑咬到玩具上,
猫咪突然甩尾巴怎么办,行为问题,行为说明：部分正常（专注），烦躁需注意；频率：经常,烦躁、生气、专注、玩耍,烦躁生气：1.耳朵向后贴 2.不要接近 3.给猫空间 专注：1.可能专注于某个目标 2.不要打扰 玩耍：1.尾巴轻微摆动 2.可以互动 注意事项：尾巴动作结合其他肢体语言判断,
猫咪突然竖起尾巴怎么办,行为问题,行为说明：是正常行为；频率：经常,友好、自信、兴奋、惊讶,友好自信：1.尾巴竖起是友好的表现 2.可以回应互动 兴奋：1.可能看到喜欢的玩具或食物 2.满足猫咪的需求 惊讶：1.突然的刺激 2.观察猫咪反应 注意事项：1.竖起尾巴通常是积极的信号 2.结合其他肢体语言判断,
猫咪突然炸毛怎么办,行为问题,行为说明：不是正常行为（应激或威胁），需警惕；频率：偶尔,恐惧、受到威胁、愤怒、生病,恐惧威胁：1.立即停止接近 2.给猫空间 3.不要刺激 愤怒：1.不要接近 2.等待冷静 3.找出原因 生病：1.观察其他症状 2.及时就医 注意事项：这是猫咪的自我保护机制,
猫咪突然露爪怎么办,行为问题,行为说明：部分正常（玩耍），其他需注意；频率：偶尔,防御、玩耍、害怕、疼痛,防御：1.不要强迫接近 2.给猫空间 3.慢慢建立信任 玩耍：1.使用玩具代替手 2.控制互动强度 害怕疼痛：1.就医检查 2.触摸时注意反应 注意事项：露爪是猫咪的自我保护行为,
猫咪突然发出低吼怎么办,行为问题,行为说明：不是正常行为，需要找出原因；频率：偶尔（需警惕）,愤怒、防御、疼痛、威胁,愤怒防御：1.立即停止接近 2.给猫空间 3.不要刺激 疼痛：1.就医检查 2.不要触摸 威胁：1.可能有其他动物或威胁 2.消除威胁源 注意事项：低吼是明确的警告信号，不要忽视,
猫咪突然在地上打滚怎么办,行为问题,行为说明：部分正常（放松、玩耍），发情需注意；频率：经常,放松、发情、玩耍、抓痒,放松：1.这是放松和信任的表现 2.可以轻轻互动 发情：1.母猫发情常见行为 2.适龄绝育 玩耍：1.自娱自乐 2.可以加入互动 抓痒：1.检查是否有皮肤问题 2.观察其他症状,
猫咪突然对着墙叫怎么办,行为问题,行为说明：部分正常（捕猎），其他需警惕；频率：偶尔,看到昆虫、听到声音、压力、疾病,看到昆虫：1.这是捕猎本能 2.满足猫咪需求 听到声音：1.猫咪听觉敏锐 2.可能听到人类听不到的声音 压力：1.减少应激源 2.使用费洛蒙 疾病：1.观察其他症状 2.及时就医,
猫咪突然对着镜子叫怎么办,行为问题,行为说明：部分正常（好奇），逐渐适应；频率：偶尔,看到自己、好奇、困惑、防御,好奇困惑：1.第一次看到镜子可能困惑 2.这是正常的探索行为 防御：1.可能认为是其他猫 2.给猫适应时间 注意事项：1.大多数猫咪会逐渐适应镜子 2.这是正常的认知过程,
猫咪突然对着门叫怎么办,行为问题,行为说明：部分正常（好奇），习惯需纠正；频率：偶尔,想出去、看到外面、无聊、习惯,想出去：1.如果出门有风险不要带出 2.可以在窗户看风景 看到外面：1.看到行人或其他动物 2.这是好奇心表现 无聊：1.增加玩具和互动 2.消耗精力 习惯：1.固定时间叫可能形成习惯 2.不要在叫的时候开门,
猫咪突然对着空地叫怎么办,行为问题,行为说明：部分正常（敏锐），异常需警惕；频率：偶尔,看到东西、听到声音、幻觉、疾病,看到听到：1.猫咪听觉视觉敏锐 2.可能听到看到人类注意不到的 幻觉疾病：1.观察其他异常行为 2.及时就医 注意事项：1.大多数情况是正常的敏锐感知 2.如果伴随其他异常需就医,
猫尿味怎么去除小苏打双氧水,护理问题,猫尿异味与尿酸结晶相关，单靠香味遮盖易复发。,尿酸结晶；标记；清洁方法不当,群友配方：过氧化氢+小苏打+少量洗洁精混匀溶解后装喷壶直喷，不要额外加水；先吸干尿液再处理；不显眼处小范围测试防褪色；伴泌尿症状或反复标记问兽医,小苏打；过氧化氢；洗洁精；酶类宠物除臭剂
