"问题","分类","答案","原因","解决方法","推荐用品","SEO标题","关键词","来源","更新时间","","","","","","","","","",""
"猫咪刚到家一直躲怎么办","基础问题","猫咪进入新环境时通常会产生应激反应，这是正常行为。通常需要3-7天适应期，主人需要给足耐心和时间。","环境陌生、缺乏安全感、气味变化、对新环境的恐惧","1.给猫准备一个安静的角落，放置猫窝、猫砂盆、水碗和食物<br>2.不要强行抱猫或过度关注，让猫主动探索<br>3.保持环境安静，避免突然的大声喧哗<br>4.可以在猫躲藏的地方放一件有主人气味的旧衣服<br>5.定时添加食物和水，让猫知道这里有资源","猫窝","猫咪刚到家一直躲怎么办？新猫应激反应处理指南","新猫应激、猫咪躲着不吃饭、刚回家的猫、新猫适应期","实战经验","2026/4/2","","","","","","","","","",""
"猫咪刚到家不吃东西怎么办","健康问题","新猫到家的1-2天内不进食是常见现象，但如果超过3天需要警惕。可能是应激反应或对食物不熟悉。","应激反应、环境陌生、食物不熟悉、对新碗不适应","1.放置原来的食物（如果从别处领养可问原主人喂什么）<br>2.尝试不同类型的食物：干粮、湿粮、冻干<br>3.将食物放在猫咪躲藏的地方附近<br>4.可以用手喂食建立信任<br>5.检查水碗是否干净新鲜<br>6.如果超过3天不进食，建议就医","猫粮","猫咪刚到家不吃东西怎么办？新猫拒食解决方法","新猫不吃饭、猫咪拒食、猫咪应激不进食","实战经验","2026/4/2","","","","","","","","","",""
"猫咪一直躲着不出来怎么办","基础问题","这是猫咪的安全本能，躲在角落能让它感到更有安全感。通常在适应环境后会逐渐出来活动。","缺乏安全感、环境陌生、害怕人类、本能躲避","1.不要强行把猫拖出来<br>2.在它躲藏的地方附近放置食物和水<br>3.定时轻声呼唤，让它熟悉你的声音<br>4.用手喂食建立互动<br>5.等它主动出来时给予奖励（零食或抚摸）<br>6.耐心等待，适应期因猫而异，有的需要一周甚至更久","猫窝","猫咪一直躲着不出来怎么办？帮助新猫适应环境","猫咪不出来、猫咪躲着、新猫胆小","实战经验","2026/4/2","","","","","","","","","",""
"猫咪半夜跑酷正常吗","行为问题","这是正常行为！猫咪是晨昏型动物，夜间活跃是天性。跑酷是精力释放的表现。","晨昏型动物天性、精力过剩、捕猎本能、无聊","1.睡前陪玩15-30分钟，消耗精力<br>2.使用逗猫棒、自动球等玩具<br>3.白天多互动，减少白天睡觉时间<br>4.提供猫爬架、猫抓板等消耗精力的设施<br>5.如果是幼猫，随着年龄增长会逐渐改善<br>6.避免在跑酷时追逐猫咪，可能被认为是游戏","逗猫棒、猫爬架、自动球","猫咪半夜跑酷正常吗？原因和解决方法","猫咪跑酷、猫咪晚上不睡觉、猫咪夜间活动","实战经验","2026/4/2","","","","","","","","","",""
"猫咪拉稀怎么办","健康问题","拉稀可能由多种原因引起：换粮过快、吃坏东西、寄生虫、应激等。需要根据严重程度判断处理方式。","换粮过快、食物不耐受、寄生虫、细菌感染、应激反应","轻微拉稀：1.停止换粮或换回原来食物<br>2.喂食益生菌调理肠胃<br>3.提供充足水分防止脱水<br>4.喂食清淡食物如泡软的猫粮<br><br>严重拉稀（带血/持续超24小时）：1.立即就医<br>2.可能需要化验粪便<br>3.遵医嘱使用药物治疗","益生菌、猫粮","猫咪拉稀怎么办？猫腹泻的常见原因和解决方法","猫咪拉稀、猫腹泻、猫咪软便、猫咪肠胃不好","实战经验","2026/4/2","","","","","","","","","",""
"猫咪呕吐怎么办","健康问题","偶尔吐毛球是正常的，但频繁呕吐需要警惕。区分毛球吐出、食物呕吐、胆汁呕吐。","毛球积累、吃太快、食物不耐受、肠胃疾病、寄生虫","毛球呕吐：1.定期喂食化毛膏或化毛猫粮<br>2.增加梳毛频率减少吞入毛发<br><br>食物呕吐：1.减慢进食速度（使用慢食碗）<br>2.减少单次喂食量，增加喂食次数<br><br>频繁呕吐（超过1周/带血/精神萎靡）：1.立即就医检查<br>2.可能需要X光或超声检查","化毛膏、慢食碗、梳子","猫咪呕吐怎么办？猫呕吐的常见原因和处理方法","猫咪呕吐、猫吐毛球、猫咪频繁呕吐","实战经验","2026/4/2","","","","","","","","","",""
"猫咪不喝水怎么办","健康问题","猫咪饮水量不足容易导致泌尿系统问题。需要引导和鼓励多喝水。","天性不爱喝水、水碗不干净、水源位置不合适、生病","1.多放几个水碗在不同位置<br>2.使用自动饮水机（流动水更吸引猫）<br>3.尝试不同的水碗材质（陶瓷/不锈钢）<br>4.在水里加少量肉汤或羊奶调味<br>5.喂食湿粮补充水分<br>6.使用大口径浅水碗（胡须不触碰）<br>7.定期更换新鲜水源","自动饮水机、陶瓷碗","猫咪不喝水怎么办？增加猫咪饮水量的8个方法","猫咪不喝水、猫咪饮水量少、猫咪泌尿问题","实战经验","2026/4/2","","","","","","","","","",""
"猫咪绝育什么时候合适","健康问题","公猫6-8个月、母猫6-8个月通常适合绝育。过早可能影响发育，过晚会增加生殖疾病风险。","性成熟、发情期、生殖健康、防止意外繁殖","最佳时间：公猫6-8个月（开始发情前）<br>母猫6-8个月（第一次发情前后）<br><br>术前准备：1.禁食8小时<br>2.选择正规宠物医院<br>3.做术前体检（血常规、生化）<br><br>术后护理：1.佩戴伊丽莎白圈防止舔舐<br>2.提供安静休息环境<br>3.按医嘱喂消炎药和止痛药<br>4.7-10天后拆线（如需）","伊丽莎白圈","猫咪绝育什么时候合适？绝育年龄和护理指南","猫咪绝育、公猫绝育、母猫绝育、猫咪发情","实战经验","2026/4/2","","","","","","","","","",""
"猫咪发情有什么表现","行为问题","公猫和母猫发情表现不同，发情期猫咪情绪不稳定、食欲下降、甚至出现乱尿行为。","性成熟、激素影响、生殖本能","公猫表现：1.到处乱尿（标记领地）<br>2.半夜嚎叫<br>3.想往外跑<br>4.食欲下降<br>5.攻击性增强<br><br>母猫表现：1.频繁打滚、翘屁股<br>2.发出奇怪叫声<br>3.食欲下降<br>4.更加粘人<br>5.如果受惊可能攻击人<br><br>处理方法：1.适龄绝育是最好的解决方案<br>2.发情期多陪伴安抚<br>3.封窗防止跳楼<br>4.不要打骂猫咪","猫咪发情有什么表现？公猫母猫发情症状详解","猫咪发情、猫咪乱尿、猫咪嚎叫、公猫发情、母猫发情","实战经验","2026/4/2","","","","","","","","","","",""
"猫咪抓人咬人怎么办","行为问题","猫咪抓咬可能是玩耍行为、防御行为或攻击行为。需要区分情况并正确引导。","玩耍冲动、受到惊吓、感到威胁、过度兴奋","玩耍时咬人：1.立即停止互动，转身离开<br>2.使用玩具代替手<br>3.不要用手逗猫<br>4.每天定时消耗猫咪精力<br><br>受到惊吓咬人：1.不要强行抱猫<br>2.给猫躲避空间<br>3.慢慢建立信任<br><br>攻击行为：1.检查是否有身体不适<br>2.观察触发因素<br>3.如频繁攻击建议咨询兽医或行为专家","逗猫棒、玩具","猫咪抓人咬人怎么办？纠正猫咪攻击性行为","猫咪抓人、猫咪咬人、猫咪攻击行为、猫咪玩耍咬手","实战经验","2026/4/2","","","","","","","","","",""
"猫咪掉毛严重怎么办","护理问题","季节性掉毛是正常的，但全年大量掉毛可能需要注意营养、健康或环境问题。","季节性换毛、营养不均衡、皮肤病、压力、环境干燥","季节性掉毛：1.增加梳毛频率（每天1-2次）<br>2.使用去毛刷/粘毛器<br>3.定期洗澡（不要太频繁）<br><br>全年掉毛严重：1.检查猫粮营养是否均衡<br>2.补充鱼油改善毛质<br>3.检查是否有皮肤病（猫藓等）<br>4.调节室内湿度<br>5.观察猫咪精神状态","梳子、鱼油、粘毛器","猫咪掉毛严重怎么办？解决猫咪掉毛问题","猫咪掉毛、猫咪换毛、猫咪毛色差、猫咪皮肤问题","实战经验","2026/4/2","","","","","","","","","",""
"猫咪应该多久驱虫一次","健康问题","驱虫频率取决于猫咪是否外出、是否吃生肉、生活环境等因素。一般建议每3个月进行一次体内外驱虫。","寄生虫感染、外出接触、生肉饮食、环境卫生","体内外驱虫频率：<br>全室内猫、不喂生肉：每3-4个月一次<br>外出猫、喂生肉：每1-2个月一次<br><br>驱虫方式：<br>内驱：海乐妙等<br>外驱：大宠爱、爱沃克、福来恩等（不同品牌驱虫范围不同，建议轮换使用）<br><br>注意事项：1.按照体重选择合适剂量<br>2.幼猫2个月后可以开始驱虫<br>3.妊娠期猫咪遵医嘱","海乐妙、大宠爱、爱沃克、福来恩","猫咪应该多久驱虫一次？驱虫频率和用药推荐","猫咪驱虫、体内外驱虫、猫咪寄生虫、驱虫药推荐","实战经验","2026/4/2","","","","","","","","","",""
"猫咪怎么梳毛","护理问题","定期梳毛可以减少掉毛、防止毛球形成、增进人猫感情、检查皮肤健康状况。","预防毛球、减少掉毛、增进感情、皮肤检查","梳毛工具：<br>短毛猫：针梳+排梳<br>长毛猫：船记dl103+针梳+修眉刀（剪打结）<br><br>梳毛方法：1.顺着毛发方向轻柔梳理<br>2.从头部开始向尾部<br>3.遇到打结用手指慢慢解开或小心剪掉<br>4.每天梳5-10分钟<br>5.梳毛时检查皮肤是否有异常<br>6.给予零食奖励让猫咪建立正面联想","针梳、排梳、船记dl103","猫咪怎么梳毛？不同猫咪的梳毛方法和工具","猫咪梳毛、猫咪打结、猫咪毛球、梳毛工具","实战经验","2026/4/2","","","","","","","","","",""
"猫咪应该怎么洗澡","护理问题","健康的室内猫不需要频繁洗澡，一般1-3个月洗一次即可。过度洗澡可能破坏皮肤天然保护层。","脏了需要清洁、皮肤问题、去味、体外寄生虫","洗澡频率：健康室内猫1-3个月一次<br><br>洗澡步骤：1.准备温水（38-40度）<br>2.使用猫咪专用沐浴露<br>3.避免水进耳朵和眼睛<br>4.快速清洗和冲洗<br>5.用干毛巾吸干水分<br>6.使用吹风机低温吹干（一定要完全干透）<br><br>注意事项：1.幼猫、生病猫不宜洗澡<br>2.洗澡前剪指甲防止抓伤<br>3.冬天注意保暖<br>4.避免使用人用洗发水","猫咪专用沐浴露、吹风机、毛巾","猫咪应该怎么洗澡？猫咪洗澡步骤和注意事项","猫咪洗澡、猫咪洗澡频率、猫咪沐浴露","实战经验","2026/4/2","","","","","","","","","",""
"猫咪打喷嚏怎么办","健康问题","偶尔打喷嚏是正常的，但频繁打喷嚏可能提示呼吸道感染、过敏、异物刺激等问题。","呼吸道感染、过敏、灰尘刺激、猫鼻支、鼻涕倒流","偶尔打喷嚏：1.观察是否有其他症状<br>2.检查环境是否有灰尘/香水/刺激性气味<br>3.保持室内空气流通<br><br>频繁打喷嚏：1.检查是否有眼鼻分泌物<br>2.测量体温（正常38-39度）<br>3.如伴有食欲下降、精神萎靡需就医<br>4.可能是猫鼻支或上呼吸道感染<br><br>治疗（兽医指导）：多西环素、速诺片剂","体温计、多西环素、速诺片剂","猫咪打喷嚏怎么办？猫打喷嚏的常见原因和处理","猫咪打喷嚏、猫咪鼻支、猫咪上呼吸道感染、猫咪感冒","实战经验","2026/4/2","","","","","","","","","",""
"猫咪怎么剪指甲","护理问题","定期剪指甲可以防止抓伤人、保护家具、防止指甲过长影响走路。一般1-2周剪一次。","指甲过长、抓伤人、抓坏家具、影响走路","剪指甲步骤：1.使用猫咪专用指甲剪<br>2.选择猫咪放松的时候<br>3.轻轻按压脚垫露出指甲<br>4.只剪透明部分（避开粉色血线）<br>5.如果不小心剪到血线，用碘伏消毒<br><br>技巧：1.可以一个人抱猫，一个人剪<br>2.剪完后给零食奖励<br>3.不要一次剪完所有指甲，分多次剪<br>4.幼猫从小开始训练适应","猫咪专用指甲剪、碘伏","猫咪怎么剪指甲？猫咪剪指甲步骤和技巧","猫咪剪指甲、猫咪指甲过长、猫咪抓人","实战经验","2026/4/2","","","","","","","","","",""
"猫咪怎么换猫粮","护理问题","换粮需要循序渐进，突然更换食物会导致肠胃不适、拉稀、拒食等问题。建议7天换粮法。","肠胃敏感、食物不耐受、挑食、适应新口味","7天换粮法：<br>第1-2天：旧粮80%+新粮20%<br>第3-4天：旧粮60%+新粮40%<br>第5-6天：旧粮40%+新粮60%<br>第7天：旧粮20%+新粮80%<br>第8天：100%新粮<br><br>注意事项：1.观察便便是否正常<br>2.如果拉稀暂停换粮，恢复原饮食<br>3.不要频繁换粮<br>4.记录猫咪对新粮的接受情况","猫粮","猫咪怎么换猫粮？7天换粮法详解","猫咪换粮、换粮拉稀、猫咪挑食、7天换粮法","实战经验","2026/4/2","","","","","","","","","",""
"猫咪为什么不埋屎","行为问题","猫咪不埋屎可能有多种原因：猫砂盆问题、猫砂问题、健康问题、行为问题。","猫砂盆不喜欢、猫砂不喜欢、关节炎疼痛、领地标记","猫砂盆问题：1.检查猫砂盆是否太脏<br>2.猫砂盆是否太小<br>3.猫砂盆位置是否太吵<br><br>猫砂问题：1.尝试不同类型的猫砂<br>2.猫砂厚度是否合适<br><br>健康问题：1.关节炎可能导致疼痛<br>2.泌尿系统问题<br><br>行为问题：1.发情期可能标记领地<br>2.绝育后通常改善","猫砂盆、猫砂","猫咪为什么不埋屎？猫咪不埋屎的原因和解决方法","猫咪不埋屎、猫咪上厕所习惯、猫砂盆问题","实战经验","2026/4/2","","","","","","","","","",""
"猫咪怎么训练用猫砂盆","基础问题","大多数猫咪天生就会用猫砂盆，但幼猫和流浪猫可能需要训练。正确引导可以快速养成习惯。","天生本能、幼猫学习、流浪猫适应、环境熟悉","训练方法：1.将猫咪放入猫砂盆<br>2.用它的爪子轻轻扒猫砂<br>3.观察猫咪吃完饭后或睡醒后<br>4.在这些时候引导去猫砂盆<br>5.如果猫咪在其他地方上厕所，将便便移到猫砂盆<br>6.彻底清洁错误地点的气味<br><br>注意事项：1.猫砂盆放在安静位置<br>2.幼猫用低边猫砂盆<br>3.保持猫砂盆清洁<br>4.多猫家庭准备多个猫砂盆（猫数+1）","猫砂盆、猫砂","猫咪怎么训练用猫砂盆？猫咪如厕训练指南","猫咪用猫砂盆、幼猫训练、猫咪乱尿、猫咪乱拉","实战经验","2026/4/2","","","","","","","","","",""
"猫咪应该多久喂一次","基础问题","幼猫和成年猫的喂食频率不同。幼猫需要少食多餐，成年猫可以定时定量或自由采食。","消化能力、血糖稳定、营养需求、控制体重","幼猫（2-6个月）：每天3-4次<br>幼猫（6-12个月）：每天2-3次<br>成年猫：每天2次或自助采食<br><br>喂食方式：<br>定时定量：控制体重，避免暴饮暴食<br>自助采食：方便但容易导致肥胖<br><br>注意事项：1.观察猫咪进食量<br>2.定时清洁食碗<br>3.根据猫粮建议喂食量调整<br>4.湿粮开封后需冷藏，24小时内吃完","猫碗、猫粮","猫咪应该多久喂一次？猫咪喂食频率和份量","猫咪喂食、猫咪喂几次、幼猫喂食、猫咪控制体重","实战经验","2026/4/2","","","","","","","","","",""
"猫咪可以喝牛奶吗","健康问题","大多数猫咪成年后乳糖不耐受，喝牛奶会导致腹泻、呕吐等问题。可以选择羊奶或无乳糖牛奶。","乳糖不耐受、消化系统、肠胃敏感、腹泻风险","不可以：普通牛奶含有乳糖，猫咪难以消化<br><br>可以替代：1.专用猫奶粉（幼猫）<br>2.羊奶（无乳糖或低乳糖）<br>3.无乳糖牛奶<br>4.白开水是最好的选择<br><br>品牌推荐：麦德氏、mag、添赐力（猫用羊奶）","羊奶、专用猫奶粉","猫咪可以喝牛奶吗？猫咪饮食禁忌和替代方案","猫咪喝牛奶、猫咪乳糖不耐受、幼猫喝奶、猫咪饮食禁忌","实战经验","2026/4/2","","","","","","","","","",""
"猫咪为什么翻肚皮","行为问题","猫咪翻肚皮通常是信任的表现，但也可能是玩耍邀请或防御姿势。需要结合其他肢体语言判断。","信任表现、玩耍邀请、防御姿势、腹部舒适","信任表现：1.眼睛半眯或缓慢眨眼<br>2.尾巴轻轻摆动<br>3.身体放松<br>4.可以轻轻抚摸（但不要长时间摸肚子，多数猫不喜欢）<br><br>玩耍邀请：1.前爪做抓握动作<br>2.眼神活跃<br>3.可以用玩具互动<br><br>防御姿势：1.耳朵向后贴<br>2.瞳孔放大<br>3.发出低吼声<br>4.不要触碰，给猫空间","无","猫咪为什么翻肚皮？猫咪翻肚皮的含义解读","猫咪翻肚皮、猫咪肚皮、猫咪肢体语言、猫咪信任表现","实战经验","2026/4/2","","","","","","","","","",""
"猫咪为什么呼噜呼噜","行为问题","猫咪发出呼噜声通常表示舒适、满足，但也可能是自我安抚或疼痛的表现。需要结合场景判断。","舒适满足、自我安抚、疼痛、沟通需求","正向呼噜：1.被抚摸时<br>2.吃东西时<br>3.睡觉时<br>4.表示放松和满足<br><br>自我安抚：1.紧张或害怕时<br>2.生病或疼痛时<br>3.需要安慰时<br><br>注意事项：1.如果猫咪平时不爱呼噜，突然频繁呼噜且精神萎靡，可能生病<br>2.呼噜声很大或异常需就医检查","无","猫咪为什么呼噜呼噜？猫咪呼噜声的含义","猫咪呼噜、猫咪呼噜声、猫咪放松、猫咪生病信号","实战经验","2026/4/2","","","","","","","","","",""
"猫咪眼屎多怎么办","健康问题","少量眼屎是正常的，但眼屎过多、颜色异常可能提示结膜炎、鼻支、异物等问题。","眼部感染、鼻支、灰尘刺激、倒睫、泪管堵塞","少量透明/淡黄色眼屎：1.用生理盐水或专用湿巾轻轻擦拭<br>2.保持眼部清洁<br><br>眼屎过多或异常颜色：1.黄色/绿色可能感染<br>2.红色可能炎症<br>3.眼睛红肿需就医<br><br>治疗：托百士妥布霉素滴眼液（眼炎红肿）<br><br>注意事项：1.不要用手直接触碰眼睛<br>2.擦拭时从内眼角向外<br>3.两只猫分开用品避免交叉感染","生理盐水、托百士妥布霉素滴眼液、猫咪专用湿巾","猫咪眼屎多怎么办？猫咪眼部护理指南","猫咪眼屎多、猫咪结膜炎、猫咪眼部护理、猫咪鼻支","实战经验","2026/4/2","","","","","","","","","",""
"猫咪耳朵脏怎么办","健康问题","猫咪耳朵有少量污垢是正常的，但耳朵过脏、有异味可能提示耳螨、真菌感染等问题。","耳螨、真菌感染、耳屎堆积、潮湿环境","正常清洁：1.用生理盐水或专用洗耳液<br>2.用棉球轻轻擦拭外耳<br>3.不要深入耳道<br><br>耳螨症状：1.黑色颗粒状分泌物<br>2.耳朵瘙痒频繁抓挠<br>3.有异味<br>4.需要使用耳螨药治疗<br><br>预防：1.保持环境干燥<br>2.定期检查耳朵<br>3.多猫家庭隔离感染猫","生理盐水、专用洗耳液、棉球","猫咪耳朵脏怎么办？猫咪耳部清洁和耳螨治疗","猫咪耳朵脏、猫咪耳螨、猫咪耳朵清洁、猫咪耳朵异味","实战经验","2026/4/2","","","","","","","","","",""
"猫咪黑下巴怎么办","健康问题","黑下巴通常是毛囊炎，由内分泌、不洁食碗、压力等原因引起。","毛囊炎、内分泌、食碗不洁、压力、免疫力下降","轻微黑下巴：1.每天用生理盐水擦拭<br>2.更换陶瓷/不锈钢食碗（避免塑料）<br>3.保持食碗清洁<br>4.调整饮食，减少油腻食物<br><br>严重黑下巴：1.使用专用洗必泰<br>2.可能需要抗生素治疗（遵医嘱）<br>3.检查是否有内分泌问题<br><br>预防：1.每天清洁食碗<br>2.定期梳毛清洁皮肤<br>3.减少压力","生理盐水、陶瓷碗、不锈钢碗","猫咪黑下巴怎么办？猫咪毛囊炎治疗和预防","猫咪黑下巴、猫咪毛囊炎、猫咪下巴黑、猫咪皮肤问题","实战经验","2026/4/2","","","","","","","","","",""
"猫咪为什么会踩奶","行为问题","踩奶是猫咪回到幼年时期的行为，表示舒适、安全和满足。这是天生的本能行为。","幼年记忆、舒适安全、满足感、标记领地","踩奶的含义：1.表示极度舒适和放松<br>2.对主人有安全感和依恋<br>3.幼年吸奶的行为延续<br><br>注意事项：1.这是正常行为，无需阻止<br>2.可以轻轻抚摸配合<br>3.踩奶时可能发出呼噜声<br>4.有些猫踩奶时会抓东西，可以用毯子垫着<br>5.享受猫咪的喜爱表现","无","猫咪为什么会踩奶？猫咪踩奶行为解读","猫咪踩奶、猫咪踩奶是什么意思、猫咪行为、猫咪依恋","实战经验","2026/4/2","","","","","","","","","",""
"猫咪能吃人类食物吗","健康问题","部分人类食物对猫咪是安全的，但很多食物有毒或不适。需要了解哪些可以吃，哪些绝对禁止。","消化系统差异、毒性成分、营养需求、食物禁忌","可以适量吃：<br>煮熟的鸡肉、牛肉（无盐无调料）<br>煮熟的鸡蛋黄<br>少量南瓜（便秘时）<br><br>绝对禁止：<br>巧克力、咖啡、茶（咖啡因）<br>洋葱、大蒜、韭菜（溶血性贫血）<br>葡萄、葡萄干（肾衰竭）<br>木糖醇（严重中毒）<br>牛奶（乳糖不耐受）<br>骨头（刺伤肠胃）<br><br>注意事项：1.人类食物只能作为零食<br>2.不能超过总饮食的10%<br>3.避免含盐、糖、调料的食物","无","猫咪能吃人类食物吗？猫咪饮食禁忌和安全食物","猫咪能吃什么、猫咪不能吃什么、猫咪饮食禁忌、猫咪中毒","实战经验","2026/4/2","","","","","","","","","",""
"猫咪应该打什么疫苗","健康问题","猫咪需要定期接种疫苗预防致命疾病。核心疫苗包括猫三联和狂犬疫苗。","病毒感染、预防疾病、公共卫生、猫咪健康","核心疫苗：<br>猫三联（FVRCP）：预防猫瘟、猫鼻支、猫杯状病毒<br>狂犬疫苗：预防狂犬病<br><br>接种计划：<br>幼猫：6-8周开始首针，每3-4周一次，共3-4针<br>成年猫：每年加强一次<br><br>注意事项：1.健康状态下接种<br>2.接种后观察是否有不良反应<br>3.接种后7天内避免洗澡、外出<br>4.选择正规宠物医院","无","猫咪应该打什么疫苗？猫咪疫苗接种指南","猫咪疫苗、猫三联、狂犬疫苗、幼猫疫苗","实战经验","2026/4/2","","","","","","","","","",""
"猫咪挑食怎么办","行为问题","猫咪挑食可能是由多种原因造成的：猫粮问题、健康问题、行为习惯等。需要分情况处理。","食物偏好、健康问题、行为习惯、过度喂零食","猫粮问题：1.检查猫粮是否新鲜<br>2.尝试不同品牌/口味<br>3.避免频繁换粮<br><br>行为习惯：1.定时喂食，不吃就收走<br>2.减少零食喂食<br>3.不要过度关注猫咪吃饭<br><br>健康问题：1.口腔问题（口炎、牙结石）<br>2.嗅觉下降<br>3.生病导致食欲不振<br><br>注意事项：1.猫咪可以忍受饥饿，不要过度担心<br>2.超过3天不进食需就医（脂肪肝风险）","猫粮","猫咪挑食怎么办？纠正猫咪挑食习惯的方法","猫咪挑食、猫咪不吃饭、猫咪拒食、猫咪挑食纠正","实战经验","2026/4/2","","","","","","","","","",""
"猫咪怎么给猫砂盆除臭","护理问题","猫砂盆异味会影响猫咪使用意愿，也会影响家庭环境。需要选择合适的猫砂和清洁方法。","异味堆积、细菌滋生、猫砂选择、清洁频率","猫砂选择：1.豆腐砂（除臭效果好，可冲厕所）<br>2.矿砂（结团好，除臭佳）<br>3.木薯砂（天然环保）<br><br>除臭方法：1.每天铲屎<br>2.每周彻底更换猫砂<br>3.定期清洗猫砂盆<br>4.使用除臭喷剂<br>5.猫砂盆放在通风位置<br>6.多猫家庭增加猫砂盆数量<br><br>实用配方：豆腐砂3-4包打底+上面一层矿砂，又除臭又结团，能用一个月","豆腐砂、矿砂、猫砂盆、除臭喷剂","猫咪怎么给猫砂盆除臭？猫砂除臭方法和技巧","猫砂除臭、猫砂盆异味、猫砂选择、猫砂盆清洁","实战经验","2026/4/2","","","","","","","","","",""
"猫咪去猫尿味用什么","护理问题","猫尿味难以清除，普通清洁剂效果不佳。需要使用专门的配方分解尿味分子。","尿液成分、气味分子、细菌滋生、标记行为","去猫尿配方：<br>过氧化氢+小苏打+洗洁精<br>注意：不要加水！！！<br><br>使用方法：1.将材料溶解<br>2.放入喷壶<br>3.喷在尿过的地方<br>4.静置15-30分钟<br>5.用纸巾或布擦干<br>6.重复直到味道消除<br><br>作用原理：过氧化氢分解尿液成分，小苏打中和异味，洗洁精帮助清洁<br><br>注意事项：1.先在不显眼处测试<br>2.避免直接阳光暴晒<br>3.彻底清除气味防止猫咪再次尿在同一位置","过氧化氢、小苏打、洗洁精、喷壶","猫咪去猫尿味用什么？去猫尿配方和使用方法","去猫尿味、猫尿去除、猫咪乱尿、猫尿配方","实战经验","2026/4/2","","","","","","","","","",""
"猫咪需要补充营养品吗","健康问题","健康的猫咪吃均衡的猫粮不需要额外补充营养品。但在特殊情况下（幼猫、生病、老年猫）可能需要补充。","营养均衡、特殊需求、疾病预防、年龄因素","通常不需要补充：<br>均衡的优质猫粮已包含所需营养<br><br>可能需要补充的情况：<br>1.幼猫：乳铁蛋白提高免疫力<br>2.换毛期：鱼油改善毛质<br>3.泌尿问题：泌尿健康猫粮<br>4.关节问题：软骨素（老年猫/矮脚猫）<br>5.绝育后：营养膏恢复体质<br>6.贫血：补血肝精<br>7.猫藓：维生素补充<br><br>注意事项：1.不要盲目补充<br>2.咨询兽医建议<br>3.选择宠物专用品牌<br>4.注意剂量和使用方法","鱼油、乳铁蛋白、营养膏、软骨素、维生素","猫咪需要补充营养品吗？猫咪营养品使用指南","猫咪营养品、猫咪鱼油、猫咪维生素、猫咪补充营养","实战经验","2026/4/2","","","","","","","","","",""
"猫咪应该怎么抱","基础问题","正确抱猫可以让猫咪感到安全，也能防止被抓伤。错误的方法可能导致猫咪挣扎和受伤。","安全感、舒适度、控制力度、避免挣扎","正确抱猫方法：1.一只手托住胸部<br>2.另一只手托住臀部<br>3.让猫咪四脚有支撑感<br>4.贴近身体让猫有安全感<br><br>抱猫禁忌：1.不要只抓前腿或后颈皮<br>2.不要抱太紧让猫不适<br>3.避免突然抱起或放下<br>4.幼猫可以轻柔抱起，成猫需要支撑<br>5.挣扎的猫立即放下<br><br>注意事项：1.先让猫闻你的手<br>2.从侧面或后面接近<br>3.配合猫咪的意愿<br>4.不愿意抱的猫不要勉强","无","猫咪应该怎么抱？正确抱猫的方法和技巧","怎么抱猫、抱猫方法、猫咪抱法、抱猫姿势","实战经验","2026/4/2","","","","","","","","","",""
"猫咪怎么建立信任","基础问题","建立信任需要时间和耐心，特别是对流浪猫或受过创伤的猫。需要用正确的方法循序渐进。","创伤经历、性格差异、信任建立、互动方式","建立信任的方法：1.给足空间，不要强迫接触<br>2.定时喂食建立正面联想<br>3.用玩具互动代替直接接触<br>4.轻声说话，避免大声喧哗<br>5.坐在地上降低高度，减少压迫感<br>6.伸出手让猫主动闻<br>7.成功后给零食奖励<br>8.慢慢增加身体接触时间<br><br>注意事项：1.不要直视猫咪眼睛（视为威胁）<br>2.不要强行抱猫<br>3.尊重猫咪的边界<br>4.每天固定时间互动","猫条、零食、玩具","猫咪怎么建立信任？和猫咪建立感情的方法","猫咪建立信任、猫咪胆小、流浪猫驯化、和猫咪亲近","实战经验","2026/4/2","","","","","","","","","",""
"猫咪搬家后不适应怎么办","基础问题","搬家对猫咪来说是巨大的压力源，可能出现应激反应。需要帮助猫咪尽快适应新环境。","环境变化、应激反应、气味变化、安全感缺失","搬家适应方法：1.先在一个小房间安置猫咪<br>2.放置熟悉的物品（旧窝、玩具）<br>3.保持原作息和喂食时间<br>4.不要立即介绍新环境<br>5.逐渐开放活动空间<br>6.多陪伴安抚<br>7.使用费洛蒙缓解压力<br><br>注意事项：1.搬家前几天就开始准备<br>2.运输时使用航空箱<br>3.避免在搬家时引入新猫<br>4.观察猫咪饮食和如厕情况<br>5.严重的应激需要就医","航空箱、猫窝、玩具、费洛蒙","猫咪搬家后不适应怎么办？帮助猫咪适应搬家","猫咪搬家、猫咪应激、搬家后猫咪不吃饭、猫咪适应新环境","实战经验","2026/4/2","","","","","","","","","",""
"","","","","","","","","","","","","","","","","","","",""
"","","","","","","","","","","","","","","","","","","",""
"","","","","","","","","","","","","","","","","","","",""
"","","","","","","","","","","","","","","","","","","",""
"","","","","","","","","","","","","","","","","","","",""
"","","","","","","","","","","","","","","","","","","",""
"","","","","","","","","","","","","","","","","","","",""
"","","","","","","","","","","","","","","","","","","",""
"","","","","","","","","","","","","","","","","","","",""
"","","","","","","","","","","","","","","","","","","",""
"","","","","","","","","","","","","","","","","","","",""
"","","","","","","","","","","","","","","","","","","",""
"","","","","","","","","","","","","","","","","","","",""
"","","","","","","","","","","","","","","","","","","",""
"","","","","","","","","","","","","","","","","","","",""
"","","","","","","","","","","","","","","","","","","",""
"","","","","","","","","","","","","","","","","","","",""
"","","","","","","","","","","","","","","","","","","",""
"","","","","","","","","","","","","","","","","","","",""
"","","","","","","","","","","","","","","","","","","",""
"","","","","","","","","","","","","","","","","","","",""
"","","","","","","","","","","","","","","","","","","",""
"","","","","","","","","","","","","","","","","","","",""
"","","","","","","","","","","","","","","","","","","",""
"","","","","","","","","","","","","","","","","","","",""
"","","","","","","","","","","","","","","","","","","",""
"","","","","","","","","","","","","","","","","","","",""
"","","","","","","","","","","","","","","","","","","",""
"","","","","","","","","","","","","","","","","","","",""
"","","","","","","","","","","","","","","","","","","",""
"","","","","","","","","","","","","","","","","","","",""
"","","","","","","","","","","","","","","","","","","",""
"","","","","","","","","","","","","","","","","","","",""
"","","","","","","","","","","","","","","","","","","",""
"","","","","","","","","","","","","","","","","","","",""
"","","","","","","","","","","","","","","","","","","",""
"","","","","","","","","","","","","","","","","","","",""
"","","","","","","","","","","","","","","","","","","",""
"","","","","","","","","","","","","","","","","","","",""
"","","","","","","","","","","","","","","","","","","",""
"","","","","","","","","","","","","","","","","","","",""
"","","","","","","","","","","","","","","","","","","",""
"","","","","","","","","","","","","","","","","","","",""
"","","","","","","","","","","","","","","","","","","",""
"","","","","","","","","","","","","","","","","","","",""
"","","","","","","","","","","","","","","","","","","",""
"","","","","","","","","","","","","","","","","","","",""
"","","","","","","","","","","","","","","","","","","",""
"","","","","","","","","","","","","","","","","","","",""
"","","","","","","","","","","","","","","","","","","",""
"","","","","","","","","","","","","","","","","","","",""
"","","","","","","","","","","","","","","","","","","",""
"","","","","","","","","","","","","","","","","","","",""
"","","","","","","","","","","","","","","","","","","",""
"","","","","","","","","","","","","","","","","","","",""
"","","","","","","","","","","","","","","","","","","",""
"","","","","","","","","","","","","","","","","","","",""
"","","","","","","","","","","","","","","","","","","",""
"","","","","","","","","","","","","","","","","","","",""
"","","","","","","","","","","","","","","","","","","",""
"","","","","","","","","","","","","","","","","","","",""
"","","","","","","","","","","","","","","","","","","",""
"","","","","","","","","","","","","","","","","","","",""
"","","","","","","","","","","","","","","","","","","",""
"","","","","","","","","","","","","","","","","","","",""
"","","","","","","","","","","","","","","","","","","",""
"","","","","","","","","","","","","","","","","","","",""
"","","","","","","","","","","","","","","","","","","",""
"","","","","","","","","","","","","","","","","","","",""
"","","","","","","","","","","","","","","","","","","",""
"","","","","","","","","","","","","","","","","","","",""
"","","","","","","","","","","","","","","","","","","",""
"","","","","","","","","","","","","","","","","","","",""
"","","","","","","","","","","","","","","","","","","",""
"","","","","","","","","","","","","","","","","","","",""
"","","","","","","","","","","","","","","","","","","",""
"","","","","","","","","","","","","","","","","","","",""
"","","","","","","","","","","","","","","","","","","",""
"","","","","","","","","","","","","","","","","","","",""
"","","","","","","","","","","","","","","","","","","",""
"","","","","","","","","","","","","","","","","","","",""
"","","","","","","","","","","","","","","","","","","",""
"","","","","","","","","","","","","","","","","","","",""
"","","","","","","","","","","","","","","","","","","",""
"","","","","","","","","","","","","","","","","","","",""
"","","","","","","","","","","","","","","","","","","",""
"","","","","","","","","","","","","","","","","","","",""
"","","","","","","","","","","","","","","","","","","",""
"","","","","","","","","","","","","","","","","","","",""
"","","","","","","","","","","","","","","","","","","",""
"","","","","","","","","","","","","","","","","","","",""
"","","","","","","","","","","","","","","","","","","",""
"","","","","","","","","","","","","","","","","","","",""
"","","","","","","","","","","","","","","","","","","",""
"","","","","","","","","","","","","","","","","","","",""
"","","","","","","","","","","","","","","","","","","",""
"","","","","","","","","","","","","","","","","","","",""
"","","","","","","","","","","","","","","","","","","",""
"","","","","","","","","","","","","","","","","","","",""
"","","","","","","","","","","","","","","","","","","",""
"","","","","","","","","","","","","","","","","","","",""
"","","","","","","","","","","","","","","","","","","",""
"","","","","","","","","","","","","","","","","","","",""
"","","","","","","","","","","","","","","","","","","",""
"","","","","","","","","","","","","","","","","","","",""
"","","","","","","","","","","","","","","","","","","",""
"","","","","","","","","","","","","","","","","","","",""
"","","","","","","","","","","","","","","","","","","",""
"","","","","","","","","","","","","","","","","","","",""
"","","","","","","","","","","","","","","","","","","",""
"","","","","","","","","","","","","","","","","","","",""
"","","","","","","","","","","","","","","","","","","",""
"","","","","","","","","","","","","","","","","","","",""
"","","","","","","","","","","","","","","","","","","",""
"","","","","","","","","","","","","","","","","","","",""
"","","","","","","","","","","","","","","","","","","",""
"","","","","","","","","","","","","","","","","","","",""
"","","","","","","","","","","","","","","","","","","",""
"","","","","","","","","","","","","","","","","","","",""
"","","","","","","","","","","","","","","","","","","",""
"","","","","","","","","","","","","","","","","","","",""
"","","","","","","","","","","","","","","","","","","",""
"","","","","","","","","","","","","","","","","","","",""
"","","","","","","","","","","","","","","","","","","",""
"","","","","","","","","","","","","","","","","","","",""
"","","","","","","","","","","","","","","","","","","",""
"","","","","","","","","","","","","","","","","","","",""
"","","","","","","","","","","","","","","","","","","",""
"","","","","","","","","","","","","","","","","","","",""
"","","","","","","","","","","","","","","","","","","",""
"","","","","","","","","","","","","","","","","","","",""
"","","","","","","","","","","","","","","","","","","",""
"","","","","","","","","","","","","","","","","","","",""
"","","","","","","","","","","","","","","","","","","",""
"","","","","","","","","","","","","","","","","","","",""
"","","","","","","","","","","","","","","","","","","",""
"","","","","","","","","","","","","","","","","","","",""
"","","","","","","","","","","","","","","","","","","",""
"","","","","","","","","","","","","","","","","","","",""
"","","","","","","","","","","","","","","","","","","",""
"","","","","","","","","","","","","","","","","","","",""
"","","","","","","","","","","","","","","","","","","",""
"","","","","","","","","","","","","","","","","","","",""
"","","","","","","","","","","","","","","","","","","",""
"","","","","","","","","","","","","","","","","","","",""
"","","","","","","","","","","","","","","","","","","",""
"","","","","","","","","","","","","","","","","","","",""
"","","","","","","","","","","","","","","","","","","",""
"","","","","","","","","","","","","","","","","","","",""
"","","","","","","","","","","","","","","","","","","",""
"","","","","","","","","","","","","","","","","","","",""
"","","","","","","","","","","","","","","","","","","",""
"","","","","","","","","","","","","","","","","","","",""
"","","","","","","","","","","","","","","","","","","",""
"","","","","","","","","","","","","","","","","","","",""
"","","","","","","","","","","","","","","","","","","",""
"","","","","","","","","","","","","","","","","","","",""
"","","","","","","","","","","","","","","","","","","",""
"","","","","","","","","","","","","","","","","","","",""
"","","","","","","","","","","","","","","","","","","",""
"","","","","","","","","","","","","","","","","","","",""
"","","","","","","","","","","","","","","","","","","",""
"","","","","","","","","","","","","","","","","","","",""