"产品名称","类别","适用猫咪","价格区间","推荐理由","相关问题","购买渠道","品牌推荐","","","","","","","","","","","",""
"猫粮-主食-国产","猫粮","全阶段","中","性价比高，适合大多数猫咪，品控相对稳定","猫咪应该吃什么猫粮","淘宝/京东/拼多多","鲜朗、弗列加特、诚实一口、东边、金故、格吾安小金盾、蓝氏、网易严选","","","","","","","","","","","",""
"猫粮-主食-进口","猫粮","全阶段","高","原料优质，营养均衡，适合对品质有要求的家庭","猫咪应该吃什么猫粮","淘宝/京东","爱肯拿、渴望、百利高、法米娜、皇家、纽顿","","","","","","","","","","","",""
"猫粮-主食-幼猫专用","猫粮","幼猫","中-高","满足幼猫生长发育需求，易消化吸收","幼猫应该吃什么猫粮","淘宝/京东","皇家幼猫粮、鲜朗幼猫系列、帕特幼猫系列","","","","","","","","","","","",""
"猫粮-主食-减肥猫粮","猫粮","成猫","中-高","低脂低卡，适合需要控制体重的猫咪","猫咪减肥吃什么猫粮","淘宝/京东","美士、法米娜体重管理","","","","","","","","","","","",""
"猫粮-主食-肠胃敏感猫粮","猫粮","成猫","中-高","易消化配方，适合肠胃敏感的猫咪","猫咪肠胃不好吃什么","淘宝/京东","东边、皇家肠胃敏感粮","","","","","","","","","","","",""
"湿粮-罐头","湿粮","全阶段","中-高","补水补充蛋白质，适合不爱喝水的猫咪","猫咪不爱喝水怎么办","淘宝/京东","金故、喜崽、喵梵思、诚实一口、格吾安、添赐力、弗列加特、鲜朗、ziwi、金交、zeal、小李子、帕特","","","","","","","","","","","",""
"湿粮-猫条","湿粮","全阶段","中","作为零食奖励，建立感情","猫咪可以吃什么零食","淘宝/京东","弗列加特、鲜朗","","","","","","","","","","","",""
"零食-冻干","零食","全阶段","中-高","高蛋白低水分，适合训练和奖励","猫咪零食推荐","淘宝/京东","帕特、爱立方小鲜砖、生生不息、金故、喵梵思脆块、地狱厨房、弗列加特、VE","","","","","","","","","","","",""
"零食-冻干鸡脖","零食","全阶段","中","天然磨牙工具，帮助清洁牙齿","猫咪怎么刷牙","淘宝/京东","爱立方、喵梵思","","","","","","","","","","","",""
"猫砂-豆腐砂","猫砂","全阶段","中","可冲厕所，除臭效果好，环保","猫砂怎么选择","淘宝/京东","pidan、petshy、福丸、许翠花","","","","","","","","","","","",""
"猫砂-矿砂","猫砂","全阶段","中","结团好，除臭佳，用量省","猫砂怎么选择","淘宝/京东","哆唻咪、网易、妮可露、铁锤矿砂","","","","","","","","","","","",""
"猫砂-木薯砂","猫砂","全阶段","中","天然环保，可降解，除臭好","猫砂怎么选择","淘宝/京东","allforpaws","","","","","","","","","","","",""
"猫砂盆-封闭式","猫砂盆","全阶段","中","隐私好，减少异味，适合介意异味的家庭","猫砂盆怎么选择","淘宝/京东","各大宠物用品品牌","","","","","","","","","","","",""
"猫砂盆-不锈钢","猫砂盆","全阶段","中","耐用易清洁，不易残留异味","猫砂盆怎么选择","淘宝/京东","网易严选","","","","","","","","","","","",""
"猫砂垫-带台阶","猫砂垫","全阶段","低","带出猫砂少，容易清洁","猫砂盆周边清洁","淘宝/京东","各大宠物用品品牌","","","","","","","","","","","",""
"猫碗-陶瓷碗","猫碗","全阶段","低","不易滋生细菌，材质安全","猫咪应该用什么碗","淘宝/京东","各大宠物用品品牌","","","","","","","","","","","",""
"猫碗-水碗","猫碗","全阶段","低","大口径浅碗，胡须不触碰","猫咪不喝水怎么办","淘宝/京东","各大宠物用品品牌","","","","","","","","","","","",""
"自动饮水机","饮水设备","全阶段","中","流动水吸引猫咪，促进饮水，预防泌尿问题","猫咪不喝水怎么办","淘宝/京东","霍曼、小佩","","","","","","","","","","","",""
"自动喂食器","喂食设备","全阶段","中-高","定时定量，适合忙碌的主人，多猫家庭","猫咪应该多久喂一次","淘宝/京东","霍曼（可改成双碗）","","","","","","","","","","","",""
"猫抓板-立式","玩具","全阶段","低","满足磨爪需求，保护家具","猫咪抓家具怎么办","淘宝/京东","各大宠物用品品牌","","","","","","","","","","","",""
"猫抓板-猫屋","玩具","全阶段","中","磨爪+休息双功能","猫咪磨爪怎么办","淘宝/京东","各大宠物用品品牌","","","","","","","","","","","",""
"猫爬架","玩具","全阶段","中-高","满足攀爬和运动需求，消耗精力","猫咪半夜跑酷怎么办","淘宝/京东","各大宠物用品品牌","","","","","","","","","","","",""
"逗猫棒","玩具","全阶段","低","增加互动，消耗精力","怎么和猫咪玩耍","淘宝/京东","各大宠物用品品牌","","","","","","","","","","","",""
"自动球","玩具","全阶段","低","自动运动，适合猫咪独自玩耍","猫咪独自在家怎么玩","淘宝/京东","各大宠物用品品牌","","","","","","","","","","","",""
"飞盘","玩具","全阶段","低","训练追逐能力","怎么和猫咪玩耍","淘宝/京东","各大宠物用品品牌","","","","","","","","","","","",""
"猫薄荷响纸玩具","玩具","全阶段","低","吸引猫咪兴趣，增加娱乐","猫咪不爱玩玩具怎么办","淘宝/京东","各大宠物用品品牌","","","","","","","","","","","",""
"大木天蓼","玩具","全阶段","低","强效吸引，适合挑食的猫","猫咪不爱玩玩具怎么办","淘宝/京东","各大宠物用品品牌","","","","","","","","","","","",""
"猫咪隧道","玩具","全阶段","低-中","满足躲藏和追逐天性","猫咪怎么消耗精力","淘宝/京东","各大宠物用品品牌","","","","","","","","","","","",""
"旋转尾巴玩具","玩具","全阶段","低","电动玩具，自动旋转吸引猫咪","猫咪玩具推荐","淘宝/京东","allforpaws","","","","","","","","","","","",""
"梳毛梳-针梳","护理用品","全阶段","低","清理浮毛，预防毛球","猫咪怎么梳毛","淘宝/京东","kingpet","","","","","","","","","","","",""
"梳毛梳-排梳","护理用品","全阶段","低","清理毛发里的脏东西","猫咪怎么梳毛","淘宝/京东","喵梵思、kingpet","","","","","","","","","","","",""
"梳毛梳-船记dl103","护理用品","长毛猫","中-高","专业梳毛工具，适合长毛猫","长毛猫怎么梳毛","淘宝/京东","船记","","","","","","","","","","","",""
"修眉刀","护理用品","长毛猫","低","剪除打结毛发","猫咪打结怎么办","各大商超","各大品牌","","","","","","","","","","","",""
"猫咪专用湿巾","护理用品","全阶段","低","日常清洁，擦屁股擦爪子","猫咪日常护理","淘宝/京东","kojima（纯水、无木糖醇）","","","","","","","","","","","",""
"猫咪免洗手套","护理用品","全阶段","低","清洁猫咪身体，避免频繁洗澡","猫咪怎么清洁","淘宝/京东","各大宠物用品品牌","","","","","","","","","","","",""
"猫咪专用指甲剪","护理用品","全阶段","低","专用设计，安全剪指甲","猫咪怎么剪指甲","淘宝/京东","各大宠物用品品牌","","","","","","","","","","","",""
"猫窝-暖屋","猫窝","冬季","低-中","保暖舒适，适合冬天","猫咪冬天怎么保暖","淘宝/京东","各大宠物用品品牌","","","","","","","","","","","",""
"猫窝-凉垫","猫窝","夏季","低","凉爽透气，适合夏天","猫咪夏天怎么降温","淘宝/京东","各大宠物用品品牌","","","","","","","","","","","",""
"猫吊床","猫窝","全阶段","低-中","悬挂设计，猫咪喜欢","猫咪喜欢什么样的窝","淘宝/京东","各大宠物用品品牌","","","","","","","","","","","",""
"猫爬架","猫窝","全阶段","中-高","多功能休息和运动场所","猫咪家具选择","淘宝/京东","各大宠物用品品牌","","","","","","","","","","","",""
"航空箱","出行用品","全阶段","中","适合平躺场景，如绝育后、长期坐车","猫咪出门怎么办","淘宝/京东","各大宠物用品品牌","","","","","","","","","","","",""
"猫包","出行用品","全阶段","低-中","方便携带，适合短途出行","猫咪出门怎么办","淘宝/京东","各大宠物用品品牌","","","","","","","","","","","",""
"猫咪牵引绳","出行用品","全阶段","低","外出训练，防止走失","猫咪可以遛吗","淘宝/京东","工字型牵引绳","","","","","","","","","","","",""
"除毛刷","清洁用品","全阶段","低","清理衣服和家具上的猫毛","家里猫毛太多怎么办","淘宝/京东","各大宠物用品品牌","","","","","","","","","","","",""
"粘毛器","清洁用品","全阶段","低","快速清理衣物上的猫毛","家里猫毛太多怎么办","各大商超","各大品牌","","","","","","","","","","","",""
"除螨仪","清洁用品","全阶段","中-高","深度清洁家居环境","家庭清洁除螨","淘宝/京东","各大品牌","","","","","","","","","","","",""
"猫咪监控","监控设备","全阶段","中-高","远程观察猫咪行为，多猫家庭必备","上班不在家猫咪怎么办","淘宝/京东","小佩（单猫视野大）、tplink（可定位行踪）","","","","","","","","","","","",""
"猫咪专用沐浴露","洗澡用品","全阶段","低","温和不刺激，适合猫咪皮肤","猫咪怎么洗澡","淘宝/京东","各大宠物用品品牌","","","","","","","","","","","",""
"吹风机","洗澡用品","全阶段","中-高","快速吹干猫咪，避免感冒","猫咪怎么洗澡","各大商超","各大品牌","","","","","","","","","","","",""
"毛巾","洗澡用品","全阶段","低","吸水性好，材质柔软","猫咪怎么洗澡","各大商超","各大品牌","","","","","","","","","","","",""
"牙刷-小头牙刷","护理用品","全阶段","低","适合猫咪口腔大小","猫咪怎么刷牙","淘宝/京东","各大宠物用品品牌","","","","","","","","","","","",""
"牙膏-宠物专用","护理用品","全阶段","低","可吞咽配方，安全无毒","猫咪怎么刷牙","淘宝/京东","petsmile","","","","","","","","","","","",""
"猫咪专用洗发水","洗澡用品","全阶段","中-高","针对不同皮肤问题","猫咪皮肤问题","淘宝/京东","各大宠物用品品牌","","","","","","","","","","","",""
"体温计","护理用品","全阶段","低","测量猫咪体温","猫咪生病怎么判断","各大药店/宠物医院","各大品牌","","","","","","","","","","","",""
"化毛膏","营养品","全阶段","中","帮助排出毛球，减少呕吐","猫咪吐毛球怎么办","淘宝/京东","vetwish、mag、红狗、卫仕","","","","","","","","","","","",""
"鱼油","营养品","全阶段","中","改善毛质，促进皮肤健康","猫咪掉毛怎么办","淘宝/京东","mag、卫仕、vetwish","","","","","","","","","","","",""
"营养膏","营养品","全阶段","中","补充营养，恢复体质","猫咪恢复期吃什么","淘宝/京东","添赐力","","","","","","","","","","","",""
"乳铁蛋白","营养品","全阶段","中","提高免疫力","猫咪免疫力低怎么办","淘宝/京东","mag、vetwish、添赐力、jarrow","","","","","","","","","","","",""
"益生菌","营养品","全阶段","低-中","调理肠胃，治疗腹泻","猫咪拉稀怎么办","淘宝/京东","mag、麦德氏、它宠","","","","","","","","","","","",""
"维生素","营养品","全阶段","中","补充维生素，促进健康","猫咪营养不良怎么办","淘宝/京东","卫仕、vetwish","","","","","","","","","","","",""
"补血肝精","营养品","全阶段","中","治疗贫血","猫咪贫血怎么办","淘宝/京东","添赐力","","","","","","","","","","","",""
"软骨素","营养品","老年猫/矮脚猫","中-高","保护关节，预防关节炎","老年猫/矮脚猫护理","淘宝/京东","mag、vetwish、麦德氏","","","","","","","","","","","",""
"生理盐水","护理用品","全阶段","低","清洁眼部、耳朵、伤口","猫咪眼部护理/耳部护理","各大药店","各大品牌","","","","","","","","","","","",""
"碘伏","护理用品","全阶段","低","外伤消毒","猫咪受伤怎么办","各大药店","各大品牌","","","","","","","","","","","",""
"洗耳液","护理用品","全阶段","中","清洁耳朵，预防耳螨","猫咪耳朵脏怎么办","淘宝/京东","各大宠物用品品牌","","","","","","","","","","","",""
"专用洗必泰","护理用品","全阶段","中","治疗黑下巴和毛囊炎","猫咪黑下巴怎么办","淘宝/京东","各大宠物用品品牌","","","","","","","","","","","",""
"托百士妥布霉素滴眼液","药品","全阶段","低-中","治疗眼睛发炎红肿","猫咪眼屎多怎么办","各大药店/宠物医院","各大品牌","","","","","","","","","","","",""
"海乐妙","驱虫药","全阶段","中","体内驱虫，驱除多种寄生虫","猫咪应该多久驱虫一次","各大药店/宠物医院","各大品牌","","","","","","","","","","","",""
"大宠爱","驱虫药","全阶段","中","体外驱虫，同时驱除部分体内寄生虫","猫咪应该多久驱虫一次","各大药店/宠物医院","各大品牌","","","","","","","","","","","",""
"爱沃克","驱虫药","全阶段","中","体内外同驱","猫咪应该多久驱虫一次","各大药店/宠物医院","各大品牌","","","","","","","","","","","",""
"福来恩","驱虫药","全阶段","中","体外驱虫，针对跳蚤蜱虫","猫咪应该多久驱虫一次","各大药店/宠物医院","各大品牌","","","","","","","","","","","",""
"速诺片剂50mg","药品","全阶段","中","抗生素，治疗感冒、鼻支、口腔炎症","猫咪生病怎么办","各大药店/宠物医院","各大品牌","","","","","","","","","","","",""
"多西环素","药品","全阶段","中","抗生素，治疗呼吸道感染、感冒咳嗽","猫咪打喷嚏怎么办","各大药店/宠物医院","各大品牌","","","","","","","","","","","",""
"盐酸特比萘芬喷剂","药品","全阶段","中","治疗猫藓等真菌感染","猫咪猫藓怎么办","各大药店/宠物医院","各大品牌","","","","","","","","","","","",""
"伊丽莎白圈","护理用品","全阶段","低","防止舔舐伤口","猫咪绝育后护理/猫咪受伤护理","淘宝/京东","各大宠物用品品牌","","","","","","","","","","","",""
"猫草","护理用品","全阶段","低","帮助猫咪吐毛球，补充维生素","猫咪吐毛球怎么办","淘宝/京东","各大宠物用品品牌","","","","","","","","","","","",""
"漏食球","玩具","全阶段","低","增加进食难度，消耗精力","猫咪怎么消耗精力","淘宝/京东","各大宠物用品品牌","","","","","","","","","","","",""
"激光笔","玩具","全阶段","低","训练追逐能力","怎么和猫咪玩耍","各大商超","各大品牌","","","","","","","","","","","",""
"猫抓垫","玩具","全阶段","低","保护家具，满足磨爪需求","猫咪抓家具怎么办","淘宝/京东","各大宠物用品品牌","","","","","","","","","","","",""
"猫抓柱","玩具","全阶段","中-高","大尺寸磨爪设施","猫咪抓家具怎么办","淘宝/京东","各大宠物用品品牌","","","","","","","","","","","",""
"猫厕所-封闭式","猫砂盆","全阶段","中","隐私好，减少异味","猫砂盆怎么选择","淘宝/京东","各大宠物用品品牌","","","","","","","","","","","",""
"猫厕所-顶入式","猫砂盆","全阶段","中-高","减少带出猫砂，私密性好","猫砂盆怎么选择","淘宝/京东","各大宠物用品品牌","","","","","","","","","","","",""
"猫砂铲","猫砂盆配件","全阶段","低","清理猫砂盆","猫砂盆清洁","淘宝/京东","各大宠物用品品牌","","","","","","","","","","","",""
"猫粮储存桶","储存用品","全阶段","低-中","保持猫粮新鲜，防潮防虫","猫粮怎么保存","淘宝/京东","各大宠物用品品牌","","","","","","","","","","","",""
"猫咪湿纸巾","护理用品","全阶段","低","日常清洁","猫咪日常护理","淘宝/京东","各大宠物用品品牌","","","","","","","","","","","",""
"猫咪尿垫","猫砂盆配件","全阶段","低","垫在猫砂盆下，保持清洁","猫砂盆周边清洁","淘宝/京东","各大宠物用品品牌","","","","","","","","","","","",""
"猫咪指甲锉","护理用品","全阶段","低","修剪指甲后打磨，防止抓伤","猫咪怎么剪指甲","淘宝/京东","各大宠物用品品牌","","","","","","","","","","","",""
"猫咪剃毛器","护理用品","长毛猫","中-高","打结严重时剃毛","长毛猫打结怎么办","淘宝/京东","各大宠物用品品牌","","","","","","","","","","","",""
"猫咪围嘴","护理用品","全阶段","低","吃东西时保持清洁","猫咪吃东西脏怎么办","淘宝/京东","各大宠物用品品牌","","","","","","","","","","","",""
"猫咪拖鞋","护理用品","全阶段","低","清洁爪子","猫咪爪子脏怎么办","淘宝/京东","各大宠物用品品牌","","","","","","","","","","","",""
"猫咪手套-洗澡用","洗澡用品","全阶段","低","洗澡时固定猫咪","猫咪怎么洗澡","淘宝/京东","各大宠物用品品牌","","","","","","","","","","","",""
"猫咪吸水毛巾","洗澡用品","全阶段","低","快速吸干毛发","猫咪怎么洗澡","淘宝/京东","各大宠物用品品牌","","","","","","","","","","","",""
"猫咪烘干箱","洗澡用品","全阶段","高","快速烘干，方便省力","猫咪怎么洗澡","淘宝/京东","各大宠物用品品牌","","","","","","","","","","","",""
"猫咪太空舱","玩具","全阶段","中-高","观察和休息双功能","猫咪玩具推荐","淘宝/京东","各大宠物用品品牌","","","","","","","","","","","",""
"猫咪吊床-窗户","猫窝","全阶段","中-高","悬挂在窗户，晒太阳休息","猫咪喜欢什么样的窝","淘宝/京东","各大宠物用品品牌","","","","","","","","","","","",""
"猫咪跳台","玩具","全阶段","中-高","攀爬运动设施","猫咪怎么消耗精力","淘宝/京东","各大宠物用品品牌","","","","","","","","","","","",""
"猫咪围栏","防护用品","全阶段","中","限制活动区域，保护猫咪","猫咪活动区域划分","淘宝/京东","各大宠物用品品牌","","","","","","","","","","","",""
"猫咪门","防护用品","全阶段","中","让猫咪自由进出房间","猫咪活动区域划分","淘宝/京东","各大宠物用品品牌","","","","","","","","","","","",""
"猫咪自动门","猫砂盆配件","全阶段","中-高","防止其他宠物进入猫砂盆","多猫家庭管理","淘宝/京东","各大宠物用品品牌","","","","","","","","","","","",""
"猫咪摄像头","监控设备","全阶段","中-高","远程观察猫咪行为","上班不在家猫咪怎么办","淘宝/京东","各大宠物用品品牌","","","","","","","","","","","",""
"猫咪智能喂食器","喂食设备","全阶段","中-高","定时定量，APP控制","猫咪应该多久喂一次","淘宝/京东","各大宠物用品品牌","","","","","","","","","","","",""
"猫咪智能饮水机","饮水设备","全阶段","中-高","APP控制，监测饮水量","猫咪不喝水怎么办","淘宝/京东","各大宠物用品品牌","","","","","","","","","","","",""
"猫咪智能猫砂盆","猫砂盆","全阶段","高","自动清理，减少人力","猫砂盆怎么选择","淘宝/京东","各大宠物用品品牌","","","","","","","","","","","",""
"猫咪除臭喷雾","清洁用品","全阶段","中-高","快速消除异味","猫砂盆除臭/环境除臭","淘宝/京东","各大宠物用品品牌","","","","","","","","","","","",""
"猫咪空气净化器","清洁用品","全阶段","高","净化空气，减少异味和毛絮","家庭环境改善","淘宝/京东","各大品牌","","","","","","","","","","","",""
"猫咪吸尘器","清洁用品","全阶段","高","强力清洁猫毛","家里猫毛太多怎么办","淘宝/京东","各大品牌","","","","","","","","","","","",""
"猫咪烘干箱","洗澡用品","全阶段","高","快速烘干猫咪","猫咪怎么洗澡","淘宝/京东","各大宠物用品品牌","","","","","","","","","","","",""
"猫咪美容桌","护理用品","全阶段","高","专业美容护理用","猫咪美容护理","淘宝/京东","各大宠物用品品牌","","","","","","","","","","","",""
"猫咪推车","出行用品","全阶段","中-高","外出推车，方便携带","猫咪出门怎么办","淘宝/京东","各大宠物用品品牌","","","","","","","","","","","",""
"","","","","","","","","","","","","","","","","","","",""
"","","","","","","","","","","","","","","","","","","",""
"","","","","","","","","","","","","","","","","","","",""
"","","","","","","","","","","","","","","","","","","",""
"","","","","","","","","","","","","","","","","","","",""
"","","","","","","","","","","","","","","","","","","",""
"","","","","","","","","","","","","","","","","","","",""
"","","","","","","","","","","","","","","","","","","",""
"","","","","","","","","","","","","","","","","","","",""
"","","","","","","","","","","","","","","","","","","",""
"","","","","","","","","","","","","","","","","","","",""
"","","","","","","","","","","","","","","","","","","",""
"","","","","","","","","","","","","","","","","","","",""
"","","","","","","","","","","","","","","","","","","",""
"","","","","","","","","","","","","","","","","","","",""
"","","","","","","","","","","","","","","","","","","",""
"","","","","","","","","","","","","","","","","","","",""
"","","","","","","","","","","","","","","","","","","",""
"","","","","","","","","","","","","","","","","","","",""
"","","","","","","","","","","","","","","","","","","",""
"","","","","","","","","","","","","","","","","","","",""
"","","","","","","","","","","","","","","","","","","",""
"","","","","","","","","","","","","","","","","","","",""
"","","","","","","","","","","","","","","","","","","",""
"","","","","","","","","","","","","","","","","","","",""
"","","","","","","","","","","","","","","","","","","",""
"","","","","","","","","","","","","","","","","","","",""
"","","","","","","","","","","","","","","","","","","",""
"","","","","","","","","","","","","","","","","","","",""
"","","","","","","","","","","","","","","","","","","",""
"","","","","","","","","","","","","","","","","","","",""
"","","","","","","","","","","","","","","","","","","",""
"","","","","","","","","","","","","","","","","","","",""
"","","","","","","","","","","","","","","","","","","",""
"","","","","","","","","","","","","","","","","","","",""
"","","","","","","","","","","","","","","","","","","",""
"","","","","","","","","","","","","","","","","","","",""
"","","","","","","","","","","","","","","","","","","",""
"","","","","","","","","","","","","","","","","","","",""
"","","","","","","","","","","","","","","","","","","",""
"","","","","","","","","","","","","","","","","","","",""
"","","","","","","","","","","","","","","","","","","",""
"","","","","","","","","","","","","","","","","","","",""
"","","","","","","","","","","","","","","","","","","",""
"","","","","","","","","","","","","","","","","","","",""
"","","","","","","","","","","","","","","","","","","",""
"","","","","","","","","","","","","","","","","","","",""
"","","","","","","","","","","","","","","","","","","",""
"","","","","","","","","","","","","","","","","","","",""
"","","","","","","","","","","","","","","","","","","",""
"","","","","","","","","","","","","","","","","","","",""
"","","","","","","","","","","","","","","","","","","",""
"","","","","","","","","","","","","","","","","","","",""
"","","","","","","","","","","","","","","","","","","",""
"","","","","","","","","","","","","","","","","","","",""
"","","","","","","","","","","","","","","","","","","",""
"","","","","","","","","","","","","","","","","","","",""
"","","","","","","","","","","","","","","","","","","",""
"","","","","","","","","","","","","","","","","","","",""
"","","","","","","","","","","","","","","","","","","",""
"","","","","","","","","","","","","","","","","","","",""
"","","","","","","","","","","","","","","","","","","",""
"","","","","","","","","","","","","","","","","","","",""
"","","","","","","","","","","","","","","","","","","",""
"","","","","","","","","","","","","","","","","","","",""
"","","","","","","","","","","","","","","","","","","",""
"","","","","","","","","","","","","","","","","","","",""
"","","","","","","","","","","","","","","","","","","",""
"","","","","","","","","","","","","","","","","","","",""
"","","","","","","","","","","","","","","","","","","",""
"","","","","","","","","","","","","","","","","","","",""
"","","","","","","","","","","","","","","","","","","",""
"","","","","","","","","","","","","","","","","","","",""
"","","","","","","","","","","","","","","","","","","",""
"","","","","","","","","","","","","","","","","","","",""
"","","","","","","","","","","","","","","","","","","",""
"","","","","","","","","","","","","","","","","","","",""
"","","","","","","","","","","","","","","","","","","",""
"","","","","","","","","","","","","","","","","","","",""
"","","","","","","","","","","","","","","","","","","",""
"","","","","","","","","","","","","","","","","","","",""
"","","","","","","","","","","","","","","","","","","",""
"","","","","","","","","","","","","","","","","","","",""
"","","","","","","","","","","","","","","","","","","",""
"","","","","","","","","","","","","","","","","","","",""
"","","","","","","","","","","","","","","","","","","",""
"","","","","","","","","","","","","","","","","","","",""
"","","","","","","","","","","","","","","","","","","",""
"","","","","","","","","","","","","","","","","","","",""
"","","","","","","","","","","","","","","","","","","",""